pred_prob,pred_label,target
0.40559068,0,0.0
0.4411475,0,1.0
0.40336788,0,1.0
0.3771181,0,0.0
0.402365,0,1.0
0.4224754,0,0.0
0.4331223,0,1.0
0.43759492,0,1.0
0.38496032,0,0.0
0.43999863,0,0.0
0.4079546,0,0.0
0.42597434,0,0.0
0.44465184,0,0.0
0.44179738,0,0.0
0.45221227,0,0.0
0.44378984,0,0.0
0.43530673,0,0.0
0.4426382,0,1.0
0.40747952,0,0.0
0.43534964,0,0.0
0.4182484,0,1.0
0.39056113,0,0.0
0.3710172,0,0.0
0.40106583,0,0.0
0.39794692,0,1.0
0.34452254,0,0.0
0.39359656,0,1.0
0.3529777,0,1.0
0.30019954,0,0.0
0.3681552,0,0.0
0.46703282,0,0.0
0.46150517,0,0.0
0.44021016,0,1.0
0.40175357,0,0.0
0.40740004,0,0.0
0.41553822,0,1.0
0.364425,0,0.0
0.39120448,0,1.0
0.31069762,0,1.0
0.35998246,0,1.0
0.3361242,0,0.0
0.3898898,0,1.0
0.34990206,0,1.0
0.3406586,0,1.0
0.39908466,0,0.0
0.43087792,0,1.0
0.3583115,0,1.0
0.33033237,0,1.0
0.36427546,0,0.0
0.40844065,0,0.0
0.46210322,0,1.0
0.43644655,0,1.0
0.412578,0,1.0
0.4360486,0,0.0
0.460232,0,0.0
0.37515405,0,0.0
0.4314064,0,1.0
0.38667718,0,0.0
0.4175428,0,0.0
0.4377877,0,1.0
0.35995847,0,0.0
0.3905341,0,0.0
0.4186227,0,0.0
0.44486806,0,0.0
0.42491952,0,0.0
0.44554514,0,1.0
0.42517528,0,0.0
0.44293538,0,0.0
0.41662806,0,0.0
0.40691373,0,0.0
0.38756812,0,0.0
0.41036046,0,0.0
0.4399905,0,0.0
0.41533566,0,0.0
0.4177333,0,1.0
0.39162526,0,0.0
0.40787664,0,0.0
0.46512926,0,0.0
0.43315357,0,1.0
0.3762523,0,1.0
0.32141963,0,0.0
0.41941336,0,0.0
0.3501783,0,0.0
0.34317297,0,0.0
0.36134633,0,0.0
0.4565207,0,0.0
0.4434976,0,0.0
0.44109812,0,1.0
0.39823604,0,0.0
0.45970312,0,1.0
0.39524478,0,1.0
0.3783223,0,1.0
0.378378,0,1.0
0.4114102,0,0.0
0.43512112,0,1.0
0.42103058,0,0.0
0.40556374,0,0.0
0.399908,0,0.0
0.43571934,0,0.0
0.33923107,0,0.0
0.4719219,0,1.0
0.39190972,0,0.0
0.410999,0,0.0
0.40894932,0,1.0
0.40625006,0,0.0
0.3685399,0,1.0
0.3532051,0,1.0
0.29154745,0,0.0
0.45345053,0,1.0
0.38121328,0,0.0
0.43293944,0,0.0
0.45652884,0,0.0
0.46729463,0,0.0
0.42904526,0,1.0
0.41860843,0,0.0
0.4389312,0,1.0
0.4068038,0,0.0
0.41347814,0,1.0
0.38114125,0,0.0
0.44244844,0,0.0
0.41705996,0,1.0
0.39592856,0,0.0
0.3867049,0,0.0
0.4651766,0,1.0
0.4014424,0,0.0
0.367609,0,1.0
0.375744,0,0.0
0.45447817,0,0.0
0.39964175,0,0.0
0.36828646,0,0.0
0.4045517,0,1.0
0.38429865,0,0.0
0.3997321,0,1.0
0.23696585,0,0.0
0.39572355,0,1.0
0.2987238,0,1.0
0.32836676,0,1.0
0.3932513,0,0.0
0.4064788,0,1.0
0.345876,0,0.0
0.42150903,0,0.0
0.43889064,0,1.0
0.39868116,0,1.0
0.40963015,0,1.0
0.44273606,0,0.0
0.43536282,0,1.0
0.38696525,0,1.0
0.3638902,0,0.0
0.39110684,0,0.0
0.45418873,0,1.0
0.3371716,0,0.0
0.3488754,0,1.0
0.40921864,0,1.0
0.38226753,0,0.0
0.42772707,0,0.0
0.43580624,0,1.0
0.38375315,0,1.0
0.2682099,0,0.0
0.43837595,0,1.0
0.36332166,0,0.0
0.41768068,0,1.0
0.2792252,0,0.0
0.39227793,0,1.0
0.28943962,0,1.0
0.33933473,0,0.0
0.29682508,0,0.0
0.44383803,0,1.0
0.3891163,0,0.0
0.38110206,0,1.0
0.3788863,0,0.0
0.35571617,0,1.0
0.2686714,0,1.0
0.2332709,0,1.0
0.21989481,0,1.0
0.25692606,0,0.0
0.39871484,0,1.0
0.30363145,0,1.0
0.33790654,0,0.0
0.45360383,0,0.0
0.4594432,0,1.0
0.34080482,0,0.0
0.4221536,0,0.0
0.47410056,0,1.0
0.41435578,0,0.0
0.3979111,0,0.0
0.42228308,0,1.0
0.40672252,0,0.0
0.36355624,0,0.0
0.406085,0,1.0
0.32420158,0,1.0
0.31755486,0,0.0
0.30136925,0,1.0
0.28080282,0,0.0
0.33458233,0,0.0
0.34749627,0,1.0
0.35058385,0,0.0
0.3595586,0,1.0
0.3108423,0,0.0
0.37399405,0,1.0
0.2577484,0,0.0
0.3882695,0,0.0
0.3471098,0,0.0
0.42116785,0,0.0
0.34866077,0,0.0
0.3905888,0,0.0
0.32858583,0,0.0
0.4216656,0,1.0
0.3455552,0,0.0
0.36878487,0,0.0
0.40911382,0,0.0
0.4497942,0,0.0
0.44833434,0,0.0
0.41677338,0,1.0
0.39519712,0,1.0
0.3876402,0,1.0
0.40180495,0,1.0
0.3785201,0,0.0
0.40483484,0,1.0
0.33445486,0,0.0
0.42618796,0,0.0
0.41846693,0,1.0
0.37212133,0,1.0
0.27003998,0,0.0
0.40836585,0,1.0
0.2827112,0,1.0
0.23517129,0,1.0
0.29454944,0,0.0
0.47953272,0,1.0
0.328264,0,0.0
0.3984332,0,1.0
0.3476598,0,0.0
0.4168289,0,0.0
0.44380143,0,1.0
0.42818078,0,0.0
0.41077217,0,0.0
0.4175998,0,0.0
0.44973555,0,1.0
0.40124917,0,0.0
0.43894657,0,0.0
0.42987984,0,0.0
0.4292558,0,1.0
0.4011449,0,1.0
0.40644056,0,1.0
0.36784667,0,1.0
0.3577552,0,0.0
0.39882654,0,0.0
0.3916076,0,0.0
0.4348616,0,1.0
0.39204925,0,0.0
0.43060654,0,1.0
0.3967841,0,0.0
0.3622198,0,0.0
0.44257748,0,0.0
0.4545652,0,1.0
0.39416608,0,0.0
0.44584304,0,0.0
0.46892568,0,0.0
0.38319972,0,1.0
0.40513572,0,0.0
0.4517459,0,1.0
0.3676862,0,1.0
0.2834222,0,1.0
0.33840337,0,0.0
0.4352618,0,1.0
0.3618266,0,0.0
0.35899797,0,0.0
0.4692683,0,0.0
0.46293187,0,1.0
0.40165332,0,0.0
0.42870107,0,0.0
0.4627744,0,0.0
0.4041613,0,1.0
0.3959601,0,0.0
0.42623985,0,0.0
0.47311994,0,1.0
0.42353907,0,0.0
0.42137793,0,1.0
0.4007788,0,1.0
0.43352678,0,1.0
0.3364652,0,0.0
0.46534216,0,1.0
0.40561265,0,1.0
0.3522586,0,0.0
0.37432832,0,1.0
0.4341344,0,0.0
0.35842055,0,0.0
0.36974868,0,0.0
0.43696406,0,1.0
0.3924224,0,0.0
0.4009385,0,0.0
0.3557768,0,1.0
0.34533212,0,0.0
0.35566455,0,0.0
0.4478883,0,0.0
0.43036935,0,0.0
0.39248314,0,0.0
0.39061636,0,0.0
0.4199625,0,1.0
0.2901888,0,1.0
0.123729005,0,0.0
0.35976163,0,0.0
0.438426,0,0.0
0.3786995,0,1.0
0.3703283,0,0.0
0.4320141,0,1.0
0.318624,0,1.0
0.2969556,0,0.0
0.33317432,0,1.0
0.35185978,0,1.0
0.3188204,0,0.0
0.37223274,0,0.0
0.41958123,0,0.0
0.3964325,0,1.0
0.35094473,0,0.0
0.37072414,0,0.0
0.3703908,0,1.0
0.302168,0,1.0
0.14036159,0,1.0
0.102435194,0,1.0
0.08253082,0,1.0
0.060087796,0,0.0
0.5102484,1,1.0
0.43929046,0,1.0
0.21623878,0,0.0
0.33684504,0,0.0
0.48029217,0,1.0
0.2994973,0,0.0
0.39177215,0,1.0
0.40092215,0,1.0
0.40761983,0,1.0
0.400419,0,0.0
0.37751913,0,0.0
0.44388133,0,1.0
0.40676165,0,0.0
0.44583336,0,1.0
0.45609447,0,0.0
0.4581202,0,1.0
0.3991098,0,0.0
0.4511354,0,0.0
0.44831422,0,1.0
0.42874202,0,0.0
0.41472796,0,1.0
0.39777407,0,0.0
0.44761035,0,0.0
0.41867727,0,1.0
0.3573659,0,1.0
0.35528454,0,1.0
0.37556797,0,1.0
0.37185198,0,1.0
0.38690472,0,1.0
0.39840618,0,1.0
0.39778274,0,1.0
0.35196054,0,0.0
0.4135556,0,0.0
0.43510252,0,1.0
0.4143845,0,1.0
0.429506,0,0.0
0.46694463,0,1.0
0.41650122,0,0.0
0.41284618,0,0.0
0.41628152,0,0.0
0.4490976,0,0.0
0.48044103,0,1.0
0.44687116,0,1.0
0.41081995,0,0.0
0.42901835,0,1.0
0.47058344,0,0.0
0.41273323,0,0.0
0.41284284,0,0.0
0.4506222,0,1.0
0.40115923,0,1.0
0.3911286,0,0.0
0.4477082,0,1.0
0.4162052,0,1.0
0.3790874,0,0.0
0.3868033,0,0.0
0.45148784,0,0.0
0.37059987,0,1.0
0.31526917,0,0.0
0.3358434,0,1.0
0.28712547,0,0.0
0.40624478,0,0.0
0.43448487,0,0.0
0.45495132,0,0.0
0.44901675,0,1.0
0.40660945,0,0.0
0.41790587,0,1.0
0.40291932,0,1.0
0.3329645,0,1.0
0.30146527,0,0.0
0.42794535,0,0.0
0.3899916,0,0.0
0.4033927,0,0.0
0.42800897,0,0.0
0.4676018,0,0.0
0.4646308,0,0.0
0.45303988,0,1.0
0.4113103,0,1.0
0.39521283,0,0.0
0.41939324,0,0.0
0.44365704,0,0.0
0.4576139,0,1.0
0.3760303,0,0.0
0.4204789,0,0.0
0.4445087,0,0.0
0.4345171,0,0.0
0.3880009,0,0.0
0.44025618,0,1.0
0.40279132,0,0.0
0.39687636,0,0.0
0.43551967,0,0.0
0.42780355,0,1.0
0.38411027,0,1.0
0.3958644,0,1.0
0.30664852,0,0.0
0.39411536,0,0.0
0.3443414,0,1.0
0.27523184,0,0.0
0.3819448,0,0.0
0.4421497,0,0.0
0.40714306,0,1.0
0.37437096,0,0.0
0.44743195,0,0.0
0.4417486,0,1.0
0.40241843,0,0.0
0.4399379,0,0.0
0.45102188,0,1.0
0.38506237,0,1.0
0.35951266,0,0.0
0.44766757,0,1.0
0.3670355,0,0.0
0.40838614,0,0.0
0.4335854,0,1.0
0.43614718,0,0.0
0.42068204,0,1.0
0.44055158,0,1.0
0.3715791,0,0.0
0.36490047,0,1.0
0.35036257,0,0.0
0.3870401,0,0.0
0.36832938,0,0.0
0.40802658,0,1.0
0.38208288,0,1.0
0.3974176,0,0.0
0.41174385,0,0.0
0.4339219,0,0.0
0.41605347,0,0.0
0.44641483,0,0.0
0.4328191,0,1.0
0.3891732,0,1.0
0.33489242,0,0.0
0.4078895,0,1.0
0.34473997,0,0.0
0.3654654,0,0.0
0.49381498,0,0.0
0.46571982,0,0.0
0.4500472,0,1.0
0.43541366,0,1.0
0.4115959,0,0.0
0.4425063,0,1.0
0.41114855,0,0.0
0.43279868,0,1.0
0.407304,0,1.0
0.40753046,0,1.0
0.40338084,0,0.0
0.4419119,0,1.0
0.37935627,0,1.0
0.39802706,0,0.0
0.43917578,0,1.0
0.38862076,0,0.0
0.45113868,0,1.0
0.44904435,0,0.0
0.45570853,0,0.0
0.4383112,0,1.0
0.44479954,0,0.0
0.43442997,0,0.0
0.44144425,0,0.0
0.43867135,0,0.0
0.4196789,0,1.0
0.41784218,0,1.0
0.40315259,0,0.0
0.43977612,0,0.0
0.40340656,0,1.0
0.37330866,0,1.0
0.4052035,0,0.0
0.4480977,0,0.0
0.4110173,0,0.0
0.46232364,0,0.0
0.46255362,0,1.0
0.43417683,0,0.0
0.41852915,0,1.0
0.41852587,0,0.0
0.40191573,0,0.0
0.46571338,0,0.0
0.4319055,0,1.0
0.38142544,0,1.0
0.39714402,0,1.0
0.38621286,0,0.0
0.38962147,0,0.0
0.44104645,0,0.0
0.38100663,0,1.0
0.39655578,0,0.0
0.43146962,0,1.0
0.43614125,0,1.0
0.35067394,0,0.0
0.4004304,0,1.0
0.36386853,0,0.0
0.39082235,0,0.0
0.3919767,0,1.0
0.42600563,0,1.0
0.37178564,0,0.0
0.42227986,0,0.0
0.3792346,0,0.0
0.43228891,0,0.0
0.44170088,0,0.0
0.4193922,0,0.0
0.39682165,0,1.0
0.35666126,0,0.0
0.3799849,0,1.0
0.291621,0,1.0
0.22932847,0,1.0
0.34844387,0,1.0
0.31524476,0,0.0
0.36178893,0,0.0
0.3911592,0,1.0
0.39711463,0,1.0
0.36974585,0,0.0
0.4375284,0,0.0
0.45562834,0,0.0
0.40095723,0,0.0
0.41392246,0,0.0
0.42812327,0,1.0
0.35102174,0,1.0
0.31560537,0,1.0
0.28919938,0,0.0
0.3059308,0,0.0
0.45985648,0,1.0
0.44817016,0,0.0
0.44104496,0,1.0
0.41429326,0,0.0
0.47341132,0,1.0
0.42628196,0,0.0
0.415116,0,1.0
0.40335172,0,0.0
0.45277843,0,0.0
0.36874577,0,0.0
0.36659184,0,0.0
0.37822425,0,1.0
0.3422257,0,0.0
0.40165958,0,1.0
0.37503597,0,1.0
0.3659744,0,1.0
0.33018318,0,1.0
0.37928972,0,0.0
0.2697384,0,0.0
0.30752373,0,1.0
0.32182387,0,1.0
0.2542553,0,0.0
0.3181989,0,1.0
0.3131406,0,1.0
0.27867535,0,1.0
0.26853976,0,1.0
0.2916351,0,0.0
0.37749174,0,0.0
0.42135638,0,0.0
0.448891,0,0.0
0.4691672,0,0.0
0.47196385,0,0.0
0.44963625,0,1.0
0.42162496,0,1.0
0.41745842,0,1.0
0.3925866,0,1.0
0.37935668,0,0.0
0.36557537,0,0.0
0.4417484,0,1.0
0.39378595,0,0.0
0.42350957,0,1.0
0.43008175,0,0.0
0.46097556,0,0.0
0.4073298,0,1.0
0.38968894,0,1.0
0.28922477,0,1.0
0.31764406,0,0.0
0.35778922,0,0.0
0.33477038,0,0.0
0.3384769,0,0.0
0.41364336,0,1.0
0.4511542,0,0.0
0.45657924,0,1.0
0.41975352,0,1.0
0.40053993,0,0.0
0.43913037,0,1.0
0.42159876,0,0.0
0.3858316,0,0.0
0.39499044,0,1.0
0.43505687,0,1.0
0.3303438,0,0.0
0.33227357,0,1.0
0.31628555,0,1.0
0.32856172,0,0.0
0.36145425,0,0.0
0.39318705,0,0.0
0.36449662,0,1.0
0.3405976,0,1.0
0.38330093,0,1.0
0.4290638,0,1.0
0.38186595,0,1.0
0.36897102,0,0.0
0.414214,0,0.0
0.37664828,0,1.0
0.38828203,0,1.0
0.40689036,0,1.0
0.43032017,0,1.0
0.37921083,0,1.0
0.39032874,0,1.0
0.39664817,0,0.0
0.43999714,0,1.0
0.36882743,0,0.0
0.40598074,0,1.0
0.43489033,0,1.0
0.4348371,0,0.0
0.44929272,0,1.0
0.4333641,0,0.0
0.40702716,0,1.0
0.41742077,0,0.0
0.46032262,0,0.0
0.44066685,0,0.0
0.45447674,0,1.0
0.3988741,0,0.0
0.4374387,0,0.0
0.46812296,0,1.0
0.42413983,0,0.0
0.4076342,0,1.0
0.42266718,0,0.0
0.47248158,0,1.0
0.39017558,0,0.0
0.40007845,0,1.0
0.3459608,0,0.0
0.37645125,0,0.0
0.30914152,0,1.0
0.33690754,0,1.0
0.3744436,0,1.0
0.384637,0,0.0
0.381138,0,0.0
0.41462374,0,1.0
0.39818677,0,0.0
0.4461941,0,0.0
0.46847317,0,1.0
0.4521056,0,0.0
0.41343647,0,1.0
0.4026167,0,1.0
0.38282064,0,1.0
0.3456632,0,1.0
0.3484546,0,1.0
0.33424914,0,1.0
0.36522552,0,0.0
0.33061504,0,0.0
0.38660663,0,0.0
0.3641484,0,0.0
0.35507774,0,1.0
0.2814402,0,1.0
0.26336503,0,0.0
0.23621865,0,1.0
0.17040871,0,1.0
0.24073894,0,1.0
0.35948098,0,0.0
0.36280078,0,0.0
0.36229315,0,0.0
0.37402177,0,0.0
0.4519203,0,1.0
0.3937397,0,1.0
0.41669637,0,1.0
0.44584104,0,1.0
0.4558391,0,0.0
0.49642703,0,1.0
0.1952432,0,0.0
0.43792835,0,1.0
0.44436666,0,0.0
0.47195408,0,0.0
0.44351962,0,0.0
0.4498772,0,0.0
0.44331768,0,1.0
0.4219957,0,1.0
0.41613477,0,1.0
0.43767026,0,1.0
0.44073534,0,0.0
0.39306563,0,0.0
0.4319125,0,1.0
0.39498454,0,1.0
0.41861114,0,0.0
0.44881436,0,0.0
0.47623083,0,1.0
0.4299169,0,1.0
0.43427747,0,0.0
0.45593342,0,1.0
0.40761194,0,0.0
0.4299796,0,0.0
0.4497233,0,1.0
0.40680405,0,1.0
0.40372393,0,1.0
0.432874,0,0.0
0.4106326,0,1.0
0.3906737,0,0.0
0.41191083,0,0.0
0.44266534,0,0.0
0.43614814,0,0.0
0.42396662,0,1.0
0.40949264,0,0.0
0.44569227,0,0.0
0.45116556,0,0.0
0.40839133,0,1.0
0.38122186,0,1.0
0.37192926,0,1.0
0.3412301,0,0.0
0.28994504,0,1.0
0.24623309,0,0.0
0.26721734,0,0.0
0.24494366,0,0.0
0.32963207,0,0.0
0.4584044,0,0.0
0.42905045,0,0.0
0.42828208,0,1.0
0.3222636,0,1.0
0.3231631,0,0.0
0.40426123,0,1.0
0.3652865,0,0.0
0.37872997,0,0.0
0.40888608,0,1.0
0.40334523,0,0.0
0.4573245,0,0.0
0.4497829,0,0.0
0.47918993,0,1.0
0.40795028,0,0.0
0.41312513,0,1.0
0.39953882,0,1.0
0.42749736,0,0.0
0.399004,0,1.0
0.41092953,0,1.0
0.3570906,0,0.0
0.4358317,0,0.0
0.46318078,0,1.0
0.40524063,0,1.0
0.4126327,0,1.0
0.434797,0,1.0
0.39720857,0,1.0
0.36143565,0,1.0
0.3383408,0,1.0
0.38834438,0,1.0
0.3829969,0,0.0
0.38302207,0,0.0
0.40057218,0,0.0
0.46519122,0,0.0
0.45204362,0,0.0
0.4600767,0,0.0
0.4482079,0,0.0
0.44863147,0,1.0
0.4172526,0,1.0
0.419391,0,1.0
0.44048223,0,0.0
0.46624058,0,1.0
0.41872966,0,0.0
0.41892412,0,0.0
0.4309371,0,1.0
0.40205517,0,0.0
0.43042058,0,0.0
0.42478997,0,1.0
0.34378052,0,0.0
0.386449,0,0.0
0.4455374,0,0.0
0.3662812,0,0.0
0.36918682,0,0.0
0.3751005,0,0.0
0.31114516,0,0.0
0.32481188,0,1.0
0.21880862,0,1.0
0.28319514,0,1.0
0.34576672,0,1.0
0.35780892,0,0.0
0.4026403,0,1.0
0.34052768,0,0.0
0.3926797,0,0.0
0.4272007,0,0.0
0.45374367,0,1.0
0.40896946,0,1.0
0.41809526,0,0.0
0.40684336,0,0.0
0.37439656,0,0.0
0.3663228,0,0.0
0.4049047,0,0.0
0.43044522,0,1.0
0.385323,0,0.0
0.4970579,0,1.0
0.39280418,0,0.0
0.3901413,0,1.0
0.40081295,0,1.0
0.36992776,0,1.0
0.42244813,0,1.0
0.39434904,0,0.0
0.3640233,0,0.0
0.40856978,0,0.0
0.41801167,0,0.0
0.43583864,0,0.0
0.43615353,0,0.0
0.4367004,0,0.0
0.4161911,0,0.0
0.39385808,0,0.0
0.38885236,0,0.0
0.4612087,0,1.0
0.40436447,0,0.0
0.4273902,0,1.0
0.37395665,0,0.0
0.39889765,0,1.0
0.3970362,0,1.0
0.42403048,0,0.0
0.43990794,0,1.0
0.3815787,0,1.0
0.4179069,0,1.0
0.4370968,0,0.0
0.43989348,0,0.0
0.3695145,0,0.0
0.37066823,0,0.0
0.44552487,0,1.0
0.4385318,0,1.0
0.4323193,0,0.0
0.45862827,0,0.0
0.4484422,0,0.0
0.46705922,0,1.0
0.41409948,0,1.0
0.42253804,0,0.0
0.45866662,0,1.0
0.36911663,0,1.0
0.42575565,0,1.0
0.4451289,0,0.0
0.4666153,0,0.0
0.4627303,0,0.0
0.3912325,0,1.0
0.4279242,0,0.0
0.45002094,0,0.0
0.4643151,0,1.0
0.40901485,0,0.0
0.4259995,0,0.0
0.4713655,0,1.0
0.4189216,0,0.0
0.4193301,0,0.0
0.42497018,0,0.0
0.4500039,0,0.0
0.4111369,0,0.0
0.4320138,0,0.0
0.4411406,0,0.0
0.43488798,0,1.0
0.4075891,0,1.0
0.40810376,0,1.0
0.38687244,0,1.0
0.37565067,0,1.0
0.39425725,0,1.0
0.39743236,0,0.0
0.39711323,0,0.0
0.41800824,0,0.0
0.44732353,0,1.0
0.4357885,0,1.0
0.44502276,0,0.0
0.42979252,0,0.0
0.4711402,0,0.0
0.43571746,0,1.0
0.3961039,0,1.0
0.396854,0,0.0
0.42925334,0,1.0
0.3640097,0,0.0
0.35777667,0,1.0
0.38648015,0,0.0
0.46910402,0,0.0
0.45536962,0,1.0
0.41688192,0,0.0
0.42971948,0,1.0
0.43553257,0,0.0
0.36612362,0,0.0
0.4097918,0,0.0
0.44036,0,0.0
0.40087476,0,0.0
0.3970472,0,1.0
0.35194585,0,1.0
0.31060883,0,1.0
0.31399357,0,0.0
0.3177382,0,1.0
0.29996362,0,1.0
0.22670983,0,1.0
0.27422443,0,0.0
0.35629568,0,0.0
0.36107454,0,0.0
0.42675447,0,1.0
0.32776484,0,0.0
0.3965578,0,0.0
0.40401185,0,1.0
0.28199428,0,0.0
0.2488337,0,0.0
0.33324772,0,0.0
0.30343,0,0.0
0.35340035,0,0.0
0.36090335,0,1.0
0.24667946,0,0.0
0.23073573,0,0.0
0.40660664,0,0.0
0.42754608,0,0.0
0.35430133,0,0.0
0.3589195,0,0.0
0.41417706,0,0.0
0.37386617,0,1.0
0.3066012,0,1.0
0.30409086,0,0.0
0.4520978,0,0.0
0.47668406,0,1.0
0.33192334,0,0.0
0.4020999,0,1.0
0.39269903,0,1.0
0.3918734,0,0.0
0.42174274,0,1.0
0.40645283,0,1.0
0.4019416,0,0.0
0.42182073,0,0.0
0.4078668,0,1.0
0.42085844,0,0.0
0.453326,0,0.0
0.46139318,0,1.0
0.41467118,0,1.0
0.41611162,0,0.0
0.43849117,0,0.0
0.3873762,0,1.0
0.22198541,0,0.0
0.3709965,0,0.0
0.48465487,0,0.0
0.4236099,0,0.0
0.40007016,0,0.0
0.39678484,0,0.0
0.42632818,0,0.0
0.399401,0,0.0
0.37982643,0,1.0
0.32625696,0,0.0
0.33893016,0,1.0
0.31824946,0,0.0
0.3147308,0,0.0
0.39271045,0,1.0
0.3121854,0,1.0
0.25793374,0,1.0
0.27520353,0,1.0
0.3415484,0,1.0
0.3607787,0,0.0
0.4287768,0,1.0
0.4239611,0,0.0
0.3711024,0,0.0
0.42767853,0,0.0
0.46395886,0,1.0
0.4074938,0,0.0
0.4398375,0,0.0
0.45200485,0,0.0
0.41007796,0,0.0
0.41003525,0,0.0
0.4032673,0,0.0
0.43909732,0,1.0
0.36580157,0,1.0
0.295203,0,0.0
0.3936476,0,0.0
0.4470572,0,1.0
0.3316343,0,0.0
0.33961573,0,0.0
0.38997707,0,0.0
0.4098743,0,0.0
0.3515469,0,1.0
0.28175092,0,0.0
0.2784767,0,0.0
0.2741338,0,0.0
0.4434868,0,0.0
0.3938033,0,1.0
0.28901297,0,0.0
0.385523,0,0.0
0.40290508,0,1.0
0.2904851,0,0.0
0.25219736,0,1.0
0.33659127,0,0.0
0.29199052,0,0.0
0.27151933,0,0.0
0.40497896,0,0.0
0.31088513,0,0.0
0.44143653,0,1.0
0.30773103,0,0.0
0.39093617,0,0.0
0.40804386,0,0.0
0.42205372,0,1.0
0.30912247,0,0.0
0.344705,0,0.0
0.3528044,0,0.0
0.42610005,0,1.0
0.34088853,0,0.0
0.44402155,0,0.0
0.44256178,0,0.0
0.40472606,0,0.0
0.39391026,0,1.0
0.3883853,0,1.0
0.3730715,0,0.0
0.32711366,0,0.0
0.32942125,0,0.0
0.31997967,0,1.0
0.322771,0,1.0
0.32473272,0,0.0
0.42761034,0,0.0
0.4477496,0,0.0
0.37393007,0,0.0
0.4015155,0,0.0
0.41941434,0,1.0
0.25899497,0,0.0
0.27988428,0,0.0
0.30739355,0,0.0
0.4316539,0,0.0
0.3546514,0,0.0
0.3952554,0,0.0
0.42909983,0,1.0
0.40051115,0,0.0
0.3758326,0,0.0
0.43074796,0,0.0
0.4301771,0,1.0
0.3670068,0,0.0
0.38384876,0,0.0
0.37951463,0,0.0
0.41411147,0,1.0
0.27544352,0,1.0
0.26388332,0,0.0
0.3994961,0,0.0
0.46414053,0,1.0
0.33954388,0,0.0
0.40258643,0,0.0
0.39145312,0,0.0
0.36158255,0,1.0
0.23177268,0,0.0
0.38654327,0,0.0
0.4308566,0,1.0
0.34849,0,0.0
0.2833691,0,0.0
0.40187043,0,1.0
0.30282432,0,0.0
0.31061324,0,1.0
0.20229426,0,0.0
0.3286746,0,0.0
0.27852106,0,1.0
0.3031808,0,1.0
0.27079713,0,1.0
0.35068393,0,0.0
0.30369565,0,0.0
0.32336992,0,0.0
0.28590506,0,0.0
0.31916276,0,1.0
0.29137442,0,1.0
0.22280301,0,1.0
0.2061982,0,0.0
0.3521641,0,0.0
0.36176813,0,0.0
0.35032824,0,1.0
0.2483988,0,0.0
0.39711845,0,0.0
0.30609286,0,1.0
0.23833461,0,0.0
0.26084504,0,1.0
0.21685036,0,0.0
0.3798655,0,1.0
0.2935266,0,1.0
0.27714485,0,1.0
0.23110478,0,0.0
0.310329,0,1.0
0.16976564,0,0.0
0.27316734,0,1.0
0.2167491,0,0.0
0.36784297,0,0.0
0.4195044,0,0.0
0.41604912,0,0.0
0.3340463,0,0.0
0.39317158,0,1.0
0.32744998,0,0.0
0.30586335,0,1.0
0.1966497,0,0.0
0.31815144,0,0.0
0.40702328,0,0.0
0.42723268,0,0.0
0.332883,0,0.0
0.42220736,0,0.0
0.3873384,0,1.0
0.3227894,0,0.0
0.32651418,0,0.0
0.39414868,0,0.0
0.31104678,0,1.0
0.19522376,0,1.0
0.2241001,0,0.0
0.33054927,0,0.0
0.2577361,0,0.0
0.32776597,0,0.0
0.23795271,0,1.0
0.23370191,0,0.0
0.18770258,0,0.0
0.24310529,0,0.0
0.4512047,0,1.0
0.33557525,0,0.0
0.39103508,0,0.0
0.40189722,0,0.0
0.4125579,0,0.0
0.2963626,0,1.0
0.3299212,0,1.0
0.2633111,0,0.0
0.37455,0,0.0
0.34891096,0,1.0
0.3214332,0,0.0
0.35848477,0,1.0
0.32298622,0,1.0
0.23540199,0,0.0
0.2617272,0,0.0
0.26647875,0,0.0
0.30964708,0,0.0
0.4025503,0,1.0
0.25781256,0,0.0
0.4078484,0,1.0
0.26569486,0,0.0
0.35999858,0,1.0
0.19992606,0,0.0
0.33060333,0,1.0
0.17105304,0,0.0
0.30983254,0,0.0
0.31150612,0,0.0
0.36003235,0,1.0
0.29820913,0,0.0
0.36747193,0,0.0
0.3693597,0,0.0
0.37780365,0,1.0
0.2856024,0,1.0
0.3501506,0,1.0
0.39532208,0,0.0
0.45078474,0,0.0
0.4111874,0,0.0
0.39274237,0,1.0
0.41703933,0,0.0
0.44192863,0,0.0
0.4283507,0,1.0
0.38239717,0,0.0
0.3878792,0,0.0
0.40930477,0,0.0
0.34969953,0,1.0
0.19919021,0,0.0
0.23511353,0,0.0
0.42212567,0,0.0
0.47658136,0,0.0
0.4786727,0,1.0
0.42997402,0,1.0
0.40877435,0,1.0
0.39164543,0,0.0
0.4433743,0,0.0
0.37729383,0,0.0
0.40908837,0,0.0
0.4072443,0,1.0
0.39950126,0,0.0
0.40104368,0,0.0
0.41061768,0,0.0
0.445463,0,1.0
0.39089155,0,1.0
0.39292017,0,0.0
0.39399242,0,1.0
0.4170373,0,0.0
0.3910811,0,0.0
0.4247951,0,1.0
0.3728609,0,0.0
0.42228377,0,0.0
0.4463386,0,0.0
0.3776502,0,0.0
0.4037226,0,0.0
0.40634036,0,0.0
0.3684532,0,1.0
0.25761056,0,1.0
0.20237982,0,0.0
0.33447823,0,0.0
0.31667697,0,0.0
0.4451024,0,1.0
0.274527,0,0.0
0.3864754,0,1.0
0.22291401,0,0.0
0.32749277,0,0.0
0.2703759,0,0.0
0.433267,0,1.0
0.27650476,0,0.0
0.38592553,0,1.0
0.30230206,0,0.0
0.37829018,0,0.0
0.25403315,0,1.0
0.20631975,0,1.0
0.4266924,0,0.0
0.46460357,0,1.0
0.4593198,0,0.0
0.33385155,0,0.0
0.41896752,0,0.0
0.45825565,0,0.0
0.42011562,0,1.0
0.4156091,0,1.0
0.37590897,0,0.0
0.45841697,0,0.0
0.44712028,0,0.0
0.40314803,0,0.0
0.39974332,0,1.0
0.42967126,0,0.0
0.36592236,0,0.0
0.34135744,0,1.0
0.2746746,0,0.0
0.41678455,0,1.0
0.35602957,0,0.0
0.3629194,0,0.0
0.40151027,0,0.0
0.44926974,0,0.0
0.34916046,0,0.0
0.43532354,0,0.0
0.43469894,0,1.0
0.362611,0,0.0
0.39784312,0,0.0
0.41859618,0,1.0
0.308184,0,0.0
0.4085935,0,1.0
0.32007223,0,0.0
0.34931388,0,0.0
0.25102466,0,0.0
0.3434492,0,1.0
0.24483228,0,1.0
0.26209652,0,0.0
0.28264162,0,1.0
0.32278126,0,0.0
0.3552303,0,0.0
0.43585676,0,1.0
0.40367198,0,0.0
0.42147687,0,1.0
0.44041935,0,0.0
0.4353033,0,1.0
0.37124434,0,0.0
0.4350582,0,0.0
0.42631194,0,0.0
0.4147107,0,1.0
0.37889078,0,1.0
0.37343952,0,0.0
0.31585455,0,0.0
0.2926705,0,1.0
0.21174072,0,0.0
0.24546169,0,0.0
0.26311773,0,0.0
0.23908974,0,0.0
0.22112557,0,0.0
0.1997279,0,0.0
0.33554932,0,1.0
0.18361056,0,0.0
0.2967695,0,0.0
0.3708639,0,1.0
0.2658971,0,0.0
0.29478997,0,1.0
0.27819175,0,1.0
0.1332893,0,1.0
0.278942,0,0.0
0.37816513,0,0.0
0.3524804,0,1.0
0.3725833,0,0.0
0.43247652,0,1.0
0.3729689,0,0.0
0.33308357,0,0.0
0.38510287,0,1.0
0.40095493,0,0.0
0.45987698,0,0.0
0.44619438,0,1.0
0.39153078,0,0.0
0.40053472,0,1.0
0.43581247,0,0.0
0.3414448,0,1.0
0.29292288,0,0.0
0.34102458,0,1.0
0.23711602,0,0.0
0.44155166,0,1.0
0.3464828,0,1.0
0.26721856,0,0.0
0.25172928,0,0.0
0.3678428,0,0.0
0.20559256,0,0.0
0.18502522,0,0.0
0.33902857,0,0.0
0.4621142,0,1.0
0.37780407,0,0.0
0.34413588,0,0.0
0.40100777,0,0.0
0.40256143,0,0.0
0.32010007,0,0.0
0.31197643,0,0.0
0.44684193,0,0.0
0.39353198,0,1.0
0.31611535,0,0.0
0.29027873,0,0.0
0.35333303,0,0.0
0.25771007,0,0.0
0.24628659,0,0.0
0.39568546,0,1.0
0.36268494,0,0.0
0.3514091,0,0.0
0.44178596,0,0.0
0.41946098,0,0.0
0.3375799,0,0.0
0.36632136,0,0.0
0.34483418,0,0.0
0.2606306,0,0.0
0.326738,0,0.0
0.30635822,0,0.0
0.29790914,0,0.0
0.27296543,0,1.0
0.30111197,0,1.0
0.23661314,0,1.0
0.18257357,0,0.0
0.21135221,0,0.0
0.19742507,0,0.0
0.21069625,0,0.0
0.34850618,0,0.0
0.3911645,0,1.0
0.2648345,0,0.0
0.26146743,0,0.0
0.31714904,0,0.0
0.43053722,0,0.0
0.41744444,0,0.0
0.37755454,0,0.0
0.34283167,0,0.0
0.33862215,0,0.0
0.334182,0,0.0
0.35316172,0,0.0
0.31594363,0,0.0
0.34876558,0,1.0
0.25569084,0,1.0
0.23716876,0,1.0
0.18287721,0,0.0
0.29036263,0,0.0
0.34170005,0,0.0
0.32043764,0,0.0
0.28931046,0,0.0
0.32552826,0,0.0
0.3458384,0,1.0
0.16473165,0,0.0
0.3147335,0,0.0
0.2992313,0,1.0
0.1849375,0,0.0
0.17900214,0,0.0
0.21219379,0,0.0
0.18905693,0,0.0
0.27730694,0,0.0
0.28220835,0,1.0
0.12788986,0,0.0
0.14304823,0,1.0
0.1118778,0,0.0
0.20817281,0,0.0
0.23091917,0,0.0
0.25889435,0,0.0
0.23191327,0,1.0
0.19171514,0,0.0
0.40457413,0,0.0
0.3437733,0,0.0
0.3884376,0,0.0
0.3943467,0,1.0
0.31576818,0,1.0
0.16836013,0,0.0
0.31669885,0,0.0
0.3524726,0,1.0
0.16745408,0,0.0
0.2831165,0,0.0
0.41021833,0,1.0
0.29350573,0,1.0
0.18575084,0,0.0
0.28233418,0,1.0
0.2316038,0,0.0
0.26790336,0,0.0
0.3130073,0,1.0
0.20849113,0,1.0
0.19714151,0,0.0
0.33824944,0,0.0
0.3826836,0,0.0
0.2888659,0,1.0
0.21619794,0,0.0
0.31898162,0,0.0
0.3106618,0,0.0
0.28476337,0,0.0
0.33768502,0,0.0
0.48956212,0,0.0
0.44099164,0,1.0
0.40513185,0,0.0
0.39913586,0,0.0
0.41156018,0,0.0
0.371276,0,0.0
0.38647658,0,0.0
0.41885924,0,1.0
0.3743998,0,0.0
0.38750604,0,0.0
0.41057664,0,1.0
0.40391824,0,1.0
0.3293818,0,0.0
0.38787416,0,0.0
0.45626375,0,0.0
0.47944036,0,1.0
0.41880977,0,0.0
0.41754842,0,0.0
0.40704787,0,1.0
0.3843728,0,0.0
0.3872685,0,0.0
0.41400522,0,1.0
0.4059816,0,0.0
0.43388063,0,1.0
0.39223891,0,1.0
0.38781917,0,0.0
0.4321757,0,1.0
0.41464904,0,1.0
0.3640113,0,0.0
0.41729742,0,1.0
0.3981101,0,0.0
0.31709507,0,1.0
0.26938927,0,1.0
0.30457532,0,1.0
0.27985546,0,1.0
0.33184358,0,0.0
0.39683554,0,0.0
0.32920918,0,0.0
0.34611866,0,0.0
0.30918047,0,0.0
0.41141433,0,0.0
0.26842344,0,1.0
0.112793475,0,0.0
0.32956737,0,1.0
0.27918148,0,0.0
0.309307,0,0.0
0.30915007,0,1.0
0.35199344,0,1.0
0.3131095,0,0.0
0.3983155,0,1.0
0.3392314,0,1.0
0.3035067,0,0.0
0.37316453,0,0.0
0.44955143,0,0.0
0.40085027,0,1.0
0.23271875,0,1.0
0.1901619,0,1.0
0.24271834,0,0.0
0.30633166,0,0.0
0.30014393,0,0.0
0.29266518,0,1.0
0.23241115,0,0.0
0.4316554,0,0.0
0.4488498,0,1.0
0.30153343,0,0.0
0.30665696,0,0.0
0.3801368,0,0.0
0.3338746,0,0.0
0.3971074,0,1.0
0.24376486,0,0.0
0.40783352,0,1.0
0.31267497,0,0.0
0.39191896,0,1.0
0.19708306,0,0.0
0.3927982,0,0.0
0.2696003,0,0.0
0.3941461,0,1.0
0.18571503,0,1.0
0.24725592,0,0.0
0.2751129,0,0.0
0.3072319,0,1.0
0.27578005,0,0.0
0.4114581,0,0.0
0.44637105,0,0.0
0.42720646,0,0.0
0.43060818,0,1.0
0.41301626,0,0.0
0.384152,0,1.0
0.2666567,0,0.0
0.41291204,0,1.0
0.2979108,0,1.0
0.2769534,0,0.0
0.34502903,0,1.0
0.3126405,0,0.0
0.29960677,0,1.0
0.20455335,0,0.0
0.3059799,0,0.0
0.44704112,0,1.0
0.39230898,0,1.0
0.2589367,0,0.0
0.31557032,0,0.0
0.43360576,0,0.0
0.27494803,0,1.0
0.23528974,0,0.0
0.37435636,0,0.0
0.40021852,0,0.0
0.41280684,0,1.0
0.33419976,0,0.0
0.37617305,0,1.0
0.22301349,0,0.0
0.42578602,0,0.0
0.41220576,0,0.0
0.39111647,0,0.0
0.41336733,0,0.0
0.43841055,0,0.0
0.37632897,0,1.0
0.29971963,0,1.0
0.29395604,0,0.0
0.30191642,0,1.0
0.24141374,0,0.0
0.2590794,0,0.0
0.2509005,0,0.0
0.25777704,0,1.0
0.17482007,0,1.0
0.17549433,0,0.0
0.3913023,0,1.0
0.22584768,0,1.0
0.227009,0,0.0
0.29946977,0,0.0
0.31027293,0,0.0
0.32880506,0,0.0
0.27256176,0,0.0
0.4305097,0,0.0
0.40634948,0,0.0
0.43495223,0,1.0
0.33840847,0,1.0
0.3226192,0,0.0
0.39397636,0,0.0
0.40925822,0,1.0
0.29403853,0,0.0
0.34557018,0,0.0
0.33638862,0,1.0
0.25823906,0,1.0
0.3045722,0,1.0
0.3042598,0,0.0
0.32037112,0,0.0
0.27841395,0,1.0
0.2242842,0,0.0
0.34050977,0,1.0
0.27805415,0,0.0
0.42439663,0,0.0
0.35287616,0,0.0
0.42575434,0,0.0
0.3550557,0,1.0
0.2566717,0,0.0
0.35308176,0,0.0
0.42434636,0,1.0
0.29588115,0,1.0
0.26575187,0,1.0
0.34261382,0,1.0
0.2816818,0,0.0
0.41688636,0,1.0
0.30638894,0,0.0
0.40484107,0,0.0
0.3955645,0,1.0
0.36345798,0,0.0
0.36658674,0,1.0
0.36852184,0,0.0
0.42605415,0,0.0
0.41902262,0,0.0
0.4256404,0,0.0
0.40400913,0,0.0
0.4092399,0,0.0
0.35521188,0,1.0
0.34315068,0,0.0
0.389211,0,0.0
0.3205923,0,0.0
0.3258278,0,0.0
0.37855154,0,0.0
0.3748694,0,0.0
0.31885928,0,0.0
0.26068452,0,1.0
0.14848521,0,0.0
0.2301945,0,0.0
0.29961076,0,0.0
0.27429956,0,0.0
0.29501605,0,0.0
0.31292114,0,0.0
0.3047184,0,0.0
0.30649418,0,0.0
0.32170323,0,0.0
0.3144712,0,0.0
0.32206988,0,0.0
0.2652764,0,0.0
0.35077584,0,0.0
0.4059912,0,0.0
0.32064164,0,0.0
0.3126373,0,0.0
0.3261773,0,1.0
0.17088552,0,0.0
0.20762056,0,0.0
0.25481862,0,1.0
0.23303683,0,0.0
0.3089133,0,0.0
0.44046798,0,1.0
0.3855514,0,0.0
0.4148029,0,1.0
0.41283917,0,0.0
0.43873757,0,1.0
0.34060678,0,1.0
0.35329932,0,0.0
0.41383713,0,0.0
0.41920203,0,0.0
0.30069622,0,1.0
0.236507,0,0.0
0.4267628,0,1.0
0.27649856,0,1.0
0.18761152,0,1.0
0.1826719,0,0.0
0.38041604,0,1.0
0.23279987,0,1.0
0.28050572,0,0.0
0.29283854,0,0.0
0.39859292,0,0.0
0.27074084,0,0.0
0.3445741,0,1.0
0.1951342,0,0.0
0.41285938,0,0.0
0.42948383,0,0.0
0.43649173,0,1.0
0.31635004,0,0.0
0.3925678,0,1.0
0.30059654,0,0.0
0.47757936,0,1.0
0.4087528,0,0.0
0.39674598,0,1.0
0.38627693,0,1.0
0.40502203,0,1.0
0.41035002,0,0.0
0.43136117,0,0.0
0.43353397,0,0.0
0.393643,0,0.0
0.45220265,0,1.0
0.44235542,0,1.0
0.3961586,0,0.0
0.42517355,0,1.0
0.41715363,0,1.0
0.3787122,0,0.0
0.4479683,0,0.0
0.42869973,0,0.0
0.4269225,0,1.0
0.41674292,0,0.0
0.45079514,0,1.0
0.38039455,0,0.0
0.43589684,0,1.0
0.3850787,0,1.0
0.3757558,0,1.0
0.2897014,0,0.0
0.41798034,0,1.0
0.24010445,0,0.0
0.3571519,0,0.0
0.3177175,0,1.0
0.302669,0,0.0
0.33024496,0,1.0
0.2978337,0,1.0
0.27758038,0,0.0
0.3585998,0,1.0
0.31179348,0,0.0
0.38174635,0,1.0
0.33232653,0,1.0
0.32607108,0,1.0
0.34593093,0,0.0
0.35501826,0,1.0
0.2908406,0,1.0
0.31697166,0,1.0
0.34865683,0,1.0
0.3591043,0,0.0
0.3609584,0,0.0
0.4113821,0,0.0
0.4238033,0,1.0
0.35373637,0,0.0
0.33764187,0,0.0
0.3941217,0,1.0
0.24654973,0,0.0
0.4315164,0,0.0
0.4227274,0,0.0
0.35822195,0,0.0
0.4147508,0,0.0
0.42868346,0,0.0
0.38103634,0,1.0
0.37400562,0,0.0
0.39812165,0,1.0
0.32336277,0,0.0
0.3907964,0,0.0
0.3890099,0,0.0
0.36706236,0,1.0
0.27677748,0,0.0
0.32258126,0,0.0
0.48106226,0,1.0
0.37774357,0,0.0
0.4145619,0,1.0
0.34925088,0,1.0
0.35274598,0,1.0
0.30047736,0,0.0
0.361914,0,1.0
0.28681195,0,0.0
0.33907554,0,0.0
0.3681326,0,0.0
0.38726893,0,0.0
0.42495108,0,0.0
0.4479966,0,1.0
0.35098478,0,0.0
0.35562193,0,1.0
0.29520893,0,0.0
0.38066575,0,1.0
0.35070014,0,1.0
0.29835173,0,0.0
0.3264548,0,0.0
0.4402586,0,1.0
0.287588,0,0.0
0.40737236,0,1.0
0.3597783,0,0.0
0.32995602,0,0.0
0.32464132,0,1.0
0.32814226,0,1.0
0.18337974,0,0.0
0.26275194,0,0.0
0.34782985,0,0.0
0.26428115,0,1.0
0.20322414,0,0.0
0.3109818,0,0.0
0.27089489,0,1.0
0.23114096,0,1.0
0.20830522,0,0.0
0.3381376,0,0.0
0.33918223,0,0.0
0.3254101,0,1.0
0.26481768,0,0.0
0.45010534,0,1.0
0.42155537,0,0.0
0.37569985,0,0.0
0.3920101,0,1.0
0.42062417,0,0.0
0.31494308,0,1.0
0.30971697,0,0.0
0.36432126,0,0.0
0.27479246,0,0.0
0.32276362,0,0.0
0.2970011,0,0.0
0.2994529,0,0.0
0.27163798,0,0.0
0.43982375,0,0.0
0.4010239,0,0.0
0.40508825,0,0.0
0.36811462,0,0.0
0.35707912,0,0.0
0.23417072,0,0.0
0.34046116,0,0.0
0.33576,0,0.0
0.28944057,0,0.0
0.41515368,0,0.0
0.40767702,0,0.0
0.43160832,0,1.0
0.37003064,0,1.0
0.3593607,0,0.0
0.3648098,0,0.0
0.38169527,0,0.0
0.34387136,0,0.0
0.3352508,0,0.0
0.38906547,0,0.0
0.39221928,0,1.0
0.24339001,0,0.0
0.30713192,0,1.0
0.2551771,0,1.0
0.2554533,0,0.0
0.24342719,0,0.0
0.3328085,0,0.0
0.3433989,0,1.0
0.20493355,0,0.0
0.30778632,0,0.0
0.42977977,0,0.0
0.38852033,0,0.0
0.3639933,0,0.0
0.331652,0,0.0
0.39594463,0,0.0
0.32292494,0,0.0
0.36772287,0,0.0
0.33554995,0,0.0
0.32208893,0,1.0
0.24057892,0,0.0
0.30531877,0,0.0
0.30671725,0,0.0
0.4287136,0,0.0
0.41059574,0,1.0
0.32741767,0,1.0
0.27022722,0,0.0
0.29550204,0,0.0
0.26235938,0,0.0
0.32505515,0,1.0
0.23009291,0,0.0
0.25913477,0,0.0
0.37985024,0,0.0
0.36277,0,0.0
0.2580959,0,0.0
0.2528004,0,0.0
0.2751283,0,1.0
0.1335783,0,0.0
0.3015421,0,1.0
0.18759616,0,0.0
0.25349566,0,0.0
0.18123265,0,1.0
0.22411054,0,0.0
0.20811123,0,1.0
0.18279101,0,0.0
0.28633726,0,1.0
0.17731471,0,1.0
0.20031984,0,0.0
0.20310947,0,0.0
0.26352826,0,0.0
0.315647,0,0.0
0.2658563,0,0.0
0.31558338,0,1.0
0.18018581,0,0.0
0.34592766,0,0.0
0.31520006,0,0.0
0.29672053,0,1.0
0.1603894,0,1.0
0.19091852,0,0.0
0.31559682,0,0.0
0.31632322,0,0.0
0.25771347,0,0.0
0.2296001,0,0.0
0.2999801,0,0.0
0.26089472,0,0.0
0.31113678,0,0.0
0.41574255,0,0.0
0.35802543,0,0.0
0.32839411,0,0.0
0.33315384,0,0.0
0.31236172,0,0.0
0.27454022,0,0.0
0.33985335,0,0.0
0.2996416,0,0.0
0.24923879,0,0.0
0.25774327,0,0.0
0.34527028,0,1.0
0.21174811,0,0.0
0.30682194,0,1.0
0.1153144,0,0.0
0.4188252,0,0.0
0.3195984,0,0.0
0.3975032,0,0.0
0.43630326,0,1.0
0.38022044,0,1.0
0.31984937,0,0.0
0.35300657,0,0.0
0.39485055,0,0.0
0.34551546,0,0.0
0.40969613,0,1.0
0.34757096,0,0.0
0.34975243,0,1.0
0.30014148,0,0.0
0.35285446,0,0.0
0.28075317,0,0.0
0.30034316,0,0.0
0.21892837,0,1.0
0.35111406,0,1.0
0.26940635,0,0.0
0.36187342,0,1.0
0.24586137,0,0.0
0.32952774,0,0.0
0.2743245,0,0.0
0.29865792,0,1.0
0.10033769,0,1.0
0.11960499,0,0.0
0.21336287,0,0.0
0.24398465,0,0.0
0.27675897,0,0.0
0.23789641,0,0.0
0.20457788,0,0.0
0.33496827,0,0.0
0.32020202,0,0.0
0.24877861,0,0.0
0.23925856,0,0.0
0.350173,0,0.0
0.2382264,0,1.0
0.11545753,0,1.0
0.14710598,0,0.0
0.3728685,0,1.0
0.19941336,0,0.0
0.27453682,0,0.0
0.26905003,0,1.0
0.26897338,0,1.0
0.25391734,0,1.0
0.2871546,0,1.0
0.25238007,0,0.0
0.28696364,0,1.0
0.2387998,0,0.0
0.35368523,0,1.0
0.22050531,0,1.0
0.22287011,0,1.0
0.22487164,0,0.0
0.3035842,0,0.0
0.21479559,0,0.0
0.28982067,0,1.0
0.16335754,0,0.0
0.2636399,0,0.0
0.22420542,0,0.0
0.24407656,0,0.0
0.36719316,0,0.0
0.33472642,0,1.0
0.24202006,0,0.0
0.24879976,0,0.0
0.3027969,0,1.0
0.11076853,0,0.0
0.18291593,0,0.0
0.29509297,0,0.0
0.3055741,0,1.0
0.2028773,0,0.0
0.20773865,0,1.0
0.20391975,0,1.0
0.2325718,0,0.0
0.22321405,0,0.0
0.22576976,0,0.0
0.2190391,0,0.0
0.1773017,0,0.0
0.25109956,0,0.0
0.13665482,0,0.0
0.093463294,0,0.0
0.25590602,0,0.0
0.20748614,0,0.0
0.25466493,0,0.0
0.1763121,0,0.0
0.25833127,0,0.0
0.27769506,0,0.0
0.2420796,0,1.0
0.09103457,0,0.0
0.12917021,0,0.0
0.21572761,0,0.0
0.19069208,0,0.0
0.13122435,0,0.0
0.13806725,0,0.0
0.32378837,0,0.0
0.26087543,0,1.0
0.10490643,0,0.0
0.12733287,0,0.0
0.338638,0,0.0
0.26234326,0,0.0
0.16782543,0,0.0
0.18021442,0,0.0
0.3440308,0,0.0
0.42587283,0,0.0
0.3772296,0,0.0
0.30907655,0,0.0
0.30387536,0,0.0
0.31409168,0,0.0
0.29321268,0,0.0
0.29412964,0,1.0
0.23910739,0,0.0
0.21714148,0,0.0
0.25171217,0,0.0
0.41458243,0,0.0
0.3335845,0,0.0
0.3366395,0,0.0
0.3650497,0,1.0
0.30962455,0,0.0
0.32536876,0,0.0
0.33139697,0,1.0
0.26015502,0,0.0
0.3075922,0,0.0
0.3801268,0,0.0
0.33422098,0,0.0
0.32039112,0,1.0
0.2786143,0,0.0
0.25551754,0,0.0
0.30331412,0,0.0
0.38011786,0,1.0
0.20164594,0,0.0
0.22323531,0,1.0
0.17198816,0,1.0
0.19007716,0,0.0
0.23824166,0,1.0
0.18696873,0,1.0
0.16045582,0,0.0
0.24533764,0,1.0
0.27186373,0,0.0
0.3135003,0,0.0
0.39053774,0,1.0
0.26861814,0,0.0
0.32875252,0,0.0
0.27621236,0,0.0
0.3782433,0,0.0
0.19911703,0,0.0
0.31163925,0,1.0
0.1470198,0,1.0
0.1928262,0,0.0
0.2795087,0,0.0
0.27861777,0,0.0
0.3337834,0,0.0
0.3474784,0,1.0
0.30928698,0,1.0
0.14232127,0,0.0
0.17439975,0,1.0
0.25717452,0,0.0
0.21973264,0,0.0
0.3078272,0,1.0
0.271503,0,0.0
0.2702003,0,1.0
0.27536196,0,0.0
0.30542612,0,0.0
0.263852,0,0.0
0.25171882,0,0.0
0.19356933,0,1.0
0.18020909,0,0.0
0.25437918,0,0.0
0.16718324,0,0.0
0.19128993,0,0.0
0.17125745,0,1.0
0.16487077,0,0.0
0.23491426,0,1.0
0.172716,0,0.0
0.2893355,0,0.0
0.24345717,0,1.0
0.1755589,0,0.0
0.21967123,0,0.0
0.21545626,0,0.0
0.2279405,0,0.0
0.10238862,0,0.0
0.16329879,0,0.0
0.07152038,0,1.0
0.07298697,0,0.0
0.19391447,0,0.0
0.18254474,0,0.0
0.16173084,0,0.0
0.05822359,0,0.0
0.20509599,0,0.0
0.10610677,0,0.0
0.25012648,0,0.0
0.19498457,0,0.0
0.17922871,0,0.0
0.19291018,0,0.0
0.25287843,0,1.0
0.06231328,0,0.0
0.22123572,0,0.0
0.21848881,0,0.0
0.21687068,0,1.0
0.089117505,0,0.0
0.32747835,0,0.0
0.25651357,0,0.0
0.23779142,0,1.0
0.13487431,0,0.0
0.32292816,0,1.0
0.16763431,0,0.0
0.19377317,0,0.0
0.27085498,0,0.0
0.31628534,0,1.0
0.11559695,0,0.0
0.15310688,0,0.0
0.22610313,0,0.0
0.29117104,0,1.0
0.13308463,0,0.0
0.32495484,0,0.0
0.30760658,0,0.0
0.4086396,0,1.0
0.2082939,0,0.0
0.36489958,0,0.0
0.3602278,0,1.0
0.2097603,0,0.0
0.1897932,0,0.0
0.21310532,0,0.0
0.2693758,0,0.0
0.24646164,0,0.0
0.29085544,0,1.0
0.17377222,0,0.0
0.3145291,0,1.0
0.23018298,0,0.0
0.30223572,0,0.0
0.31179202,0,1.0
0.19237545,0,0.0
0.2692871,0,0.0
0.28598747,0,0.0
0.28109714,0,0.0
0.1191312,0,0.0
0.36387134,0,0.0
0.28192386,0,1.0
0.20405652,0,0.0
0.31890035,0,0.0
0.31175148,0,0.0
0.25455782,0,1.0
0.099195465,0,0.0
0.33179757,0,1.0
0.16787572,0,0.0
0.37957916,0,0.0
0.30896616,0,1.0
0.28177243,0,0.0
0.21079248,0,0.0
0.28169274,0,0.0
0.3009515,0,0.0
0.2367283,0,1.0
0.1903078,0,1.0
0.21360394,0,0.0
0.3228148,0,0.0
0.30540428,0,1.0
0.23317255,0,0.0
0.26395407,0,1.0
0.27608508,0,1.0
0.2703646,0,0.0
0.29450664,0,1.0
0.31708488,0,0.0
0.3483842,0,0.0
0.31700066,0,0.0
0.3094401,0,1.0
0.31761423,0,0.0
0.34209436,0,0.0
0.3186813,0,0.0
0.33748347,0,0.0
0.314755,0,0.0
0.36217198,0,1.0
0.23617548,0,0.0
0.3063247,0,0.0
0.30356488,0,0.0
0.30860272,0,1.0
0.2099789,0,1.0
0.27278635,0,1.0
0.31393635,0,0.0
0.32258287,0,1.0
0.26404962,0,1.0
0.30745092,0,0.0
0.30344895,0,0.0
0.28862694,0,1.0
0.15630765,0,0.0
0.32472724,0,1.0
0.26602426,0,0.0
0.2515054,0,0.0
0.21937086,0,1.0
0.26340726,0,1.0
0.1927495,0,0.0
0.21981601,0,0.0
0.2811486,0,1.0
0.1531189,0,0.0
0.23655245,0,0.0
0.2346707,0,0.0
0.35385504,0,0.0
0.19187713,0,0.0
0.20815583,0,0.0
0.1949359,0,0.0
0.22166047,0,0.0
0.12308815,0,0.0
0.073236115,0,1.0
0.02240537,0,0.0
0.04152942,0,0.0
0.19549601,0,1.0
0.08999305,0,1.0
0.09996479,0,0.0
0.30197597,0,0.0
0.2778536,0,0.0
0.29383048,0,1.0
0.12746648,0,0.0
0.35467675,0,0.0
0.26550338,0,0.0
0.34392112,0,0.0
0.2585636,0,1.0
0.18430333,0,0.0
0.22058952,0,0.0
0.26426172,0,0.0
0.32454646,0,1.0
0.13724118,0,1.0
0.18292737,0,0.0
0.24555388,0,0.0
0.28593957,0,0.0
0.17369026,0,0.0
0.14948013,0,0.0
0.38830578,0,0.0
0.33455446,0,0.0
0.33377963,0,0.0
0.28307962,0,0.0
0.28212076,0,0.0
0.27655104,0,0.0
0.33872673,0,0.0
0.2754422,0,1.0
0.14920476,0,0.0
0.28549385,0,1.0
0.22588767,0,0.0
0.29966515,0,1.0
0.123532794,0,0.0
0.3370571,0,0.0
0.28413725,0,0.0
0.3878275,0,1.0
0.24052468,0,0.0
0.3952691,0,1.0
0.25034472,0,0.0
0.29799366,0,0.0
0.18380906,0,0.0
0.27989253,0,0.0
0.24906184,0,0.0
0.16239476,0,1.0
0.11307086,0,1.0
0.21295582,0,0.0
0.33324346,0,1.0
0.23579355,0,0.0
0.2647202,0,1.0
0.18601169,0,0.0
0.411365,0,1.0
0.1853047,0,0.0
0.2964975,0,0.0
0.27605885,0,0.0
0.31983948,0,1.0
0.14497636,0,0.0
0.13847227,0,0.0
0.23445076,0,0.0
0.32965058,0,1.0
0.15137295,0,0.0
0.18578991,0,0.0
0.20968455,0,0.0
0.26644716,0,0.0
0.14323454,0,0.0
0.13038969,0,1.0
0.05565049,0,0.0
0.08423113,0,0.0
0.1157055,0,0.0
0.31163692,0,0.0
0.22134158,0,1.0
0.18764748,0,0.0
0.15188105,0,1.0
0.085749365,0,0.0
0.2618313,0,0.0
0.145426,0,0.0
0.23074844,0,1.0
0.07329144,0,0.0
0.25319666,0,0.0
0.32064906,0,1.0
0.20360762,0,0.0
0.18231133,0,0.0
0.32730755,0,0.0
0.33930776,0,1.0
0.14432266,0,0.0
0.21174747,0,0.0
0.2895153,0,0.0
0.23904026,0,0.0
0.22253917,0,0.0
0.23258704,0,0.0
0.2296725,0,0.0
0.359695,0,0.0
0.34317073,0,1.0
0.23500371,0,0.0
0.41193953,0,0.0
0.3642407,0,0.0
0.25108856,0,0.0
0.22086708,0,1.0
0.22879556,0,0.0
0.22324206,0,0.0
0.31677312,0,1.0
0.2300271,0,0.0
0.24033104,0,0.0
0.2791781,0,0.0
0.3632704,0,1.0
0.17460242,0,0.0
0.3584183,0,1.0
0.26336387,0,1.0
0.19557962,0,0.0
0.23648241,0,0.0
0.22445025,0,0.0
0.24446106,0,1.0
0.11292085,0,0.0
0.22755514,0,0.0
0.25727898,0,1.0
0.18752438,0,0.0
0.16928196,0,0.0
0.1852282,0,0.0
0.27131805,0,1.0
0.12250066,0,0.0
0.28637087,0,0.0
0.25876275,0,0.0
0.33858442,0,0.0
0.38524005,0,0.0
0.33705762,0,0.0
0.35518405,0,1.0
0.26904115,0,0.0
0.32836398,0,1.0
0.2240308,0,0.0
0.25358084,0,0.0
0.2920507,0,0.0
0.30958527,0,0.0
0.39930853,0,0.0
0.35454056,0,1.0
0.2923201,0,0.0
0.21835425,0,0.0
0.324122,0,1.0
0.22407806,0,0.0
0.24713342,0,0.0
0.24982578,0,0.0
0.2512847,0,0.0
0.14493018,0,0.0
0.10298744,0,0.0
0.27237922,0,1.0
0.11864814,0,1.0
0.06904292,0,0.0
0.18528521,0,0.0
0.24702397,0,0.0
0.19669318,0,1.0
0.08650638,0,0.0
0.39121372,0,1.0
0.21431871,0,0.0
0.3374576,0,1.0
0.18282124,0,0.0
0.3104748,0,0.0
0.2559958,0,0.0
0.30729032,0,0.0
0.24463093,0,0.0
0.17504393,0,0.0
0.16490364,0,0.0
0.1421226,0,1.0
0.082358375,0,0.0
0.21294062,0,0.0
0.21507019,0,1.0
0.076923095,0,0.0
0.07639032,0,0.0
0.15220581,0,0.0
0.28069785,0,0.0
0.19116354,0,1.0
0.12854394,0,0.0
0.31550828,0,0.0
0.3009108,0,0.0
0.338279,0,0.0
0.2357652,0,1.0
0.22375607,0,0.0
0.21760215,0,0.0
0.32852367,0,1.0
0.18132082,0,0.0
0.2772397,0,0.0
0.25000444,0,0.0
0.29660645,0,0.0
0.14907253,0,1.0
0.19281654,0,1.0
0.15450147,0,0.0
0.22898677,0,1.0
0.2303565,0,0.0
0.2873842,0,0.0
0.43142924,0,0.0
0.43463764,0,0.0
0.42706835,0,1.0
0.4094129,0,0.0
0.39806154,0,0.0
0.35292307,0,0.0
0.34615445,0,0.0
0.3485954,0,0.0
0.32660076,0,0.0
0.3597091,0,0.0
0.39780924,0,0.0
0.3403326,0,0.0
0.32438087,0,0.0
0.36063343,0,0.0
0.3719225,0,0.0
0.31340018,0,0.0
0.2974588,0,1.0
0.2200304,0,0.0
0.26418066,0,0.0
0.32811153,0,0.0
0.3711811,0,1.0
0.19502541,0,0.0
0.3213328,0,0.0
0.41664356,0,0.0
0.39932206,0,1.0
0.3033821,0,0.0
0.37300175,0,0.0
0.33635923,0,0.0
0.2783701,0,0.0
0.22002117,0,1.0
0.21580853,0,1.0
0.17321932,0,0.0
0.19020976,0,1.0
0.22552907,0,0.0
0.29188424,0,1.0
0.17020118,0,0.0
0.26241317,0,1.0
0.19443518,0,0.0
0.3006277,0,0.0
0.19327521,0,0.0
0.23796397,0,1.0
0.13775949,0,0.0
0.16748609,0,0.0
0.3943186,0,1.0
0.24497212,0,0.0
0.30428964,0,1.0
0.2077661,0,0.0
0.28795272,0,1.0
0.1383881,0,0.0
0.3658967,0,0.0
0.2805122,0,0.0
0.35665724,0,0.0
0.26488426,0,0.0
0.36156735,0,0.0
0.24423899,0,1.0
0.19818448,0,0.0
0.20203854,0,0.0
0.1821432,0,0.0
0.30497578,0,0.0
0.34662995,0,0.0
0.30221954,0,0.0
0.29568803,0,1.0
0.19159418,0,0.0
0.25791353,0,0.0
0.36344847,0,1.0
0.23055951,0,0.0
0.18981965,0,0.0
0.34120226,0,1.0
0.22863096,0,0.0
0.1554425,0,0.0
0.3079322,0,0.0
0.34146315,0,0.0
0.33546886,0,0.0
0.3629282,0,0.0
0.3416503,0,0.0
0.32570082,0,0.0
0.3206977,0,0.0
0.3073704,0,1.0
0.20406392,0,0.0
0.25805482,0,0.0
0.24177584,0,0.0
0.25548926,0,0.0
0.16498622,0,0.0
0.1543258,0,1.0
0.082192056,0,0.0
0.045479022,0,0.0
0.2211851,0,1.0
0.09943701,0,0.0
0.18751562,0,1.0
0.0823685,0,0.0
0.36475492,0,0.0
0.30418804,0,1.0
0.25825715,0,0.0
0.2980446,0,0.0
0.30433163,0,0.0
0.33556855,0,1.0
0.15027045,0,0.0
0.2607761,0,0.0
0.23147164,0,1.0
0.20290156,0,0.0
0.16116636,0,0.0
0.1681152,0,0.0
0.16732542,0,0.0
0.11277665,0,1.0
0.114778124,0,0.0
0.13685432,0,0.0
0.12482474,0,0.0
0.13961272,0,0.0
0.15618336,0,0.0
0.12407731,0,0.0
0.30128643,0,1.0
0.12719417,0,0.0
0.1519443,0,0.0
0.4137433,0,0.0
0.36922717,0,1.0
0.1715963,0,0.0
0.3514256,0,0.0
0.41623658,0,0.0
0.30146202,0,0.0
0.29421672,0,0.0
0.3323508,0,0.0
0.2946365,0,1.0
0.16217835,0,0.0
0.17878647,0,1.0
0.13241059,0,0.0
0.26109463,0,1.0
0.19896773,0,0.0
0.3024616,0,1.0
0.20202142,0,0.0
0.24772723,0,0.0
0.2389004,0,1.0
0.21359363,0,0.0
0.2564358,0,1.0
0.19419084,0,0.0
0.24049649,0,0.0
0.40842932,0,1.0
0.32368246,0,0.0
0.36598548,0,0.0
0.34615266,0,0.0
0.3363527,0,1.0
0.13903533,0,0.0
0.2740747,0,0.0
0.2176489,0,0.0
0.26870322,0,0.0
0.17185947,0,0.0
0.3092331,0,1.0
0.20282781,0,0.0
0.22099896,0,0.0
0.33419177,0,0.0
0.4049565,0,1.0
0.17677832,0,0.0
0.21671568,0,0.0
0.28514722,0,0.0
0.35345507,0,0.0
0.22476661,0,0.0
0.23960994,0,1.0
0.11925135,0,0.0
0.26460955,0,0.0
0.2755294,0,1.0
0.1809355,0,0.0
0.18627548,0,1.0
0.16414669,0,0.0
0.20086774,0,0.0
0.13236064,0,0.0
0.30862603,0,0.0
0.20106424,0,0.0
0.2592002,0,0.0
0.37153348,0,1.0
0.26473397,0,1.0
0.105031244,0,0.0
0.083933786,0,0.0
0.42624635,0,1.0
0.2237196,0,0.0
0.344149,0,0.0
0.33382654,0,0.0
0.32519633,0,0.0
0.24367315,0,0.0
0.30108708,0,1.0
0.15706997,0,0.0
0.14467579,0,0.0
0.14412282,0,0.0
0.18831907,0,0.0
0.15519412,0,0.0
0.3252265,0,0.0
0.27854928,0,1.0
0.09869732,0,0.0
0.29773408,0,0.0
0.30793363,0,0.0
0.23386118,0,0.0
0.13138655,0,0.0
0.25012395,0,0.0
0.30215082,0,1.0
0.13377298,0,0.0
0.21724112,0,0.0
0.21607792,0,0.0
0.26029143,0,0.0
0.17572987,0,0.0
0.34735587,0,0.0
0.29303658,0,0.0
0.27628037,0,0.0
0.23999734,0,0.0
0.26439536,0,1.0
0.14443675,0,0.0
0.19642428,0,0.0
0.13186449,0,0.0
0.29732358,0,0.0
0.34420967,0,1.0
0.20312494,0,0.0
0.3506824,0,0.0
0.3178249,0,1.0
0.23621614,0,0.0
0.3772933,0,0.0
0.34977984,0,0.0
0.26273596,0,1.0
0.13541274,0,0.0
0.28740954,0,0.0
0.19531819,0,0.0
0.32752353,0,0.0
0.26433024,0,1.0
0.16722617,0,0.0
0.16357866,0,0.0
0.1789215,0,0.0
0.13145618,0,0.0
0.106931515,0,0.0
0.07935209,0,1.0
0.08514422,0,0.0
0.23425108,0,1.0
0.14159355,0,0.0
0.31931928,0,0.0
0.23957685,0,0.0
0.27972877,0,0.0
0.17276677,0,1.0
0.16358033,0,0.0
0.37814856,0,0.0
0.3644724,0,1.0
0.24078687,0,0.0
0.2954602,0,0.0
0.4150027,0,1.0
0.2633889,0,0.0
0.42952856,0,0.0
0.42208233,0,0.0
0.22819905,0,1.0
0.19814153,0,1.0
0.21063468,0,1.0
0.25080726,0,1.0
0.33093613,0,0.0
0.39898264,0,0.0
0.42564386,0,1.0
0.3401728,0,1.0
0.36449602,0,1.0
0.34176037,0,0.0
0.339582,0,0.0
0.4126797,0,0.0
0.3785147,0,0.0
0.40180328,0,0.0
0.40617904,0,0.0
0.38966763,0,1.0
0.29812834,0,1.0
0.3472674,0,1.0
0.36006448,0,0.0
0.37630057,0,1.0
0.36584342,0,0.0
0.4293341,0,0.0
0.3832383,0,1.0
0.33582032,0,1.0
0.33590114,0,1.0
0.33953744,0,1.0
0.26916906,0,0.0
0.37015578,0,1.0
0.30803043,0,0.0
0.3814531,0,0.0
0.32991013,0,0.0
0.3388952,0,1.0
0.26109055,0,0.0
0.3902927,0,0.0
0.37640965,0,0.0
0.36198023,0,0.0
0.40775523,0,1.0
0.39261273,0,1.0
0.34220648,0,1.0
0.3355571,0,0.0
0.3448064,0,1.0
0.29614052,0,0.0
0.36184558,0,0.0
0.40113673,0,0.0
0.3623633,0,0.0
0.3152184,0,1.0
0.27256855,0,0.0
0.39674443,0,0.0
0.3908895,0,1.0
0.33698174,0,0.0
0.425182,0,1.0
0.37162125,0,1.0
0.30379668,0,0.0
0.32466376,0,1.0
0.32698455,0,1.0
0.25624886,0,0.0
0.38448822,0,0.0
0.3490088,0,1.0
0.31429407,0,0.0
0.324854,0,0.0
0.3334107,0,0.0
0.3779054,0,0.0
0.32815722,0,0.0
0.40441987,0,0.0
0.3984268,0,1.0
0.3459701,0,0.0
0.4075904,0,0.0
0.3790636,0,1.0
0.29462475,0,0.0
0.3122451,0,0.0
0.35707194,0,0.0
0.25703105,0,0.0
0.17146082,0,0.0
0.20407882,0,0.0
0.1602742,0,0.0
0.15278089,0,0.0
0.14164531,0,0.0
0.11370646,0,0.0
0.15851115,0,1.0
0.057150226,0,0.0
0.1491032,0,0.0
0.2964102,0,0.0
0.2889272,0,0.0
0.3599709,0,0.0
0.33738813,0,0.0
0.36920336,0,0.0
0.21694422,0,0.0
0.33690128,0,0.0
0.4098752,0,1.0
0.32758465,0,0.0
0.38732472,0,0.0
0.35100618,0,0.0
0.33808625,0,0.0
0.35480994,0,0.0
0.34828335,0,0.0
0.3623401,0,1.0
0.30279928,0,1.0
0.2602206,0,0.0
0.30180132,0,1.0
0.2370059,0,0.0
0.3206792,0,0.0
0.24684428,0,1.0
0.22406356,0,0.0
0.2530731,0,0.0
0.31536627,0,0.0
0.26161397,0,1.0
0.1888037,0,0.0
0.21930721,0,0.0
0.36151993,0,0.0
0.3666971,0,1.0
0.20123665,0,0.0
0.32138747,0,0.0
0.3255668,0,1.0
0.2516162,0,0.0
0.28310108,0,0.0
0.32060447,0,1.0
0.29448733,0,0.0
0.3614431,0,0.0
0.39595142,0,0.0
0.41788268,0,1.0
0.39916667,0,1.0
0.3965333,0,0.0
0.39388886,0,1.0
0.36000457,0,1.0
0.3082348,0,0.0
0.36009952,0,1.0
0.29731247,0,0.0
0.36473337,0,0.0
0.32893422,0,0.0
0.33334696,0,0.0
0.27455568,0,0.0
0.4068689,0,1.0
0.27126187,0,0.0
0.35672623,0,0.0
0.29482147,0,0.0
0.3235229,0,0.0
0.38358828,0,1.0
0.295782,0,1.0
0.24317645,0,0.0
0.2938774,0,0.0
0.34319785,0,1.0
0.2519832,0,1.0
0.24205285,0,0.0
0.32324833,0,0.0
0.29539737,0,1.0
0.19559744,0,0.0
0.30799386,0,0.0
0.44272417,0,0.0
0.39423662,0,1.0
0.29696217,0,0.0
0.3045865,0,0.0
0.32643008,0,0.0
0.2280093,0,0.0
0.27722535,0,0.0
0.25543293,0,0.0
0.18411846,0,0.0
0.18300346,0,0.0
0.20548624,0,0.0
0.40265954,0,0.0
0.36550897,0,1.0
0.14524095,0,0.0
0.38839716,0,0.0
0.38069016,0,1.0
0.17722377,0,0.0
0.26858822,0,0.0
0.30014583,0,0.0
0.4184489,0,1.0
0.2877477,0,0.0
0.2905208,0,0.0
0.30056566,0,0.0
0.3374883,0,1.0
0.19716316,0,0.0
0.34771433,0,0.0
0.31417868,0,0.0
0.3381623,0,0.0
0.2827683,0,0.0
0.3578047,0,0.0
0.2858432,0,1.0
0.21322796,0,0.0
0.21015112,0,0.0
0.21393533,0,0.0
0.31632656,0,0.0
0.19598624,0,1.0
0.16863185,0,0.0
0.27288565,0,0.0
0.33319134,0,0.0
0.3274078,0,1.0
0.23266903,0,1.0
0.2107176,0,0.0
0.37967137,0,1.0
0.28807974,0,0.0
0.30427307,0,0.0
0.31340775,0,0.0
0.3068393,0,0.0
0.3443088,0,1.0
0.1968324,0,0.0
0.3702721,0,0.0
0.32247177,0,0.0
0.3294282,0,0.0
0.29218856,0,0.0
0.376755,0,0.0
0.29039273,0,0.0
0.29349512,0,0.0
0.34693867,0,1.0
0.25673902,0,0.0
0.34369978,0,1.0
0.27291334,0,0.0
0.30973533,0,0.0
0.34872207,0,1.0
0.32394713,0,0.0
0.39910987,0,1.0
0.3483091,0,0.0
0.34629837,0,0.0
0.29096922,0,1.0
0.29683834,0,0.0
0.27122417,0,0.0
0.35723,0,1.0
0.21703775,0,0.0
0.30099833,0,0.0
0.39315656,0,0.0
0.3685592,0,1.0
0.36437964,0,0.0
0.39582804,0,0.0
0.35478964,0,0.0
0.3206371,0,0.0
0.33879092,0,0.0
0.36116228,0,0.0
0.29544646,0,0.0
0.28858232,0,0.0
0.25720638,0,0.0
0.21291013,0,0.0
0.20126122,0,1.0
0.42406222,0,0.0
0.4637181,0,0.0
0.46899638,0,1.0
0.4503819,0,0.0
0.4309486,0,1.0
0.38691366,0,0.0
0.32228956,0,0.0
0.2980619,0,0.0
0.3501168,0,1.0
0.33411187,0,0.0
0.3754493,0,0.0
0.40807354,0,0.0
0.38389865,0,0.0
0.39996484,0,0.0
0.408706,0,0.0
0.42354673,0,1.0
0.32410446,0,0.0
0.33789214,0,0.0
0.3458613,0,0.0
0.3762793,0,0.0
0.33414274,0,1.0
0.31221968,0,0.0
0.37153837,0,0.0
0.33780682,0,0.0
0.417748,0,0.0
0.38605595,0,0.0
0.3778685,0,1.0
0.32588178,0,1.0
0.30594474,0,0.0
0.40113518,0,0.0
0.34394607,0,1.0
0.28057015,0,0.0
0.32926413,0,1.0
0.31170058,0,0.0
0.29756263,0,1.0
0.23361549,0,0.0
0.3176207,0,1.0
0.2846914,0,0.0
0.32380992,0,1.0
0.3055127,0,0.0
0.34305713,0,0.0
0.28595752,0,0.0
0.27979225,0,0.0
0.33913854,0,0.0
0.42883748,0,0.0
0.34923026,0,0.0
0.3980353,0,1.0
0.31047282,0,0.0
0.38872525,0,0.0
0.36887863,0,0.0
0.35404435,0,0.0
0.3491231,0,0.0
0.40490234,0,1.0
0.2344159,0,0.0
0.3431193,0,0.0
0.29641166,0,1.0
0.23223159,0,1.0
0.17959456,0,0.0
0.41975227,0,0.0
0.32679865,0,0.0
0.37047902,0,0.0
0.3451767,0,0.0
0.37330717,0,0.0
0.34902123,0,0.0
0.32266238,0,0.0
0.26403105,0,0.0
0.3856222,0,1.0
0.30008325,0,0.0
0.35294637,0,1.0
0.25058004,0,0.0
0.31110972,0,0.0
0.27714115,0,1.0
0.28678283,0,1.0
0.19411075,0,0.0
0.4076977,0,1.0
0.2558757,0,0.0
0.32088885,0,0.0
0.28223437,0,0.0
0.41707805,0,0.0
0.39407137,0,0.0
0.3698248,0,0.0
0.3803835,0,0.0
0.39054275,0,1.0
0.3023147,0,0.0
0.30111217,0,0.0
0.39428702,0,0.0
0.36824444,0,0.0
0.3305631,0,1.0
0.25644568,0,1.0
0.24371132,0,0.0
0.38523158,0,1.0
0.26115704,0,0.0
0.2575539,0,0.0
0.29184476,0,0.0
0.4384096,0,0.0
0.30827048,0,0.0
0.3881368,0,0.0
0.33667314,0,0.0
0.3973926,0,0.0
0.3396781,0,0.0
0.33183146,0,0.0
0.2824784,0,1.0
0.20509651,0,0.0
0.3404631,0,0.0
0.32479233,0,0.0
0.28635594,0,0.0
0.3617973,0,0.0
0.38736817,0,1.0
0.20731407,0,0.0
0.2554146,0,0.0
0.45346937,0,1.0
0.317387,0,0.0
0.35513726,0,0.0
0.3208831,0,0.0
0.33551195,0,0.0
0.2525505,0,0.0
0.3064173,0,0.0
0.22390915,0,0.0
0.18233737,0,0.0
0.14516735,0,0.0
0.17615958,0,1.0
0.11432671,0,0.0
0.2444746,0,0.0
0.28804326,0,0.0
0.26819384,0,0.0
0.29285792,0,0.0
0.20203458,0,0.0
0.12044369,0,1.0
0.06272581,0,0.0
0.13742274,0,0.0
0.344078,0,1.0
0.20926423,0,0.0
0.3234051,0,0.0
0.41533113,0,0.0
0.39556095,0,1.0
0.20307855,0,1.0
0.22743653,0,1.0
0.29124367,0,0.0
0.3962018,0,1.0
0.318883,0,0.0
0.33808315,0,1.0
0.33466855,0,0.0
0.38275817,0,1.0
0.28774577,0,0.0
0.4113074,0,0.0
0.34502894,0,0.0
0.32471058,0,0.0
0.39469063,0,0.0
0.44088867,0,1.0
0.25834733,0,0.0
0.28537998,0,0.0
0.38453668,0,1.0
0.30434573,0,0.0
0.28356215,0,1.0
0.2753685,0,0.0
0.39337438,0,0.0
0.28672782,0,1.0
0.23854807,0,1.0
0.25497916,0,0.0
0.30011928,0,0.0
0.28817326,0,0.0
0.2831492,0,0.0
0.35880843,0,1.0
0.22303188,0,0.0
0.35212803,0,1.0
0.18353866,0,0.0
0.30396613,0,1.0
0.1992785,0,0.0
0.29508635,0,0.0
0.30184978,0,0.0
0.41693613,0,0.0
0.32669204,0,1.0
0.29456213,0,0.0
0.43495327,0,0.0
0.3816683,0,1.0
0.26298448,0,0.0
0.2945866,0,0.0
0.41386205,0,0.0
0.33949846,0,1.0
0.31874153,0,0.0
0.3418707,0,0.0
0.44928896,0,0.0
0.39599726,0,0.0
0.33120164,0,0.0
0.36752927,0,0.0
0.4012709,0,1.0
0.20832574,0,0.0
0.34790358,0,0.0
0.36027467,0,0.0
0.34388906,0,0.0
0.39450863,0,0.0
0.41476512,0,0.0
0.3476384,0,0.0
0.2816606,0,0.0
0.324206,0,0.0
0.21009916,0,1.0
0.12545805,0,0.0
0.24875133,0,0.0
0.39343727,0,0.0
0.4169687,0,0.0
0.32065308,0,1.0
0.20637596,0,0.0
0.41076502,0,1.0
0.30047977,0,0.0
0.31731033,0,0.0
0.24820665,0,0.0
0.4291399,0,0.0
0.30985275,0,1.0
0.2073548,0,0.0
0.37557113,0,0.0
0.36214083,0,0.0
0.27591753,0,1.0
0.20419088,0,0.0
0.37305665,0,0.0
0.30885538,0,0.0
0.23613094,0,0.0
0.21820204,0,0.0
0.4132954,0,0.0
0.29310852,0,1.0
0.16732444,0,0.0
0.3457787,0,1.0
0.27699935,0,0.0
0.35747266,0,1.0
0.24824242,0,0.0
0.29284227,0,0.0
0.24806829,0,0.0
0.3878723,0,0.0
0.29624203,0,0.0
0.37920803,0,0.0
0.34290627,0,0.0
0.34237623,0,1.0
0.1712424,0,0.0
0.33870825,0,1.0
0.29884136,0,1.0
0.35926703,0,0.0
0.41885242,0,0.0
0.344969,0,1.0
0.29328164,0,1.0
0.35520864,0,0.0
0.37682587,0,1.0
0.3020951,0,0.0
0.31850797,0,0.0
0.37308064,0,0.0
0.3265243,0,0.0
0.2835866,0,0.0
0.4367388,0,0.0
0.41135734,0,0.0
0.4031875,0,0.0
0.392971,0,1.0
0.35265425,0,0.0
0.35214797,0,0.0
0.39691073,0,0.0
0.38489288,0,1.0
0.31098512,0,0.0
0.395062,0,1.0
0.30653617,0,0.0
0.31350052,0,1.0
0.21054289,0,0.0
0.3879372,0,0.0
0.38812658,0,1.0
0.27239245,0,0.0
0.26532316,0,1.0
0.19070956,0,0.0
0.23156334,0,0.0
0.2795573,0,1.0
0.27369824,0,0.0
0.3044384,0,1.0
0.2081933,0,0.0
0.28745586,0,1.0
0.26364648,0,0.0
0.33962417,0,0.0
0.34841147,0,0.0
0.31697878,0,0.0
0.31878218,0,0.0
0.33994317,0,0.0
0.35801896,0,0.0
0.31437394,0,0.0
0.3192366,0,1.0
0.15599683,0,0.0
0.20403281,0,0.0
0.29377416,0,0.0
0.35959882,0,0.0
0.2578539,0,0.0
0.3126214,0,1.0
0.19596398,0,0.0
0.2935837,0,0.0
0.31327197,0,0.0
0.35455552,0,0.0
0.41933212,0,0.0
0.4099608,0,0.0
0.39900315,0,1.0
0.35026032,0,0.0
0.3706838,0,0.0
0.3348011,0,0.0
0.36251628,0,1.0
0.18570745,0,0.0
0.27662227,0,1.0
0.31828454,0,0.0
0.32156497,0,0.0
0.29272297,0,0.0
0.38054135,0,0.0
0.4041091,0,0.0
0.39355046,0,1.0
0.2798746,0,0.0
0.32422584,0,0.0
0.280051,0,0.0
0.37817842,0,0.0
0.30249724,0,1.0
0.19890773,0,0.0
0.25447777,0,0.0
0.40432444,0,1.0
0.19404224,0,0.0
0.21894956,0,0.0
0.4381062,0,1.0
0.34875575,0,0.0
0.34847346,0,0.0
0.34523118,0,1.0
0.29005206,0,0.0
0.25789392,0,1.0
0.26583946,0,0.0
0.309678,0,0.0
0.28786087,0,0.0
0.40916243,0,0.0
0.29421365,0,1.0
0.23687741,0,1.0
0.27951884,0,0.0
0.26487717,0,0.0
0.18816772,0,1.0
0.2768209,0,1.0
0.3375649,0,0.0
0.39004242,0,0.0
0.32090095,0,0.0
0.29627994,0,0.0
0.2980675,0,1.0
0.24181691,0,0.0
0.30293056,0,1.0
0.25530946,0,0.0
0.33951744,0,0.0
0.3497345,0,1.0
0.26060095,0,0.0
0.2510377,0,0.0
0.27059373,0,0.0
0.45573577,0,1.0
0.20124009,0,0.0
0.29540053,0,0.0
0.21113929,0,1.0
0.28115565,0,0.0
0.29968843,0,1.0
0.2864308,0,0.0
0.3057289,0,0.0
0.31820676,0,0.0
0.29098675,0,1.0
0.14335224,0,0.0
0.31028268,0,0.0
0.2690849,0,0.0
0.25032678,0,0.0
0.20988901,0,0.0
0.29967093,0,0.0
0.3715791,0,0.0
0.29191774,0,0.0
0.2886175,0,0.0
0.29739332,0,1.0
0.20554796,0,0.0
0.4417761,0,1.0
0.31086498,0,0.0
0.285875,0,0.0
0.2922537,0,1.0
0.3039382,0,0.0
0.35065854,0,0.0
0.27162716,0,1.0
0.23939739,0,0.0
0.23042013,0,0.0
0.24370132,0,0.0
0.33429563,0,0.0
0.4030512,0,1.0
0.2665238,0,0.0
0.40167093,0,0.0
0.41914764,0,1.0
0.31471264,0,0.0
0.2769821,0,0.0
0.39267108,0,0.0
0.3491593,0,1.0
0.23666038,0,0.0
0.25254002,0,0.0
0.27895883,0,0.0
0.21412274,0,0.0
0.345091,0,1.0
0.17541367,0,0.0
0.39684865,0,1.0
0.20386183,0,0.0
0.39807987,0,1.0
0.13119905,0,0.0
0.40000904,0,1.0
0.16288774,0,0.0
0.3100519,0,0.0
0.38312116,0,0.0
0.39364427,0,0.0
0.3826972,0,1.0
0.31292662,0,0.0
0.33056885,0,0.0
0.2578037,0,1.0
0.21569906,0,0.0
0.3537806,0,0.0
0.37161177,0,0.0
0.34869868,0,0.0
0.30307537,0,0.0
0.33676276,0,0.0
0.37295467,0,0.0
0.37707123,0,0.0
0.4081846,0,0.0
0.36414248,0,1.0
0.2735728,0,0.0
0.33138368,0,0.0
0.39068004,0,0.0
0.33470738,0,0.0
0.2503092,0,1.0
0.18832526,0,0.0
0.34080848,0,0.0
0.29470563,0,0.0
0.39679316,0,0.0
0.33548152,0,0.0
0.36048198,0,1.0
0.15228905,0,0.0
0.23276183,0,0.0
0.3435237,0,0.0
0.32135206,0,0.0
0.22818708,0,1.0
0.20883922,0,0.0
0.26366064,0,0.0
0.18391563,0,0.0
0.24092036,0,0.0
0.18723582,0,0.0
0.40437725,0,1.0
0.1831081,0,0.0
0.38898587,0,1.0
0.21956906,0,0.0
0.42481285,0,0.0
0.3827786,0,0.0
0.39923093,0,0.0
0.3346463,0,0.0
0.37314722,0,1.0
0.25923818,0,0.0
0.31116557,0,0.0
0.40686196,0,0.0
0.41214,0,1.0
0.2480221,0,0.0
0.38795528,0,0.0
0.35500774,0,0.0
0.32032084,0,1.0
0.14498676,0,0.0
0.4281183,0,0.0
0.34425226,0,0.0
0.30288798,0,0.0
0.32413435,0,0.0
0.36174372,0,0.0
0.21301407,0,1.0
0.16238445,0,0.0
0.26878533,0,0.0
0.240697,0,0.0
0.25161752,0,0.0
0.33540994,0,1.0
0.21169157,0,0.0
0.43069965,0,0.0
0.3985441,0,0.0
0.35566646,0,0.0
0.31452698,0,0.0
0.3551121,0,1.0
0.32369405,0,0.0
0.43446487,0,0.0
0.3878181,0,1.0
0.2486131,0,1.0
0.3452971,0,0.0
0.38878497,0,0.0
0.32277423,0,0.0
0.31191424,0,0.0
0.3993764,0,1.0
0.33859324,0,1.0
0.33531693,0,0.0
0.3463325,0,0.0
0.3533305,0,0.0
0.36977723,0,0.0
0.37627503,0,0.0
0.40241948,0,0.0
0.40366936,0,1.0
0.36355,0,0.0
0.38119888,0,0.0
0.37545913,0,0.0
0.413772,0,0.0
0.3995231,0,1.0
0.38049144,0,0.0
0.3893153,0,0.0
0.3778994,0,1.0
0.3194435,0,0.0
0.35867846,0,0.0
0.37720713,0,0.0
0.3332076,0,1.0
0.27435407,0,1.0
0.2650039,0,0.0
0.38171682,0,0.0
0.39827982,0,1.0
0.24020398,0,0.0
0.35046488,0,1.0
0.29894894,0,0.0
0.27757773,0,0.0
0.32072675,0,1.0
0.28893057,0,0.0
0.32979593,0,0.0
0.38779092,0,0.0
0.36566022,0,1.0
0.16326734,0,0.0
0.28844357,0,0.0
0.40554816,0,1.0
0.2523291,0,0.0
0.36212388,0,0.0
0.3337642,0,1.0
0.2371537,0,0.0
0.30412373,0,1.0
0.25772586,0,0.0
0.33561558,0,0.0
0.2933128,0,1.0
0.21232437,0,0.0
0.21038046,0,0.0
0.2685555,0,1.0
0.19897355,0,0.0
0.2505683,0,0.0
0.31807297,0,0.0
0.36556196,0,1.0
0.20743476,0,0.0
0.3221344,0,1.0
0.27948806,0,0.0
0.3493715,0,1.0
0.30908373,0,0.0
0.33412996,0,1.0
0.24518102,0,1.0
0.25539076,0,1.0
0.27605048,0,0.0
0.36233345,0,0.0
0.25593576,0,0.0
0.32513663,0,0.0
0.3918009,0,1.0
0.3418748,0,1.0
0.26792946,0,0.0
0.24436623,0,0.0
0.4568214,0,1.0
0.2919443,0,0.0
0.2740051,0,0.0
0.4319128,0,0.0
0.43234515,0,0.0
0.3445241,0,0.0
0.4049774,0,1.0
0.38108075,0,0.0
0.4106657,0,0.0
0.3866369,0,0.0
0.43393245,0,0.0
0.38641253,0,1.0
0.35053083,0,0.0
0.40556723,0,0.0
0.40029472,0,0.0
0.3313865,0,0.0
0.32309154,0,1.0
0.31340036,0,0.0
0.36330444,0,1.0
0.21939602,0,0.0
0.2915111,0,0.0
0.28041106,0,0.0
0.38537475,0,1.0
0.1463747,0,0.0
0.36717913,0,0.0
0.4046582,0,0.0
0.281734,0,0.0
0.29773197,0,0.0
0.3545816,0,1.0
0.16626957,0,0.0
0.3804724,0,0.0
0.3198679,0,0.0
0.28497407,0,0.0
0.20408046,0,0.0
0.35176048,0,0.0
0.21371467,0,0.0
0.40327513,0,0.0
0.337164,0,0.0
0.31009182,0,0.0
0.27598652,0,0.0
0.30003807,0,0.0
0.19230784,0,0.0
0.18787713,0,1.0
0.14294402,0,0.0
0.2790761,0,0.0
0.31038663,0,0.0
0.3758169,0,1.0
0.23159428,0,0.0
0.34273365,0,1.0
0.15605623,0,0.0
0.39538515,0,1.0
0.16196163,0,0.0
0.3627961,0,1.0
0.26582843,0,0.0
0.26925054,0,0.0
0.1558865,0,0.0
0.25371957,0,0.0
0.19950947,0,0.0
0.1191601,0,0.0
0.15680152,0,0.0
0.3901562,0,1.0
0.13189459,0,1.0
0.15555723,0,0.0
0.3067206,0,0.0
0.31394485,0,0.0
0.34967214,0,1.0
0.2076259,0,0.0
0.33015123,0,1.0
0.20191129,0,1.0
0.2328533,0,0.0
0.39691043,0,1.0
0.3037668,0,0.0
0.34084448,0,0.0
0.3568887,0,0.0
0.42079479,0,0.0
0.33935502,0,0.0
0.32478178,0,0.0
0.43995422,0,0.0
0.37371886,0,0.0
0.3327236,0,0.0
0.40142298,0,1.0
0.32703373,0,0.0
0.2478053,0,0.0
0.28436354,0,0.0
0.43175352,0,0.0
0.32393986,0,0.0
0.32448727,0,0.0
0.33044413,0,0.0
0.33500376,0,0.0
0.25082266,0,0.0
0.22604728,0,0.0
0.16683508,0,0.0
0.1328792,0,0.0
0.12001948,0,0.0
0.09490104,0,1.0
0.061553705,0,0.0
0.22516482,0,0.0
0.19338569,0,0.0
0.2824038,0,0.0
0.34068552,0,0.0
0.39146766,0,0.0
0.29684383,0,0.0
0.34529462,0,0.0
0.3152946,0,0.0
0.1923243,0,1.0
0.17098193,0,0.0
0.24342047,0,0.0
0.22518465,0,0.0
0.376836,0,0.0
0.2647821,0,0.0
0.30225676,0,1.0
0.12831426,0,0.0
0.4029702,0,0.0
0.33794296,0,0.0
0.3091249,0,0.0
0.37247708,0,0.0
0.36884207,0,0.0
0.31272852,0,0.0
0.25287157,0,0.0
0.29475558,0,0.0
0.17962915,0,0.0
0.15804361,0,1.0
0.1698094,0,0.0
0.24989761,0,0.0
0.36539596,0,1.0
0.22685044,0,0.0
0.24812911,0,0.0
0.28652167,0,0.0
0.32996503,0,1.0
0.17376705,0,0.0
0.34079844,0,0.0
0.44062045,0,1.0
0.2807709,0,0.0
0.24394764,0,0.0
0.33228993,0,0.0
0.42194974,0,0.0
0.30315113,0,0.0
0.29023913,0,0.0
0.2594496,0,1.0
0.20797388,0,1.0
0.33680522,0,0.0
0.35114104,0,0.0
0.32800907,0,1.0
0.31291494,0,0.0
0.36272466,0,0.0
0.3703529,0,0.0
0.30550805,0,0.0
0.33332694,0,0.0
0.33333898,0,0.0
0.34299868,0,0.0
0.29999483,0,1.0
0.25675502,0,1.0
0.23098774,0,0.0
0.35928145,0,0.0
0.32234412,0,0.0
0.35072246,0,1.0
0.25993332,0,0.0
0.33119974,0,0.0
0.2975499,0,0.0
0.38123384,0,0.0
0.46048424,0,1.0
0.4080176,0,1.0
0.39756933,0,0.0
0.3910937,0,1.0
0.34229028,0,1.0
0.41232458,0,0.0
0.4657983,0,0.0
0.4569539,0,0.0
0.42807922,0,1.0
0.41938448,0,0.0
0.42894045,0,1.0
0.36086652,0,1.0
0.34483454,0,0.0
0.39601618,0,1.0
0.3726207,0,0.0
0.38824448,0,0.0
0.3566103,0,1.0
0.30286816,0,0.0
0.36781797,0,0.0
0.38863993,0,1.0
0.2415185,0,0.0
0.3797343,0,0.0
0.3637931,0,0.0
0.30919224,0,1.0
0.27659622,0,0.0
0.3855027,0,1.0
0.24466074,0,0.0
0.27883193,0,1.0
0.23595676,0,0.0
0.3264645,0,0.0
0.22823031,0,0.0
0.32118535,0,1.0
0.23966268,0,0.0
0.377664,0,0.0
0.25595185,0,1.0
0.24132796,0,0.0
0.3045402,0,0.0
0.32599086,0,0.0
0.34489575,0,1.0
0.20774035,0,0.0
0.31644827,0,1.0
0.25052655,0,0.0
0.3341206,0,1.0
0.2898977,0,0.0
0.32189587,0,0.0
0.31990096,0,0.0
0.29939714,0,1.0
0.28483504,0,0.0
0.3279046,0,0.0
0.34701237,0,1.0
0.30735487,0,0.0
0.36628973,0,0.0
0.3914878,0,0.0
0.36988145,0,0.0
0.3612905,0,0.0
0.38368616,0,1.0
0.32525438,0,0.0
0.36522445,0,0.0
0.3181949,0,0.0
0.3092356,0,1.0
0.23331475,0,0.0
0.31580806,0,0.0
0.2603605,0,1.0
0.29338756,0,1.0
0.3575416,0,0.0
0.3564404,0,0.0
0.3366595,0,0.0
0.31585723,0,1.0
0.25759313,0,0.0
0.2850578,0,0.0
0.275032,0,0.0
0.38330033,0,1.0
0.20686251,0,0.0
0.36636004,0,1.0
0.22234382,0,0.0
0.3745005,0,1.0
0.20241049,0,0.0
0.30950004,0,1.0
0.23170124,0,1.0
0.2906247,0,1.0
0.30899924,0,0.0
0.39661843,0,1.0
0.22748405,0,0.0
0.28560916,0,0.0
0.2990703,0,0.0
0.3973105,0,1.0
0.17962882,0,0.0
0.3286243,0,0.0
0.39652783,0,1.0
0.29840964,0,1.0
0.22203593,0,0.0
0.24481195,0,0.0
0.2788335,0,0.0
0.25335997,0,0.0
0.2850591,0,0.0
0.23752528,0,0.0
0.21182878,0,1.0
0.13477422,0,0.0
0.33923942,0,0.0
0.41820386,0,0.0
0.35395613,0,0.0
0.2907868,0,1.0
0.26876107,0,0.0
0.40366563,0,1.0
0.27973905,0,0.0
0.4364533,0,0.0
0.38041294,0,0.0
0.36594996,0,1.0
0.22467248,0,0.0
0.43094057,0,0.0
0.41434327,0,1.0
0.30732068,0,0.0
0.38565114,0,0.0
0.39709726,0,0.0
0.3580795,0,0.0
0.3206343,0,0.0
0.35310504,0,1.0
0.24142891,0,0.0
0.44448683,0,1.0
0.31660458,0,0.0
0.29639092,0,0.0
0.29135406,0,0.0
0.30042928,0,0.0
0.28329524,0,0.0
0.32869363,0,1.0
0.19306137,0,0.0
0.33507842,0,0.0
0.33910728,0,0.0
0.28193057,0,0.0
0.21927075,0,0.0
0.42350563,0,0.0
0.3300537,0,0.0
0.3009132,0,0.0
0.3826653,0,0.0
0.36868906,0,0.0
0.2955449,0,1.0
0.19856726,0,0.0
0.35062805,0,1.0
0.2677641,0,1.0
0.30082965,0,0.0
0.2944942,0,1.0
0.35118774,0,0.0
0.39450637,0,0.0
0.35320827,0,1.0
0.28959662,0,0.0
0.30855203,0,0.0
0.398025,0,0.0
0.3579325,0,0.0
0.29163155,0,0.0
0.33144364,0,0.0
0.33841228,0,0.0
0.45353466,0,0.0
0.38979217,0,0.0
0.3738607,0,0.0
0.36946797,0,0.0
0.40351436,0,1.0
0.27561015,0,0.0
0.44857514,0,1.0
0.36609232,0,0.0
0.3687599,0,0.0
0.37824088,0,0.0
0.4592086,0,0.0
0.35987368,0,1.0
0.30983385,0,0.0
0.41567767,0,1.0
0.30275068,0,0.0
0.39454532,0,0.0
0.4254734,0,0.0
0.40614626,0,0.0
0.34932202,0,0.0
0.3734641,0,0.0
0.2930614,0,0.0
0.17367327,0,0.0
0.1733536,0,0.0
0.1432148,0,1.0
0.067416385,0,0.0
0.32305285,0,1.0
0.211108,0,0.0
0.2957392,0,0.0
0.27830392,0,0.0
0.42144093,0,1.0
0.16040039,0,0.0
0.19925393,0,0.0
0.18520229,0,0.0
0.3258878,0,1.0
0.18539374,0,0.0
0.33798566,0,1.0
0.17867418,0,0.0
0.24231254,0,0.0
0.2575016,0,0.0
0.30456847,0,0.0
0.3235012,0,1.0
0.19923653,0,0.0
0.39150965,0,1.0
0.21963,0,0.0
0.31509334,0,0.0
0.2410678,0,0.0
0.42036045,0,0.0
0.28772053,0,1.0
0.18630458,0,0.0
0.17340179,0,0.0
0.40559348,0,1.0
0.24169391,0,0.0
0.19286166,0,0.0
0.40656856,0,0.0
0.45025805,0,0.0
0.34134296,0,0.0
0.35902134,0,1.0
0.32702473,0,0.0
0.40935794,0,0.0
0.35829896,0,0.0
0.2933715,0,0.0
0.2541611,0,0.0
0.3469145,0,1.0
0.15432306,0,0.0
0.34137055,0,0.0
0.33147433,0,0.0
0.27742228,0,0.0
0.27534634,0,0.0
0.30868834,0,0.0
0.35841578,0,1.0
0.18857065,0,0.0
0.30883646,0,1.0
0.18210228,0,0.0
0.39967278,0,1.0
0.25739524,0,0.0
0.2973842,0,0.0
0.27423534,0,0.0
0.32240382,0,0.0
0.28256273,0,0.0
0.27513602,0,1.0
0.16192253,0,0.0
0.23853418,0,1.0
0.2550511,0,0.0
0.27358747,0,0.0
0.28701076,0,0.0
0.3572139,0,0.0
0.40098393,0,1.0
0.2841301,0,1.0
0.2635978,0,0.0
0.35799176,0,1.0
0.27543145,0,0.0
0.34232017,0,1.0
0.28011447,0,0.0
0.36577746,0,0.0
0.2896942,0,0.0
0.31097704,0,0.0
0.40208763,0,0.0
0.40988553,0,0.0
0.37832892,0,1.0
0.32287386,0,0.0
0.3452449,0,0.0
0.34422216,0,1.0
0.27150854,0,1.0
0.30955526,0,0.0
0.27794662,0,0.0
0.3292684,0,0.0
0.2288811,0,0.0
0.29456708,0,1.0
0.23618975,0,0.0
0.18582842,0,1.0
0.16349444,0,0.0
0.19419658,0,0.0
0.24235193,0,0.0
0.27348933,0,0.0
0.24422458,0,0.0
0.15081035,0,0.0
0.10774792,0,0.0
0.0770098,0,0.0
0.07647868,0,0.0
0.086418085,0,1.0
0.055836864,0,0.0
0.16970067,0,1.0
0.04827856,0,0.0
0.22139195,0,1.0
0.055185836,0,0.0
0.3803673,0,0.0
0.17107326,0,0.0
0.3041573,0,0.0
0.17513803,0,0.0
0.29810852,0,0.0
0.17205046,0,0.0
0.1557991,0,0.0
0.14390573,0,0.0
0.1510122,0,0.0
0.17233199,0,0.0
0.09399846,0,0.0
0.06291234,0,0.0
0.032895915,0,0.0
0.008738644,0,0.0
0.0069160135,0,1.0
0.0045358776,0,0.0
0.03903638,0,0.0
0.044715412,0,0.0
0.06639803,0,0.0
0.07048983,0,0.0
0.26606932,0,0.0
0.16306539,0,0.0
0.4286476,0,0.0
0.37854823,0,0.0
0.32875434,0,1.0
0.21838185,0,0.0
0.39890385,0,1.0
0.22439499,0,0.0
0.33321753,0,1.0
0.14581774,0,0.0
0.39481717,0,0.0
0.27771044,0,0.0
0.3392433,0,0.0
0.19895339,0,1.0
0.19633204,0,0.0
0.3054877,0,0.0
0.28668037,0,0.0
0.2589033,0,0.0
0.22611676,0,0.0
0.386661,0,1.0
0.1706954,0,0.0
0.32382536,0,0.0
0.40292716,0,0.0
0.40918282,0,0.0
0.35495058,0,1.0
0.27031162,0,0.0
0.3355281,0,0.0
0.30974948,0,1.0
0.1580295,0,0.0
0.21800911,0,0.0
0.37905568,0,1.0
0.15920992,0,0.0
0.28937593,0,0.0
0.2977461,0,0.0
0.33383933,0,0.0
0.40472534,0,1.0
0.33137852,0,0.0
0.2990082,0,0.0
0.27570474,0,0.0
0.39073923,0,0.0
0.231305,0,0.0
0.3658111,0,1.0
0.24555959,0,0.0
0.30206665,0,1.0
0.1846115,0,0.0
0.34193048,0,1.0
0.16192056,0,0.0
0.24901162,0,0.0
0.32717875,0,0.0
0.34078434,0,0.0
0.20978422,0,0.0
0.20720573,0,0.0
0.24236614,0,1.0
0.051937148,0,0.0
0.076149434,0,0.0
0.19663908,0,1.0
0.15666832,0,0.0
0.17166315,0,1.0
0.2812691,0,0.0
0.3383692,0,1.0
0.306314,0,0.0
0.34690773,0,0.0
0.27949885,0,0.0
0.3149762,0,1.0
0.26343998,0,0.0
0.29233405,0,0.0
0.38813984,0,0.0
0.31225365,0,1.0
0.20933029,0,0.0
0.24884757,0,0.0
0.27826896,0,0.0
0.23498581,0,0.0
0.20341495,0,0.0
0.17509945,0,0.0
0.12477645,0,0.0
0.11346658,0,0.0
0.0681059,0,1.0
0.08035222,0,0.0
0.23147966,0,0.0
0.3484539,0,1.0
0.16770048,0,0.0
0.2923465,0,1.0
0.31336468,0,0.0
0.28476372,0,0.0
0.2557523,0,0.0
0.19639501,0,0.0
0.12746598,0,0.0
0.26766944,0,0.0
0.11895774,0,0.0
0.10962754,0,0.0
0.066888504,0,0.0
0.05839156,0,1.0
0.0711783,0,0.0
0.26487967,0,1.0
0.13208371,0,0.0
0.1544815,0,0.0
0.12111325,0,1.0
0.20228772,0,0.0
0.30792108,0,0.0
0.39661533,0,0.0
0.37243053,0,1.0
0.19816887,0,0.0
0.302694,0,0.0
0.41064394,0,0.0
0.32826468,0,0.0
0.25728256,0,1.0
0.22175129,0,0.0
0.27711767,0,0.0
0.4170464,0,1.0
0.29206523,0,0.0
0.36548933,0,0.0
0.3582846,0,0.0
0.37178156,0,0.0
0.30332792,0,0.0
0.3600807,0,0.0
0.25653708,0,0.0
0.39181966,0,0.0
0.33886382,0,0.0
0.31618968,0,0.0
0.26245937,0,0.0
0.28399965,0,0.0
0.17109826,0,0.0
0.12677465,0,0.0
0.10168288,0,0.0
0.09557081,0,0.0
0.07178954,0,0.0
0.06180345,0,0.0
0.036158085,0,0.0
0.029428603,0,0.0
0.014692496,0,0.0
0.005657349,0,0.0
0.0060767564,0,0.0
0.005767622,0,0.0
0.008935151,0,0.0
0.011892845,0,0.0
0.010425602,0,0.0
0.004465954,0,0.0
0.003189906,0,0.0
0.005933521,0,0.0
0.0046260017,0,0.0
0.063004084,0,0.0
0.080829196,0,0.0
0.12418474,0,0.0
0.11755455,0,0.0
0.16523875,0,0.0
0.14391518,0,0.0
0.26851076,0,1.0
0.1240901,0,0.0
0.35699394,0,0.0
0.2943357,0,0.0
0.30727053,0,0.0
0.2200528,0,1.0
0.22515039,0,0.0
0.24582224,0,0.0
0.29459137,0,0.0
0.2838686,0,0.0
0.20585263,0,1.0
0.16966106,0,0.0
0.22070575,0,0.0
0.28491333,0,0.0
0.28707862,0,0.0
0.259208,0,0.0
0.18718222,0,0.0
0.17561224,0,0.0
0.109240755,0,0.0
0.05989214,0,0.0
0.031846967,0,0.0
0.012449636,0,0.0
0.008698921,0,0.0
0.010220654,0,0.0
0.0045753387,0,0.0
0.0072213025,0,1.0
0.0070068967,0,0.0
0.06394288,0,0.0
0.24002261,0,0.0
0.2572031,0,1.0
0.22787571,0,0.0
0.32960063,0,0.0
0.31402418,0,0.0
0.26739737,0,0.0
0.22507204,0,0.0
0.30238122,0,0.0
0.20350614,0,0.0
0.1642647,0,0.0
0.22574076,0,0.0
0.14780569,0,0.0
0.08428152,0,0.0
0.05126655,0,0.0
0.023743154,0,0.0
0.024893502,0,0.0
0.0078061665,0,0.0
0.0054685925,0,0.0
0.0040421104,0,0.0
0.0038090313,0,0.0
0.0048824972,0,0.0
0.0068789837,0,0.0
0.0060052695,0,0.0
0.07621925,0,1.0
0.009283762,0,0.0
0.14159949,0,0.0
0.19440824,0,1.0
0.18971743,0,0.0
0.1389384,0,0.0
0.24652411,0,0.0
0.26482528,0,0.0
0.24487193,0,0.0
0.23179922,0,0.0
0.41726544,0,1.0
0.29793322,0,1.0
0.26627252,0,0.0
0.28312054,0,0.0
0.36089,0,1.0
0.16089721,0,0.0
0.15857655,0,0.0
0.3188682,0,0.0
0.34577432,0,0.0
0.20527153,0,0.0
0.21186897,0,1.0
0.17551792,0,0.0
0.30607262,0,1.0
0.14335352,0,0.0
0.32248625,0,0.0
0.21490143,0,1.0
0.23147848,0,1.0
0.24652396,0,1.0
0.2738559,0,0.0
0.35723028,0,0.0
0.34710556,0,0.0
0.27381095,0,0.0
0.27381733,0,0.0
0.36518624,0,0.0
0.27214685,0,1.0
0.17850931,0,0.0
0.16871072,0,0.0
0.21240407,0,1.0
0.2960463,0,0.0
0.26989442,0,0.0
0.2642772,0,0.0
0.37690428,0,0.0
0.27365348,0,1.0
0.16387235,0,0.0
0.23342003,0,0.0
0.44549224,0,0.0
0.33303007,0,0.0
0.29162842,0,0.0
0.38533384,0,1.0
0.3242304,0,0.0
0.32780898,0,0.0
0.32184732,0,0.0
0.3370457,0,0.0
0.25958857,0,0.0
0.3250828,0,0.0
0.2280708,0,0.0
0.17336987,0,0.0
0.15223671,0,1.0
0.15747513,0,1.0
0.19290406,0,0.0
0.37207386,0,1.0
0.18926719,0,0.0
0.25577283,0,0.0
0.3597891,0,0.0
0.42242122,0,0.0
0.27786794,0,0.0
0.3284356,0,1.0
0.26998946,0,0.0
0.2300704,0,0.0
0.27112716,0,0.0
0.4362174,0,1.0
0.3222438,0,0.0
0.43111253,0,1.0
0.32782248,0,0.0
0.37806824,0,0.0
0.36481753,0,1.0
0.27937746,0,0.0
0.23818153,0,0.0
0.26536262,0,0.0
0.3366353,0,0.0
0.25466517,0,0.0
0.21303208,0,0.0
0.43250534,0,1.0
0.22222853,0,0.0
0.26232377,0,0.0
0.20882764,0,0.0
0.33332047,0,0.0
0.20942163,0,0.0
0.20368917,0,0.0
0.20980075,0,0.0
0.4366478,0,1.0
0.21434216,0,1.0
0.23794326,0,0.0
0.31624895,0,0.0
0.2835043,0,0.0
0.19677424,0,0.0
0.22101177,0,0.0
0.31175643,0,0.0
0.30342856,0,0.0
0.4308421,0,0.0
0.39165464,0,0.0
0.35149822,0,0.0
0.3073196,0,0.0
0.3375147,0,0.0
0.2533808,0,0.0
0.3422481,0,1.0
0.19960575,0,1.0
0.21248068,0,0.0
0.3573393,0,0.0
0.34738216,0,0.0
0.24597998,0,0.0
0.20097087,0,1.0
0.19995631,0,0.0
0.39291334,0,0.0
0.351013,0,1.0
0.23287642,0,0.0
0.3969246,0,1.0
0.3912132,0,0.0
0.2933353,0,0.0
0.24972615,0,0.0
0.4040726,0,0.0
0.21026467,0,0.0
0.24812312,0,1.0
0.13667266,0,0.0
0.29116443,0,0.0
0.4348277,0,1.0
0.28281194,0,0.0
0.3853671,0,0.0
0.3919284,0,0.0
0.3782669,0,1.0
0.1948258,0,0.0
0.43954894,0,0.0
0.3847974,0,0.0
0.34139863,0,0.0
0.27938822,0,1.0
0.3062562,0,0.0
0.31930634,0,0.0
0.42264882,0,0.0
0.34702158,0,0.0
0.3121776,0,1.0
0.21854958,0,0.0
0.31067353,0,0.0
0.38266665,0,1.0
0.21247275,0,0.0
0.27022856,0,0.0
0.23583472,0,0.0
0.3374043,0,0.0
0.40690055,0,1.0
0.26555797,0,0.0
0.40616867,0,1.0
0.23864661,0,0.0
0.31788847,0,0.0
0.22121759,0,0.0
0.44554874,0,0.0
0.3130951,0,0.0
0.3498361,0,0.0
0.34149873,0,0.0
0.3505736,0,0.0
0.32628503,0,0.0
0.28810203,0,0.0
0.29158196,0,0.0
0.22713992,0,0.0
0.27457243,0,0.0
0.18098009,0,0.0
0.12439618,0,0.0
0.11180532,0,0.0
0.090076916,0,0.0
0.3718431,0,1.0
0.14938708,0,0.0
0.13961811,0,0.0
0.32039046,0,1.0
0.2005506,0,0.0
0.26159957,0,0.0
0.28241435,0,1.0
0.21111232,0,0.0
0.21693641,0,0.0
0.28712252,0,0.0
0.19788733,0,0.0
0.14689586,0,0.0
0.122695744,0,0.0
0.12908667,0,0.0
0.3461889,0,1.0
0.10978238,0,0.0
0.14946073,0,0.0
0.12123084,0,0.0
0.2595654,0,0.0
0.13758272,0,0.0
0.13397698,0,0.0
0.1790952,0,1.0
0.19261022,0,0.0
0.09710681,0,0.0
0.13542247,0,0.0
0.30272207,0,0.0
0.16607617,0,1.0
0.08915039,0,0.0
0.08553592,0,0.0
0.34827882,0,0.0
0.31241193,0,1.0
0.12301863,0,0.0
0.2734189,0,0.0
0.3480875,0,0.0
0.29494613,0,1.0
0.15974666,0,0.0
0.30354428,0,1.0
0.24121262,0,0.0
0.33118534,0,0.0
0.23219338,0,1.0
0.24998951,0,0.0
0.16825747,0,0.0
0.35262495,0,1.0
0.18218015,0,0.0
0.36104333,0,1.0
0.25285622,0,0.0
0.3235048,0,0.0
0.29555184,0,0.0
0.40772828,0,0.0
0.41827518,0,1.0
0.40306643,0,1.0
0.36706883,0,0.0
0.36299312,0,0.0
0.35797134,0,0.0
0.33354408,0,0.0
0.35589448,0,1.0
0.35149577,0,0.0
0.29515776,0,0.0
0.28228036,0,1.0
0.2053873,0,0.0
0.29534778,0,0.0
0.3988488,0,1.0
0.24257948,0,1.0
0.2856946,0,0.0
0.3417466,0,0.0
0.3431857,0,1.0
0.26990163,0,0.0
0.33895397,0,0.0
0.29594532,0,1.0
0.24141105,0,0.0
0.3157595,0,0.0
0.3952983,0,0.0
0.3389086,0,0.0
0.36105326,0,0.0
0.3749552,0,0.0
0.42054138,0,0.0
0.39791426,0,0.0
0.39537504,0,1.0
0.32804835,0,1.0
0.3299502,0,0.0
0.3477322,0,0.0
0.27771336,0,0.0
0.33507612,0,1.0
0.24437866,0,1.0
0.21898496,0,1.0
0.26557997,0,0.0
0.30164817,0,1.0
0.27479988,0,0.0
0.34824607,0,1.0
0.22043727,0,0.0
0.27775502,0,0.0
0.21629065,0,0.0
0.26263675,0,0.0
0.16576335,0,0.0
0.21690075,0,0.0
0.26392165,0,0.0
0.23860301,0,0.0
0.1763739,0,0.0
0.20173252,0,0.0
0.078145534,0,0.0
0.07857191,0,0.0
0.18603793,0,0.0
0.113546014,0,0.0
0.13579611,0,1.0
0.080386475,0,0.0
0.13509597,0,0.0
0.115225576,0,0.0
0.36794323,0,1.0
0.14928323,0,0.0
0.3562889,0,0.0
0.26316905,0,0.0
0.28186938,0,0.0
0.15610272,0,0.0
0.2706128,0,0.0
0.19489484,0,0.0
0.17018604,0,1.0
0.114830166,0,0.0
0.32969263,0,0.0
0.2449327,0,0.0
0.25689805,0,0.0
0.09072083,0,0.0
0.39360392,0,1.0
0.17345822,0,0.0
0.18724298,0,0.0
0.34824148,0,1.0
0.26714608,0,1.0
0.11683108,0,0.0
0.25645265,0,1.0
0.24696352,0,0.0
0.22208601,0,0.0
0.27123737,0,0.0
0.37647206,0,0.0
0.24149509,0,1.0
0.1331956,0,0.0
0.3408411,0,1.0
0.26740488,0,0.0
0.3359005,0,1.0
0.23092644,0,0.0
0.36233094,0,1.0
0.1391274,0,0.0
0.24004608,0,0.0
0.0968772,0,0.0
0.27022347,0,0.0
0.14066574,0,0.0
0.22731236,0,0.0
0.21684232,0,0.0
0.18116912,0,0.0
0.13685146,0,0.0
0.072695814,0,0.0
0.2950922,0,1.0
0.06868653,0,0.0
0.0956675,0,0.0
0.044635177,0,0.0
0.16031443,0,0.0
0.04731699,0,0.0
0.09286732,0,0.0
0.3644401,0,0.0
0.28827074,0,0.0
0.2565843,0,0.0
0.38078004,0,0.0
0.32992256,0,0.0
0.27756187,0,0.0
0.2203714,0,1.0
0.17318903,0,0.0
0.16400488,0,0.0
0.21317068,0,0.0
0.24408108,0,0.0
0.23027113,0,0.0
0.36922795,0,0.0
0.29026905,0,1.0
0.13703865,0,0.0
0.28689373,0,0.0
0.33638334,0,1.0
0.1689788,0,0.0
0.2590517,0,0.0
0.3259241,0,0.0
0.25383413,0,1.0
0.12297796,0,0.0
0.2469764,0,1.0
0.1408737,0,0.0
0.25396642,0,0.0
0.21207269,0,1.0
0.22347605,0,0.0
0.23727712,0,0.0
0.28549597,0,0.0
0.19071709,0,0.0
0.115308546,0,1.0
0.14263207,0,0.0
0.2954353,0,1.0
0.1692863,0,0.0
0.32837832,0,0.0
0.20362055,0,0.0
0.31936255,0,1.0
0.11217181,0,0.0
0.35901883,0,1.0
0.23521204,0,0.0
0.25824496,0,0.0
0.26188532,0,1.0
0.2199583,0,0.0
0.2860395,0,0.0
0.27958095,0,1.0
0.23573582,0,0.0
0.18638696,0,0.0
0.2898042,0,0.0
0.30903515,0,0.0
0.24152301,0,0.0
0.24989562,0,1.0
0.12502696,0,0.0
0.22990455,0,0.0
0.18530627,0,0.0
0.34167936,0,0.0
0.22526875,0,1.0
0.14327909,0,0.0
0.24467175,0,0.0
0.2864597,0,0.0
0.20890471,0,0.0
0.18279704,0,0.0
0.1400541,0,0.0
0.11438026,0,0.0
0.077994734,0,0.0
0.10390168,0,0.0
0.06946733,0,0.0
0.031341318,0,0.0
0.037834093,0,0.0
0.01861067,0,0.0
0.010571277,0,0.0
0.009845169,0,0.0
0.012016535,0,0.0
0.015995024,0,0.0
0.014378679,0,0.0
0.03364808,0,0.0
0.022532776,0,0.0
0.018678175,0,0.0
0.016001876,0,0.0
0.01187128,0,0.0
0.0075480845,0,0.0
0.08156285,0,1.0
0.007753978,0,0.0
0.0209306,0,0.0
0.021588784,0,0.0
0.18557301,0,0.0
0.12692404,0,0.0
0.32607532,0,1.0
0.12376593,0,0.0
0.16331342,0,0.0
0.33711955,0,0.0
0.36857596,0,1.0
0.13739766,0,0.0
0.32303035,0,0.0
0.3118069,0,0.0
0.25945428,0,0.0
0.15617907,0,0.0
0.26047066,0,0.0
0.3410516,0,0.0
0.2987138,0,1.0
0.12561986,0,0.0
0.1661528,0,0.0
0.25667715,0,0.0
0.24096617,0,0.0
0.20977092,0,0.0
0.36225986,0,0.0
0.28495085,0,0.0
0.3742831,0,1.0
0.2420189,0,1.0
0.18432562,0,0.0
0.14852238,0,1.0
0.24254158,0,0.0
0.32226372,0,1.0
0.23693123,0,0.0
0.2597865,0,0.0
0.19609694,0,0.0
0.2692233,0,0.0
0.21294269,0,0.0
0.1751437,0,0.0
0.12827946,0,0.0
0.1038625,0,0.0
0.33681548,0,0.0
0.3106188,0,1.0
0.11402603,0,0.0
0.16249362,0,0.0
0.37884986,0,0.0
0.27886856,0,1.0
0.15227005,0,0.0
0.33082998,0,0.0
0.33554658,0,0.0
0.4532407,0,0.0
0.35539696,0,0.0
0.45869175,0,1.0
0.43140125,0,0.0
0.35666692,0,0.0
0.29208225,0,1.0
0.27195263,0,1.0
0.26530004,0,1.0
0.25599366,0,0.0
0.2933125,0,0.0
0.30947465,0,1.0
0.32912573,0,0.0
0.39112282,0,1.0
0.3683741,0,1.0
0.36387858,0,1.0
0.34757084,0,0.0
0.41598365,0,0.0
0.39613265,0,1.0
0.40000647,0,1.0
0.40955824,0,1.0
0.38890567,0,0.0
0.36062172,0,1.0
0.35099608,0,0.0
0.36338872,0,1.0
0.35618246,0,0.0
0.34141487,0,0.0
0.35100752,0,1.0
0.31986752,0,1.0
0.3210191,0,1.0
0.3049859,0,1.0
0.29995424,0,0.0
0.3596478,0,0.0
0.34428424,0,0.0
0.4219963,0,1.0
0.3918272,0,0.0
0.41516614,0,1.0
0.39468202,0,0.0
0.38095567,0,0.0
0.38249326,0,0.0
0.36851504,0,0.0
0.35508308,0,0.0
0.39403358,0,1.0
0.32005632,0,1.0
0.34752145,0,0.0
0.36245626,0,0.0
0.39014253,0,0.0
0.38746387,0,0.0
0.41708106,0,1.0
0.4112459,0,0.0
0.413179,0,0.0
0.41598287,0,0.0
0.38988608,0,1.0
0.32580933,0,0.0
0.38081652,0,0.0
0.36167866,0,0.0
0.3628938,0,1.0
0.24835813,0,0.0
0.38583967,0,0.0
0.33815134,0,0.0
0.34607235,0,0.0
0.28443167,0,0.0
0.395838,0,0.0
0.3493203,0,0.0
0.3252191,0,0.0
0.3214963,0,1.0
0.29443383,0,0.0
0.33714437,0,0.0
0.394871,0,0.0
0.34195817,0,1.0
0.3303571,0,0.0
0.36804673,0,0.0
0.3822671,0,0.0
0.33779785,0,1.0
0.30653733,0,1.0
0.3432315,0,0.0
0.328581,0,0.0
0.35506728,0,1.0
0.26742336,0,0.0
0.39556676,0,1.0
0.32793924,0,0.0
0.34281424,0,0.0
0.30918732,0,0.0
0.3391478,0,1.0
0.2207358,0,0.0
0.2657753,0,0.0
0.35865575,0,0.0
0.29080245,0,0.0
0.37303147,0,1.0
0.3203528,0,0.0
0.33836836,0,0.0
0.35853967,0,0.0
0.34876218,0,0.0
0.39477223,0,1.0
0.36582553,0,0.0
0.38925135,0,0.0
0.34681687,0,0.0
0.3501,0,1.0
0.24295935,0,0.0
0.34288368,0,1.0
0.2769464,0,0.0
0.2968234,0,0.0
0.3155094,0,0.0
0.38140592,0,0.0
0.29694268,0,0.0
0.25856876,0,0.0
0.23925528,0,0.0
0.30847037,0,0.0
0.38206467,0,1.0
0.27772245,0,0.0
0.33458886,0,1.0
0.2632432,0,0.0
0.3561279,0,1.0
0.25521153,0,0.0
0.30044028,0,0.0
0.34825492,0,1.0
0.27014953,0,0.0
0.29724848,0,0.0
0.2993481,0,0.0
0.3255386,0,1.0
0.2112138,0,0.0
0.37780246,0,1.0
0.24584766,0,0.0
0.34861115,0,0.0
0.33301255,0,0.0
0.38901928,0,1.0
0.24147375,0,0.0
0.32797483,0,0.0
0.27016124,0,0.0
0.37423396,0,1.0
0.20991777,0,0.0
0.29788542,0,0.0
0.34680638,0,0.0
0.38635415,0,0.0
0.32560965,0,0.0
0.3590375,0,0.0
0.3814313,0,0.0
0.36863887,0,0.0
0.39807647,0,0.0
0.38371912,0,1.0
0.34176716,0,0.0
0.3935011,0,1.0
0.3542661,0,0.0
0.34747225,0,0.0
0.3099797,0,1.0
0.31560093,0,0.0
0.31242833,0,0.0
0.31195518,0,0.0
0.24789101,0,0.0
0.266648,0,0.0
0.3020721,0,0.0
0.19754218,0,0.0
0.35359457,0,1.0
0.21730578,0,0.0
0.20883363,0,0.0
0.20036425,0,0.0
0.27253485,0,0.0
0.1812602,0,0.0
0.3452446,0,1.0
0.14785011,0,0.0
0.38067028,0,0.0
0.3992952,0,1.0
0.29739156,0,0.0
0.3096629,0,0.0
0.2815974,0,0.0
0.37060314,0,0.0
0.28941393,0,0.0
0.30150464,0,1.0
0.1879846,0,0.0
0.3803343,0,1.0
0.29853916,0,0.0
0.34886888,0,0.0
0.32034555,0,0.0
0.39585075,0,0.0
0.36104742,0,0.0
0.3692431,0,0.0
0.28263816,0,0.0
0.3111216,0,1.0
0.23624308,0,0.0
0.3455917,0,0.0
0.3829144,0,1.0
0.33044395,0,0.0
0.32117644,0,0.0
0.39443356,0,1.0
0.31725287,0,0.0
0.38517368,0,1.0
0.2995526,0,0.0
0.3566566,0,1.0
0.33875376,0,0.0
0.34059012,0,0.0
0.3264862,0,0.0
0.36499214,0,0.0
0.39048594,0,0.0
0.37419128,0,1.0
0.28288358,0,0.0
0.39652407,0,0.0
0.34936514,0,1.0
0.2646833,0,0.0
0.3582529,0,1.0
0.3198855,0,1.0
0.38657022,0,0.0
0.40954497,0,0.0
0.3395055,0,0.0
0.29034254,0,0.0
0.30008894,0,0.0
0.36885643,0,0.0
0.3351469,0,0.0
0.3691866,0,0.0
0.30048397,0,0.0
0.35638273,0,0.0
0.32320917,0,0.0
0.3416595,0,0.0
0.31673205,0,0.0
0.3450452,0,0.0
0.274534,0,0.0
0.2930513,0,0.0
0.24817918,0,0.0
0.30821025,0,0.0
0.29875943,0,0.0
0.20988233,0,0.0
0.12907946,0,1.0
0.14272627,0,0.0
0.16141045,0,0.0
0.10012165,0,0.0
0.09318369,0,0.0
0.19702639,0,0.0
0.19283116,0,0.0
0.3412635,0,1.0
0.2996877,0,0.0
0.39545894,0,0.0
0.38996798,0,0.0
0.3777062,0,0.0
0.36085543,0,0.0
0.39897788,0,0.0
0.36924094,0,0.0
0.39488995,0,1.0
0.37772352,0,0.0
0.4573663,0,0.0
0.45227224,0,1.0
0.44458795,0,1.0
0.43664286,0,0.0
0.42819723,0,0.0
0.3936325,0,1.0
0.40045577,0,0.0
0.43025312,0,1.0
0.41358358,0,1.0
0.37669846,0,0.0
0.38864195,0,0.0
0.3889262,0,0.0
0.37417606,0,0.0
0.4149474,0,0.0
0.4353757,0,0.0
0.42944694,0,1.0
0.40849495,0,1.0
0.39843056,0,0.0
0.41852832,0,0.0
0.3775618,0,0.0
0.38020968,0,0.0
0.41148448,0,0.0
0.42662957,0,0.0
0.4163994,0,1.0
0.4022665,0,0.0
0.3989005,0,0.0
0.40633968,0,1.0
0.39159146,0,1.0
0.38804466,0,1.0
0.38984442,0,0.0
0.39055118,0,1.0
0.34037215,0,1.0
0.3596732,0,0.0
0.3915503,0,0.0
0.37692755,0,0.0
0.34303695,0,1.0
0.31621656,0,1.0
0.3592946,0,1.0
0.33305374,0,0.0
0.35756478,0,0.0
0.3488745,0,1.0
0.3216012,0,0.0
0.35460678,0,0.0
0.4038298,0,0.0
0.40103194,0,0.0
0.40254915,0,0.0
0.40388432,0,0.0
0.40316808,0,0.0
0.3523042,0,0.0
0.32608628,0,1.0
0.28401244,0,0.0
0.37207893,0,0.0
0.3393904,0,1.0
0.3345675,0,1.0
0.30879346,0,1.0
0.30244964,0,0.0
0.33767775,0,0.0
0.31454575,0,1.0
0.28277573,0,0.0
0.30386966,0,1.0
0.2932551,0,0.0
0.3169783,0,0.0
0.3722518,0,0.0
0.39780688,0,1.0
0.3508078,0,0.0
0.40683743,0,0.0
0.3942067,0,0.0
0.35809332,0,0.0
0.33402702,0,0.0
0.39981666,0,0.0
0.42216033,0,1.0
0.40455803,0,1.0
0.41048414,0,0.0
0.41436136,0,0.0
0.3889897,0,0.0
0.40631962,0,0.0
0.4205636,0,0.0
0.44175437,0,1.0
0.43032524,0,1.0
0.42100668,0,0.0
0.40157354,0,0.0
0.38501394,0,0.0
0.39930823,0,0.0
0.40209538,0,0.0
0.4102536,0,0.0
0.4130566,0,0.0
0.41532907,0,0.0
0.3985638,0,1.0
0.38453564,0,1.0
0.3907492,0,0.0
0.38839364,0,1.0
0.32629862,0,0.0
0.3731232,0,0.0
0.40280735,0,0.0
0.39768547,0,0.0
0.39340922,0,0.0
0.407418,0,1.0
0.40004006,0,0.0
0.4062368,0,0.0
0.4125137,0,1.0
0.3927499,0,0.0
0.4082596,0,0.0
0.40499836,0,0.0
0.3991003,0,0.0
0.41690505,0,1.0
0.40837884,0,0.0
0.4143671,0,0.0
0.41282105,0,1.0
0.38260192,0,0.0
0.39442667,0,0.0
0.3914418,0,1.0
0.34075448,0,0.0
0.3782024,0,1.0
0.3538164,0,1.0
0.33493036,0,0.0
0.3466312,0,0.0
0.3457865,0,0.0
0.30106395,0,0.0
0.28164303,0,0.0
0.30415857,0,0.0
0.41544577,0,1.0
0.38762242,0,0.0
0.40232933,0,1.0
0.3877426,0,0.0
0.3774602,0,0.0
0.37662524,0,1.0
0.32213375,0,1.0
0.32219976,0,0.0
0.33841383,0,0.0
0.33727115,0,0.0
0.32164383,0,0.0
0.3008456,0,0.0
0.26365873,0,0.0
0.33076248,0,0.0
0.30295527,0,1.0
0.2733964,0,1.0
0.35097152,0,1.0
0.34553397,0,0.0
0.32718945,0,0.0
0.34334967,0,0.0
0.34566328,0,0.0
0.32961175,0,1.0
0.2729838,0,1.0
0.2690999,0,0.0
0.3461283,0,0.0
0.31538185,0,0.0
0.2818695,0,1.0
0.22837245,0,0.0
0.36855584,0,1.0
0.26035807,0,0.0
0.30218193,0,0.0
0.3160631,0,1.0
0.2763985,0,0.0
0.34310946,0,1.0
0.2955853,0,0.0
0.39385843,0,1.0
0.2733932,0,0.0
0.3515621,0,1.0
0.23377056,0,0.0
0.36999762,0,1.0
0.26339465,0,0.0
0.32782596,0,0.0
0.31548083,0,0.0
0.32623795,0,0.0
0.3489252,0,0.0
0.36282668,0,1.0
0.25428072,0,0.0
0.3438568,0,0.0
0.32820964,0,0.0
0.340031,0,0.0
0.32901052,0,0.0
0.34663382,0,0.0
0.38284248,0,0.0
0.3500008,0,0.0
0.3354935,0,1.0
0.23233393,0,1.0
0.2966389,0,0.0
0.3158054,0,0.0
0.3452199,0,0.0
0.3331116,0,0.0
0.38293383,0,0.0
0.34408143,0,0.0
0.33250755,0,0.0
0.2759107,0,0.0
0.30015984,0,0.0
0.24152395,0,1.0
0.26484823,0,0.0
0.31694657,0,0.0
0.34675097,0,0.0
0.30799106,0,0.0
0.3190185,0,0.0
0.2962941,0,0.0
0.28476185,0,0.0
0.334951,0,0.0
0.30511552,0,0.0
0.27314016,0,1.0
0.1992367,0,0.0
0.35993952,0,0.0
0.30830148,0,0.0
0.29602048,0,0.0
0.28987244,0,0.0
0.34277955,0,0.0
0.3412562,0,0.0
0.34794393,0,0.0
0.33561343,0,0.0
0.39595753,0,1.0
0.36891264,0,0.0
0.36173368,0,0.0
0.39575392,0,1.0
0.3516729,0,1.0
0.366969,0,0.0
0.3556837,0,0.0
0.35828993,0,1.0
0.3089171,0,1.0
0.3369337,0,0.0
0.3328986,0,0.0
0.33166882,0,0.0
0.32587156,0,0.0
0.33273804,0,0.0
0.34862667,0,0.0
0.3770493,0,0.0
0.38100994,0,0.0
0.3561166,0,1.0
0.3629836,0,0.0
0.38506714,0,0.0
0.38968912,0,1.0
0.37297896,0,1.0
0.37314034,0,0.0
0.40006793,0,0.0
0.3896285,0,0.0
0.39117828,0,0.0
0.40163496,0,0.0
0.39709696,0,0.0
0.3677666,0,0.0
0.3544228,0,0.0
0.34065086,0,1.0
0.3236026,0,1.0
0.34026563,0,1.0
0.37567043,0,1.0
0.33854476,0,1.0
0.38290533,0,0.0
0.4277094,0,0.0
0.39113396,0,1.0
0.32986748,0,0.0
0.394445,0,0.0
0.41200787,0,1.0
0.35872644,0,0.0
0.38744882,0,0.0
0.4043974,0,0.0
0.41543746,0,0.0
0.40362233,0,0.0
0.42001793,0,1.0
0.40382558,0,0.0
0.42299482,0,1.0
0.3623458,0,0.0
0.39957362,0,0.0
0.40222168,0,0.0
0.41697356,0,1.0
0.38288864,0,0.0
0.38876507,0,0.0
0.34211937,0,0.0
0.3290744,0,0.0
0.357304,0,1.0
0.3434509,0,1.0
0.32815564,0,1.0
0.30551246,0,0.0
0.34471154,0,0.0
0.35918212,0,0.0
0.34884745,0,0.0
0.3824842,0,1.0
0.36046275,0,1.0
0.32215998,0,1.0
0.30842134,0,1.0
0.33863986,0,0.0
0.35096875,0,0.0
0.34164637,0,0.0
0.3590562,0,0.0
0.36298624,0,0.0
0.36437532,0,1.0
0.3013968,0,0.0
0.3097377,0,0.0
0.33187187,0,0.0
0.33373594,0,1.0
0.25366312,0,0.0
0.32212195,0,0.0
0.36398873,0,0.0
0.37370571,0,1.0
0.2414715,0,1.0
0.33202708,0,0.0
0.37492347,0,0.0
0.32857662,0,0.0
0.36679614,0,0.0
0.3431107,0,0.0
0.36322019,0,1.0
0.26767865,0,1.0
0.27063486,0,0.0
0.26707748,0,0.0
0.2772414,0,0.0
0.3089616,0,1.0
0.26074308,0,1.0
0.26568076,0,1.0
0.329667,0,1.0
0.34833074,0,0.0
0.36988205,0,0.0
0.33390066,0,1.0
0.3427576,0,1.0
0.3906558,0,1.0
0.39037538,0,0.0
0.3764295,0,0.0
0.34277323,0,1.0
0.34915277,0,0.0
0.40664306,0,0.0
0.41543368,0,0.0
0.4121912,0,1.0
0.3835837,0,1.0
0.3894525,0,0.0
0.41351187,0,0.0
0.35828584,0,0.0
0.33473656,0,0.0
0.38537085,0,0.0
0.39770624,0,0.0
0.3370398,0,0.0
0.39758915,0,0.0
0.3598583,0,0.0
0.391877,0,1.0
0.33885086,0,1.0
0.3429883,0,0.0
0.32719645,0,0.0
0.3554304,0,1.0
0.2737261,0,1.0
0.32923424,0,0.0
0.37264958,0,1.0
0.39416856,0,1.0
0.40134484,0,1.0
0.31916252,0,0.0
0.33037356,0,0.0
0.31904137,0,1.0
0.31445685,0,0.0
0.3689511,0,1.0
0.36483917,0,1.0
0.33636743,0,0.0
0.3667622,0,0.0
0.36354363,0,0.0
0.40644506,0,0.0
0.4087814,0,0.0
0.42275313,0,1.0
0.41734335,0,0.0
0.42391875,0,1.0
0.37841922,0,1.0
0.3614285,0,0.0
0.37440762,0,0.0
0.37028527,0,0.0
0.35794863,0,0.0
0.36532244,0,1.0
0.36745968,0,0.0
0.39352682,0,0.0
0.37117875,0,0.0
0.4081182,0,0.0
0.39652902,0,0.0
0.4159694,0,1.0
0.41138712,0,0.0
0.4044233,0,0.0
0.40318483,0,0.0
0.39369482,0,0.0
0.39582035,0,1.0
0.35522792,0,0.0
0.37780687,0,1.0
0.34783688,0,1.0
0.33271918,0,1.0
0.31839257,0,1.0
0.31937447,0,0.0
0.38361463,0,1.0
0.31579825,0,1.0
0.32143912,0,0.0
0.39255473,0,1.0
0.33164954,0,0.0
0.31620482,0,0.0
0.35689688,0,0.0
0.39042327,0,0.0
0.3357708,0,0.0
0.36318225,0,0.0
0.37294808,0,0.0
0.31010595,0,1.0
0.22921899,0,0.0
0.35064992,0,0.0
0.3118937,0,0.0
0.33042768,0,0.0
0.29297468,0,0.0
0.34047952,0,1.0
0.22976084,0,0.0
0.3128389,0,0.0
0.27353567,0,0.0
0.31102282,0,0.0
0.2688769,0,0.0
0.26413327,0,0.0
0.2715756,0,0.0
0.26818416,0,0.0
0.22483757,0,0.0
0.24863842,0,0.0
0.34632683,0,0.0
0.3111951,0,0.0
0.38192242,0,1.0
0.27291387,0,1.0
0.35382578,0,0.0
0.40155736,0,1.0
0.34027797,0,0.0
0.3488418,0,1.0
0.33439913,0,0.0
0.34085366,0,0.0
0.35371706,0,1.0
0.32548657,0,0.0
0.31908268,0,0.0
0.3275014,0,0.0
0.39500338,0,0.0
0.36344573,0,0.0
0.37781164,0,0.0
0.3698455,0,1.0
0.34085757,0,1.0
0.26040038,0,0.0
0.32043207,0,0.0
0.3912182,0,0.0
0.36095297,0,1.0
0.3213716,0,0.0
0.35593134,0,0.0
0.34599614,0,0.0
0.4161553,0,0.0
0.41387498,0,1.0
0.40561613,0,1.0
0.403021,0,0.0
0.41131717,0,0.0
0.38607255,0,1.0
0.33063674,0,1.0
0.3516974,0,0.0
0.35691458,0,1.0
0.31018075,0,0.0
0.31477487,0,1.0
0.29220402,0,0.0
0.30592102,0,0.0
0.3143103,0,0.0
0.27322564,0,0.0
0.2515142,0,0.0
0.20564963,0,1.0
0.1854935,0,0.0
0.21900977,0,1.0
0.27079117,0,0.0
0.3300851,0,0.0
0.31818688,0,0.0
0.33142668,0,1.0
0.3105837,0,0.0
0.3398281,0,0.0
0.36010543,0,0.0
0.35269856,0,0.0
0.3346374,0,0.0
0.36918688,0,0.0
0.3658746,0,0.0
0.3770979,0,0.0
0.37610236,0,0.0
0.3579185,0,0.0
0.37713468,0,0.0
0.36007583,0,0.0
0.39225575,0,0.0
0.3774122,0,0.0
0.3750837,0,0.0
0.37889075,0,0.0
0.36124033,0,0.0
0.3384556,0,0.0
0.34449956,0,1.0
0.36515737,0,0.0
0.39613938,0,1.0
0.37273848,0,0.0
0.35797915,0,0.0
0.3942476,0,0.0
0.4024181,0,0.0
0.3971566,0,1.0
0.39737022,0,0.0
0.41372406,0,1.0
0.35591206,0,1.0
0.35898036,0,1.0
0.3965482,0,0.0
0.37917194,0,0.0
0.32950237,0,1.0
0.39292318,0,1.0
0.41015998,0,1.0
0.40533605,0,0.0
0.36575168,0,0.0
0.37399825,0,1.0
0.36499482,0,0.0
0.42085,0,0.0
0.4180304,0,0.0
0.42554113,0,0.0
0.43881088,0,1.0
0.41834387,0,0.0
0.43145177,0,0.0
0.42191473,0,0.0
0.41828033,0,0.0
0.43531922,0,1.0
0.42462534,0,0.0
0.42835623,0,0.0
0.42038822,0,1.0
0.3618654,0,0.0
0.40421852,0,0.0
0.4016603,0,1.0
0.36553147,0,0.0
0.3832144,0,1.0
0.36867455,0,0.0
0.34974936,0,0.0
0.39689636,0,1.0
0.36257437,0,0.0
0.40877575,0,0.0
0.42692485,0,1.0
0.4120781,0,0.0
0.42343208,0,1.0
0.40627858,0,0.0
0.4092694,0,1.0
0.36316726,0,1.0
0.35984603,0,0.0
0.36743358,0,1.0
0.3335534,0,0.0
0.35560304,0,0.0
0.3778925,0,0.0
0.39351106,0,0.0
0.39563668,0,0.0
0.39514166,0,0.0
0.39903045,0,0.0
0.38012978,0,1.0
0.2965821,0,1.0
0.26331297,0,0.0
0.36316672,0,0.0
0.33269396,0,0.0
0.3173965,0,1.0
0.3012736,0,1.0
0.32362434,0,0.0
0.33337185,0,0.0
0.37301064,0,0.0
0.3102483,0,1.0
0.31678763,0,1.0
0.31256315,0,1.0
0.28624338,0,0.0
0.32528764,0,0.0
0.3079088,0,1.0
0.3121725,0,1.0
0.32254,0,1.0
0.36264932,0,0.0
0.40230557,0,0.0
0.31873983,0,0.0
0.3130194,0,0.0
0.38652474,0,1.0
0.35822737,0,1.0
0.2889802,0,0.0
0.2969112,0,0.0
0.35547593,0,1.0
0.30141112,0,0.0
0.34923047,0,0.0
0.37250677,0,0.0
0.38480362,0,0.0
0.29956183,0,1.0
0.27536654,0,1.0
0.3128754,0,0.0
0.35991174,0,0.0
0.36670625,0,0.0
0.39272726,0,1.0
0.37429792,0,0.0
0.4273568,0,0.0
0.4018772,0,0.0
0.36108327,0,0.0
0.32460865,0,0.0
0.34090033,0,0.0
0.28001347,0,1.0
0.23905838,0,0.0
0.29765972,0,1.0
0.2419046,0,0.0
0.37027442,0,0.0
0.33742368,0,1.0
0.2676926,0,0.0
0.31200224,0,0.0
0.32404608,0,1.0
0.26349497,0,0.0
0.30723587,0,0.0
0.2767331,0,0.0
0.24707383,0,0.0
0.19011799,0,0.0
0.31380323,0,0.0
0.23992148,0,0.0
0.26307473,0,1.0
0.1385722,0,0.0
0.20641378,0,0.0
0.167438,0,0.0
0.29767308,0,0.0
0.211308,0,0.0
0.20266418,0,0.0
0.24706,0,0.0
0.23437716,0,0.0
0.25922382,0,1.0
0.12770434,0,0.0
0.2894711,0,1.0
0.17771867,0,1.0
0.38927627,0,1.0
0.40466845,0,1.0
0.4250045,0,0.0
0.45844248,0,1.0
0.43444473,0,0.0
0.43409517,0,0.0
0.4068958,0,0.0
0.41855246,0,0.0
0.39119753,0,1.0
0.40146577,0,0.0
0.41893253,0,0.0
0.4231708,0,0.0
0.40875402,0,1.0
0.4210096,0,1.0
0.42591906,0,0.0
0.4320117,0,1.0
0.3926837,0,0.0
0.39533025,0,0.0
0.40204158,0,0.0
0.42025527,0,1.0
0.39383808,0,1.0
0.37871805,0,1.0
0.37642118,0,0.0
0.39127234,0,0.0
0.34160197,0,1.0
0.36029422,0,1.0
0.3860285,0,0.0
0.39643854,0,0.0
0.38343802,0,0.0
0.36247367,0,0.0
0.3993949,0,0.0
0.40507808,0,0.0
0.40268385,0,0.0
0.3853257,0,0.0
0.3927782,0,1.0
0.3404416,0,0.0
0.377089,0,0.0
0.3469766,0,0.0
0.34103167,0,0.0
0.37991536,0,1.0
0.33632985,0,1.0
0.30722114,0,0.0
0.37289265,0,0.0
0.37208694,0,1.0
0.3161365,0,1.0
0.33089006,0,0.0
0.3413303,0,0.0
0.372867,0,0.0
0.33190566,0,0.0
0.30045,0,1.0
0.28659675,0,0.0
0.3741782,0,0.0
0.3364139,0,0.0
0.31828275,0,0.0
0.29084346,0,0.0
0.33657017,0,1.0
0.25042632,0,0.0
0.2922562,0,0.0
0.35593587,0,0.0
0.39366886,0,0.0
0.387809,0,0.0
0.38709483,0,1.0
0.34502336,0,0.0
0.30644503,0,1.0
0.24445482,0,0.0
0.27541,0,0.0
0.32988366,0,0.0
0.33691144,0,0.0
0.3688519,0,0.0
0.37352672,0,0.0
0.42431808,0,1.0
0.39456946,0,0.0
0.39655933,0,1.0
0.3532658,0,0.0
0.36679348,0,0.0
0.34064007,0,0.0
0.40070462,0,1.0
0.34487912,0,0.0
0.39196962,0,1.0
0.31991333,0,1.0
0.3251093,0,0.0
0.37151045,0,1.0
0.31118944,0,0.0
0.32895356,0,0.0
0.32536322,0,0.0
0.36699736,0,0.0
0.29083973,0,0.0
0.30173802,0,0.0
0.3619546,0,0.0
0.3249002,0,1.0
0.25613552,0,0.0
0.3450452,0,0.0
0.3748966,0,0.0
0.34180218,0,0.0
0.39410445,0,0.0
0.3951979,0,1.0
0.37201354,0,1.0
0.3765123,0,0.0
0.3809124,0,0.0
0.33741242,0,0.0
0.35755017,0,0.0
0.37981364,0,0.0
0.39036492,0,0.0
0.3795932,0,1.0
0.38008285,0,1.0
0.37557557,0,0.0
0.37470153,0,0.0
0.38456115,0,0.0
0.37039822,0,0.0
0.3924951,0,0.0
0.39937696,0,0.0
0.3957123,0,0.0
0.37588125,0,0.0
0.3520449,0,0.0
0.33984238,0,0.0
0.45883977,0,1.0
0.44881514,0,1.0
0.454038,0,1.0
0.4483212,0,1.0
0.41761842,0,1.0
0.38412115,0,0.0
0.46207237,0,0.0
0.48909608,0,0.0
0.41100013,0,1.0
0.42578697,0,0.0
0.44042918,0,0.0
0.40425664,0,1.0
0.3360238,0,1.0
0.34135395,0,1.0
0.4098953,0,1.0
0.42779455,0,1.0
0.4392227,0,1.0
0.45575994,0,1.0
0.4514194,0,0.0
0.47606078,0,1.0
0.41246802,0,1.0
0.4360055,0,1.0
0.36727354,0,0.0
0.42501915,0,0.0
0.37647998,0,1.0
0.3392997,0,0.0
0.40908107,0,0.0
0.426545,0,1.0
0.40805498,0,0.0
0.42782977,0,0.0
0.44299996,0,1.0
0.40718317,0,0.0
0.41775844,0,0.0
0.44713324,0,1.0
0.41015366,0,0.0
0.43143037,0,1.0
0.41679475,0,1.0
0.38979056,0,0.0
0.40948927,0,0.0
0.3772962,0,1.0
0.33502057,0,0.0
0.39639357,0,0.0
0.39688194,0,1.0
0.3156436,0,0.0
0.36488658,0,0.0
0.37430602,0,1.0
0.31411105,0,1.0
0.34351203,0,0.0
0.39519492,0,1.0
0.34135866,0,1.0
0.35844493,0,0.0
0.35831732,0,0.0
0.37972358,0,0.0
0.35045007,0,0.0
0.39420202,0,0.0
0.4014775,0,0.0
0.41419938,0,1.0
0.40594056,0,0.0
0.40486017,0,0.0
0.39537925,0,0.0
0.38883126,0,1.0
0.3428891,0,1.0
0.31537527,0,1.0
0.3773615,0,1.0
0.39968324,0,0.0
0.41902605,0,1.0
0.35229322,0,0.0
0.37192604,0,0.0
0.36700016,0,0.0
0.35358697,0,0.0
0.3938822,0,1.0
0.39836252,0,1.0
0.37965548,0,0.0
0.34081945,0,0.0
0.33763272,0,0.0
0.35002014,0,0.0
0.33298874,0,0.0
0.3461658,0,0.0
0.2871365,0,0.0
0.29582617,0,0.0
0.30229005,0,0.0
0.3995143,0,0.0
0.38267213,0,1.0
0.30744693,0,0.0
0.3989496,0,0.0
0.3783631,0,0.0
0.3459953,0,0.0
0.36338472,0,0.0
0.36937726,0,1.0
0.2786736,0,1.0
0.25984505,0,0.0
0.29958618,0,0.0
0.33339092,0,1.0
0.21676187,0,0.0
0.28189388,0,0.0
0.4026365,0,1.0
0.31379643,0,0.0
0.32158428,0,0.0
0.3286954,0,0.0
0.31180313,0,0.0
0.2697709,0,1.0
0.24637485,0,1.0
0.23147531,0,0.0
0.25509226,0,0.0
0.34402522,0,0.0
0.296214,0,0.0
0.30766988,0,1.0
0.2262943,0,0.0
0.34043685,0,1.0
0.25870892,0,0.0
0.27385926,0,0.0
0.23536949,0,0.0
0.25135288,0,1.0
0.17848913,0,0.0
0.21112853,0,1.0
0.20197695,0,1.0
0.22177286,0,1.0
0.238374,0,0.0
0.29407427,0,1.0
0.2591497,0,0.0
0.4009366,0,1.0
0.33761388,0,0.0
0.34186333,0,0.0
0.340953,0,1.0
0.329339,0,0.0
0.3981144,0,0.0
0.40307727,0,0.0
0.40309295,0,1.0
0.39877656,0,1.0
0.39760628,0,0.0
0.37110054,0,0.0
0.34998727,0,0.0
0.329334,0,0.0
0.37086892,0,0.0
0.39413217,0,0.0
0.38380247,0,0.0
0.3845806,0,1.0
0.35992017,0,1.0
0.31640145,0,0.0
0.31134248,0,1.0
0.28204045,0,1.0
0.28241077,0,1.0
0.30257767,0,0.0
0.36749312,0,0.0
0.37185448,0,0.0
0.35406446,0,1.0
0.32225734,0,0.0
0.38862845,0,0.0
0.34028172,0,0.0
0.30348095,0,0.0
0.30568558,0,0.0
0.33552432,0,0.0
0.32357198,0,1.0
0.26757556,0,1.0
0.3150661,0,0.0
0.34253785,0,1.0
0.2962285,0,0.0
0.32247487,0,0.0
0.28878337,0,0.0
0.3203487,0,0.0
0.27725607,0,0.0
0.27845505,0,1.0
0.20914315,0,0.0
0.2272724,0,0.0
0.30186573,0,0.0
0.2735083,0,1.0
0.21324685,0,0.0
0.31835526,0,1.0
0.2546809,0,0.0
0.26926017,0,1.0
0.23365979,0,0.0
0.26448613,0,0.0
0.2895357,0,1.0
0.22149876,0,0.0
0.24056634,0,0.0
0.27306494,0,1.0
0.25349918,0,1.0
0.22774163,0,1.0
0.29432753,0,0.0
0.3567537,0,0.0
0.33000398,0,0.0
0.2958721,0,0.0
0.2928546,0,0.0
0.35034794,0,0.0
0.3141413,0,0.0
0.23819134,0,0.0
0.22709645,0,1.0
0.27682266,0,1.0
0.33747724,0,0.0
0.33983913,0,0.0
0.3847599,0,0.0
0.34320602,0,0.0
0.36178234,0,0.0
0.38239408,0,0.0
0.37327725,0,0.0
0.26534837,0,0.0
0.31296024,0,1.0
0.2520937,0,0.0
0.27724627,0,0.0
0.3229202,0,1.0
0.28903908,0,0.0
0.36035597,0,0.0
0.32552484,0,0.0
0.32848966,0,0.0
0.295258,0,0.0
0.31158856,0,0.0
0.35073772,0,0.0
0.36992615,0,0.0
0.40042672,0,1.0
0.37922397,0,1.0
0.38600945,0,0.0
0.37146452,0,0.0
0.36794475,0,0.0
0.31735134,0,0.0
0.36058065,0,0.0
0.36125785,0,0.0
0.34264597,0,0.0
0.36918142,0,0.0
0.37345237,0,0.0
0.38265097,0,0.0
0.39362878,0,1.0
0.37718013,0,1.0
0.37685338,0,1.0
0.35817042,0,1.0
0.33619228,0,0.0
0.34678015,0,0.0
0.36200136,0,0.0
0.3700464,0,0.0
0.37467426,0,0.0
0.37169087,0,0.0
0.36596474,0,1.0
0.33601454,0,0.0
0.3222223,0,0.0
0.35096976,0,0.0
0.3335079,0,0.0
0.3371601,0,1.0
0.28178173,0,1.0
0.35563412,0,0.0
0.42151707,0,1.0
0.34262627,0,1.0
0.3320862,0,0.0
0.3879224,0,0.0
0.3402537,0,1.0
0.31060636,0,0.0
0.3476545,0,1.0
0.35831466,0,1.0
0.41147417,0,0.0
0.45155522,0,1.0
0.41161445,0,0.0
0.4413559,0,0.0
0.42270553,0,1.0
0.35200703,0,0.0
0.35626736,0,1.0
0.37367362,0,0.0
0.32783276,0,0.0
0.34131023,0,1.0
0.28825614,0,0.0
0.38039178,0,0.0
0.3667454,0,0.0
0.39752766,0,0.0
0.35720503,0,0.0
0.40253597,0,0.0
0.3932936,0,0.0
0.3903683,0,0.0
0.39272782,0,1.0
0.329428,0,1.0
0.2673139,0,1.0
0.31017312,0,0.0
0.45215878,0,1.0
0.3431714,0,1.0
0.32879758,0,1.0
0.32929286,0,0.0
0.36247593,0,0.0
0.24507622,0,1.0
0.24217212,0,0.0
0.458007,0,1.0
0.3467683,0,1.0
0.28484395,0,1.0
0.3032009,0,0.0
0.35621712,0,0.0
0.31839108,0,0.0
0.28979036,0,0.0
0.35302523,0,1.0
0.34389722,0,1.0
0.41049603,0,0.0
0.4710383,0,1.0
0.4744457,0,0.0
0.40587404,0,0.0
0.44141912,0,0.0
0.44516084,0,0.0
0.41357353,0,0.0
0.4229362,0,0.0
0.3667023,0,0.0
0.39238292,0,0.0
0.35707474,0,0.0
0.29992,0,1.0
0.16060184,0,0.0
0.33603373,0,0.0
0.4840556,0,0.0
0.42608672,0,0.0
0.40446165,0,0.0
0.3951452,0,0.0
0.4037249,0,0.0
0.31621858,0,0.0
0.42174324,0,1.0
0.32604143,0,1.0
0.30398527,0,0.0
0.36346248,0,0.0
0.41948155,0,0.0
0.3126265,0,0.0
0.33604097,0,0.0
0.32898358,0,0.0
0.2903698,0,0.0
0.25435174,0,0.0
0.28532532,0,1.0
0.14886618,0,0.0
0.39777204,0,0.0
0.40337592,0,0.0
0.4247906,0,0.0
0.385133,0,0.0
0.3796225,0,0.0
0.37008315,0,1.0
0.31078127,0,1.0
0.23981571,0,1.0
0.25931332,0,0.0
0.2969434,0,0.0
0.31950447,0,0.0
0.32314396,0,1.0
0.25705263,0,0.0
0.3285428,0,0.0
0.34947872,0,0.0
0.42534328,0,0.0
0.45690215,0,0.0
0.44024482,0,0.0
0.40704152,0,0.0
0.4193917,0,1.0
0.38693392,0,0.0
0.40905735,0,0.0
0.40766296,0,0.0
0.4207684,0,0.0
0.3935885,0,1.0
0.38344932,0,0.0
0.34105334,0,0.0
0.30972254,0,1.0
0.23138061,0,0.0
0.4235347,0,0.0
0.41964173,0,1.0
0.29497027,0,1.0
0.18090013,0,0.0
0.33353272,0,0.0
0.2832576,0,0.0
0.23432748,0,1.0
0.15283719,0,0.0
0.38099924,0,0.0
0.34506655,0,0.0
0.36990178,0,0.0
0.29932472,0,0.0
0.36639053,0,0.0
0.21936883,0,0.0
0.35185903,0,0.0
0.26923826,0,0.0
0.3539475,0,0.0
0.30420393,0,0.0
0.30720335,0,1.0
0.1211743,0,1.0
0.14456256,0,0.0
0.24393323,0,0.0
0.34816343,0,0.0
0.2485474,0,0.0
0.36182302,0,1.0
0.30556306,0,0.0
0.27766913,0,1.0
0.073354654,0,0.0
0.31582096,0,0.0
0.34302777,0,0.0
0.32765695,0,1.0
0.20024359,0,0.0
0.26045576,0,0.0
0.35380778,0,1.0
0.18540296,0,0.0
0.24921243,0,1.0
0.2016433,0,0.0
0.4126551,0,1.0
0.2137456,0,0.0
0.28170082,0,1.0
0.1413683,0,0.0
0.286219,0,0.0
0.17102627,0,1.0
0.18977846,0,0.0
0.26560658,0,0.0
0.27381113,0,0.0
0.4361311,0,1.0
0.2588933,0,1.0
0.23375766,0,1.0
0.18382077,0,0.0
0.3124695,0,0.0
0.21564843,0,0.0
0.24177815,0,0.0
0.40492263,0,0.0
0.37664327,0,0.0
0.39739832,0,0.0
0.35556307,0,0.0
0.34933364,0,1.0
0.23901477,0,0.0
0.29795432,0,0.0
0.21013875,0,0.0
0.2577644,0,0.0
0.29020107,0,0.0
0.28721774,0,0.0
0.26262692,0,0.0
0.23088703,0,1.0
0.17727305,0,0.0
0.12914148,0,1.0
0.17058945,0,0.0
0.26545805,0,1.0
0.16058111,0,0.0
0.30352667,0,1.0
0.14227748,0,0.0
0.26681688,0,0.0
0.2791758,0,1.0
0.2474735,0,1.0
0.13673465,0,0.0
0.15371662,0,0.0
0.43253407,0,1.0
0.24823458,0,0.0
0.35229614,0,0.0
0.41053316,0,1.0
0.34202006,0,0.0
0.32898304,0,0.0
0.39761186,0,0.0
0.3470011,0,0.0
0.31643793,0,1.0
0.26227093,0,0.0
0.28610295,0,1.0
0.16381499,0,0.0
0.40831178,0,1.0
0.21792634,0,0.0
0.4050413,0,1.0
0.25215328,0,1.0
0.27428183,0,0.0
0.1712261,0,0.0
0.28826165,0,0.0
0.29260433,0,1.0
0.16831326,0,0.0
0.23558927,0,0.0
0.3254369,0,0.0
0.33447507,0,0.0
0.40438926,0,0.0
0.35850877,0,0.0
0.41887414,0,1.0
0.28876626,0,0.0
0.3155985,0,0.0
0.2698313,0,0.0
0.3464754,0,0.0
0.24252152,0,0.0
0.41909444,0,0.0
0.360375,0,0.0
0.34323177,0,0.0
0.30255887,0,0.0
0.33331475,0,0.0
0.2309408,0,0.0
0.1791821,0,0.0
0.1391782,0,0.0
0.13058968,0,0.0
0.1157897,0,0.0
0.113291,0,0.0
0.13877101,0,0.0
0.089949034,0,0.0
0.030896585,0,0.0
0.011204736,0,0.0
0.09244828,0,0.0
0.10123339,0,1.0
0.0319514,0,1.0
0.14708167,0,0.0
0.40362114,0,0.0
0.33500633,0,1.0
0.2670735,0,1.0
0.314775,0,1.0
0.30573428,0,0.0
0.3123728,0,0.0
0.3342981,0,0.0
0.32749695,0,1.0
0.31370175,0,0.0
0.34007135,0,0.0
0.41178915,0,0.0
0.3582771,0,0.0
0.34325835,0,0.0
0.40959367,0,0.0
0.38589,0,1.0
0.26747948,0,0.0
0.32966408,0,1.0
0.32333076,0,0.0
0.38262144,0,1.0
0.37169442,0,1.0
0.3603684,0,0.0
0.38252985,0,0.0
0.377223,0,0.0
0.35205054,0,1.0
0.27172908,0,0.0
0.32718155,0,0.0
0.21991692,0,0.0
0.33404404,0,1.0
0.14909518,0,0.0
0.20681588,0,0.0
0.3207502,0,0.0
0.3917092,0,0.0
0.28067315,0,0.0
0.26931864,0,1.0
0.14934862,0,0.0
0.31843403,0,0.0
0.28935808,0,0.0
0.33058414,0,1.0
0.15156865,0,0.0
0.35317957,0,0.0
0.29716083,0,1.0
0.1837087,0,1.0
0.2590093,0,1.0
0.28753954,0,0.0
0.38901973,0,0.0
0.3278093,0,0.0
0.27379623,0,0.0
0.33169958,0,0.0
0.36881605,0,0.0
0.2783497,0,0.0
0.17584586,0,0.0
0.17750122,0,0.0
0.21274944,0,0.0
0.33351392,0,1.0
0.16111064,0,0.0
0.21623722,0,0.0
0.112362735,0,0.0
0.23695971,0,1.0
0.11050293,0,0.0
0.3941397,0,0.0
0.3511279,0,0.0
0.26542395,0,1.0
0.25470242,0,1.0
0.2635696,0,1.0
0.2627199,0,1.0
0.28711665,0,1.0
0.3563118,0,0.0
0.4299165,0,1.0
0.39016804,0,0.0
0.367563,0,1.0
0.39598298,0,1.0
0.399909,0,0.0
0.37556434,0,0.0
0.3666131,0,0.0
0.3173588,0,0.0
0.31625497,0,1.0
0.25868344,0,0.0
0.2766837,0,0.0
0.32515037,0,0.0
0.38148236,0,0.0
0.4425107,0,1.0
0.36262098,0,0.0
0.4198302,0,0.0
0.37064922,0,1.0
0.28550804,0,0.0
0.36199445,0,0.0
0.39802894,0,0.0
0.37529328,0,0.0
0.39929006,0,1.0
0.37563947,0,0.0
0.41681883,0,1.0
0.31130287,0,0.0
0.257267,0,0.0
0.23583621,0,1.0
0.32340604,0,0.0
0.2558575,0,0.0
0.26571852,0,0.0
0.34102628,0,1.0
0.1774387,0,1.0
0.15727457,0,1.0
0.17179175,0,0.0
0.29837486,0,0.0
0.2891721,0,0.0
0.24347939,0,0.0
0.26359794,0,0.0
0.38807654,0,0.0
0.33009276,0,0.0
0.32674128,0,0.0
0.29854625,0,0.0
0.46644756,0,1.0
0.36575198,0,1.0
0.32039723,0,0.0
0.36125633,0,1.0
0.3708792,0,0.0
0.29880312,0,0.0
0.3757782,0,0.0
0.45088688,0,0.0
0.405854,0,0.0
0.41443545,0,1.0
0.3524977,0,0.0
0.3565119,0,0.0
0.3147749,0,0.0
0.3697557,0,0.0
0.27945805,0,0.0
0.3612699,0,0.0
0.39186835,0,1.0
0.27938682,0,0.0
0.27293357,0,0.0
0.34006903,0,0.0
0.26995862,0,0.0
0.22252636,0,0.0
0.23374927,0,1.0
0.1754019,0,0.0
0.32428908,0,0.0
0.26450515,0,1.0
0.20397703,0,0.0
0.3127685,0,0.0
0.32710746,0,0.0
0.28149173,0,0.0
0.19715062,0,0.0
0.34049872,0,0.0
0.32644477,0,1.0
0.17048006,0,0.0
0.46783245,0,1.0
0.37571186,0,0.0
0.3510411,0,1.0
0.331479,0,1.0
0.3457661,0,0.0
0.18609785,0,0.0
0.31872174,0,1.0
0.23959976,0,0.0
0.33691636,0,0.0
0.4207505,0,0.0
0.40761244,0,0.0
0.3329536,0,0.0
0.38044468,0,0.0
0.32503524,0,0.0
0.34218946,0,0.0
0.28481746,0,0.0
0.4222175,0,0.0
0.3677015,0,1.0
0.2418885,0,0.0
0.39906478,0,1.0
0.34919375,0,0.0
0.341713,0,0.0
0.33784905,0,0.0
0.3827168,0,0.0
0.28531244,0,0.0
0.23102868,0,0.0
0.4171635,0,0.0
0.413503,0,0.0
0.35753235,0,0.0
0.32221073,0,0.0
0.3298707,0,0.0
0.3480767,0,1.0
0.22707318,0,0.0
0.25157437,0,0.0
0.20448214,0,0.0
0.36665815,0,1.0
0.14274323,0,0.0
0.33526173,0,0.0
0.39558077,0,1.0
0.30605668,0,0.0
0.18305025,0,1.0
0.15389758,0,0.0
0.21473306,0,0.0
0.19179301,0,0.0
0.34210145,0,0.0
0.26343873,0,0.0
0.3384041,0,0.0
0.3839063,0,1.0
0.2567258,0,0.0
0.27754256,0,0.0
0.2623504,0,1.0
0.23720723,0,1.0
0.15702748,0,0.0
0.23842996,0,1.0
0.19893223,0,0.0
0.27034327,0,0.0
0.26887298,0,0.0
0.27910852,0,0.0
0.14426397,0,0.0
0.13319117,0,0.0
0.13338517,0,0.0
0.13423291,0,0.0
0.14350288,0,0.0
0.41805208,0,0.0
0.357707,0,1.0
0.24615084,0,1.0
0.21499835,0,0.0
0.32994556,0,0.0
0.40369096,0,1.0
0.2032338,0,0.0
0.24916005,0,0.0
0.3382183,0,0.0
0.3159316,0,0.0
0.18013972,0,0.0
0.22105871,0,0.0
0.4328311,0,0.0
0.3498601,0,0.0
0.32124314,0,1.0
0.24901907,0,0.0
0.28525972,0,0.0
0.1992985,0,0.0
0.33120337,0,1.0
0.17246553,0,0.0
0.1958291,0,1.0
0.21562049,0,0.0
0.26560587,0,0.0
0.2833567,0,0.0
0.30137268,0,1.0
0.19376914,0,0.0
0.23335268,0,1.0
0.21771243,0,0.0
0.3447336,0,0.0
0.49021557,0,0.0
0.46058732,0,0.0
0.43604004,0,1.0
0.4036679,0,0.0
0.41728878,0,0.0
0.3808053,0,0.0
0.36176395,0,0.0
0.3963026,0,1.0
0.41030023,0,1.0
0.38160473,0,1.0
0.37508532,0,0.0
0.36975697,0,1.0
0.29679298,0,0.0
0.43104848,0,0.0
0.4003859,0,1.0
0.3005997,0,0.0
0.39283448,0,1.0
0.30600375,0,0.0
0.34557703,0,0.0
0.3430984,0,0.0
0.37935326,0,0.0
0.32510304,0,1.0
0.32490832,0,0.0
0.3302384,0,0.0
0.44578916,0,0.0
0.3843376,0,0.0
0.3671313,0,0.0
0.3720206,0,0.0
0.37746653,0,1.0
0.23049065,0,1.0
0.29569486,0,1.0
0.31715244,0,1.0
0.33416176,0,0.0
0.34040466,0,0.0
0.3428267,0,0.0
0.35332853,0,0.0
0.2980647,0,1.0
0.23382144,0,0.0
0.3472897,0,0.0
0.30362383,0,0.0
0.37406662,0,1.0
0.1882463,0,1.0
0.19832215,0,0.0
0.27190173,0,0.0
0.28920826,0,0.0
0.31708986,0,0.0
0.22991075,0,0.0
0.38963965,0,0.0
0.3801387,0,1.0
0.28836748,0,0.0
0.39545688,0,0.0
0.35849848,0,0.0
0.43111286,0,0.0
0.37507522,0,0.0
0.3888137,0,0.0
0.3856875,0,0.0
0.3610756,0,0.0
0.27124372,0,0.0
0.27576497,0,0.0
0.31084296,0,0.0
0.20794241,0,0.0
0.20062186,0,1.0
0.14279744,0,0.0
0.31598046,0,0.0
0.3607013,0,1.0
0.14486419,0,0.0
0.3500896,0,1.0
0.371276,0,0.0
0.31800297,0,0.0
0.32991466,0,0.0
0.39941582,0,0.0
0.29278907,0,0.0
0.25236818,0,0.0
0.29946718,0,0.0
0.19690602,0,0.0
0.30706537,0,0.0
0.45948538,0,1.0
0.33767986,0,1.0
0.24037305,0,0.0
0.27574825,0,0.0
0.38090035,0,1.0
0.2756164,0,0.0
0.25499514,0,0.0
0.32415456,0,0.0
0.3479849,0,0.0
0.43582192,0,0.0
0.4164871,0,1.0
0.35658836,0,1.0
0.29286054,0,0.0
0.38914347,0,0.0
0.32097697,0,1.0
0.24091604,0,0.0
0.41335276,0,0.0
0.38635537,0,1.0
0.27724683,0,0.0
0.3170718,0,0.0
0.39529353,0,1.0
0.24771565,0,1.0
0.16821288,0,0.0
0.18211253,0,0.0
0.24518435,0,0.0
0.23239376,0,0.0
0.23290724,0,0.0
0.24776438,0,1.0
0.10857642,0,0.0
0.3354355,0,1.0
0.15031123,0,0.0
0.24113089,0,0.0
0.25745225,0,1.0
0.24435316,0,0.0
0.15071595,0,0.0
0.17843762,0,0.0
0.28295374,0,0.0
0.45297393,0,0.0
0.41298205,0,0.0
0.36481354,0,0.0
0.40820867,0,1.0
0.33956242,0,0.0
0.2891445,0,0.0
0.31890538,0,0.0
0.37642688,0,0.0
0.38817382,0,1.0
0.26321253,0,0.0
0.28784278,0,0.0
0.18903524,0,0.0
0.28906763,0,1.0
0.16043282,0,0.0
0.23822394,0,0.0
0.29796696,0,1.0
0.1606011,0,1.0
0.14805079,0,0.0
0.2459663,0,0.0
0.28527972,0,0.0
0.2834707,0,0.0
0.30022,0,0.0
0.26873174,0,0.0
0.3606933,0,1.0
0.29759008,0,0.0
0.31619814,0,1.0
0.22965379,0,0.0
0.37071922,0,1.0
0.20258111,0,0.0
0.25274402,0,1.0
0.19092293,0,0.0
0.3986736,0,0.0
0.2980213,0,1.0
0.16199775,0,0.0
0.14644834,0,1.0
0.19711839,0,0.0
0.15917385,0,0.0
0.179423,0,1.0
0.15841141,0,0.0
0.36986274,0,1.0
0.2662965,0,1.0
0.20245449,0,0.0
0.39687222,0,1.0
0.34302002,0,0.0
0.34678334,0,0.0
0.3064963,0,0.0
0.35485768,0,0.0
0.20215704,0,0.0
0.3618798,0,1.0
0.17326495,0,0.0
0.3288036,0,0.0
0.39172617,0,1.0
0.29787654,0,0.0
0.37748653,0,1.0
0.32777742,0,0.0
0.28861466,0,0.0
0.1853504,0,0.0
0.3296884,0,0.0
0.23571849,0,0.0
0.20214006,0,0.0
0.321024,0,1.0
0.19897076,0,0.0
0.22356789,0,0.0
0.3450952,0,0.0
0.3334344,0,1.0
0.12084186,0,0.0
0.28874725,0,0.0
0.31330788,0,1.0
0.15509988,0,0.0
0.24548137,0,0.0
0.31654835,0,0.0
0.25265467,0,1.0
0.12394152,0,0.0
0.32231513,0,0.0
0.23914373,0,0.0
0.23519012,0,1.0
0.07710908,0,0.0
0.37476474,0,0.0
0.29393664,0,0.0
0.2645054,0,0.0
0.1545785,0,0.0
0.2803833,0,1.0
0.10453239,0,0.0
0.46134675,0,0.0
0.4217941,0,0.0
0.36026642,0,1.0
0.22075331,0,0.0
0.4359492,0,1.0
0.25368518,0,0.0
0.2918139,0,0.0
0.29067612,0,1.0
0.3389588,0,0.0
0.372672,0,1.0
0.31442624,0,0.0
0.28657866,0,0.0
0.25661495,0,0.0
0.25737453,0,0.0
0.25897294,0,0.0
0.43479538,0,0.0
0.38994423,0,0.0
0.37474144,0,0.0
0.3545646,0,0.0
0.3131542,0,0.0
0.20752706,0,0.0
0.29923326,0,1.0
0.16571341,0,0.0
0.26641232,0,0.0
0.25415218,0,0.0
0.2643058,0,0.0
0.2625405,0,1.0
0.14632632,0,0.0
0.32384208,0,1.0
0.19945776,0,0.0
0.2701372,0,0.0
0.23640968,0,0.0
0.24019006,0,0.0
0.18172602,0,0.0
0.16351487,0,0.0
0.13836536,0,0.0
0.31002706,0,0.0
0.249662,0,0.0
0.3779765,0,0.0
0.30290627,0,0.0
0.4814986,0,1.0
0.39981735,0,0.0
0.43449828,0,1.0
0.35258028,0,0.0
0.33621213,0,0.0
0.34519687,0,0.0
0.43593675,0,0.0
0.39135072,0,1.0
0.39256483,0,1.0
0.37696728,0,0.0
0.43535626,0,0.0
0.42988032,0,0.0
0.4160548,0,1.0
0.40447873,0,0.0
0.43529308,0,0.0
0.44532138,0,0.0
0.43145385,0,0.0
0.40334687,0,1.0
0.38327962,0,0.0
0.40453553,0,1.0
0.34872517,0,0.0
0.40331823,0,0.0
0.4351279,0,0.0
0.4156381,0,0.0
0.3940225,0,1.0
0.38710165,0,1.0
0.3648211,0,1.0
0.2776414,0,0.0
0.39835095,0,0.0
0.4064899,0,0.0
0.32688645,0,1.0
0.2782131,0,1.0
0.2880466,0,0.0
0.37719342,0,1.0
0.23283151,0,0.0
0.35292268,0,0.0
0.3325737,0,1.0
0.28645486,0,0.0
0.269018,0,1.0
0.26458466,0,1.0
0.22644177,0,0.0
0.2656444,0,0.0
0.21574195,0,1.0
0.24067329,0,0.0
0.40095642,0,0.0
0.32385793,0,1.0
0.1839129,0,0.0
0.26361102,0,0.0
0.43928006,0,1.0
0.23647147,0,0.0
0.30379057,0,1.0
0.26842335,0,0.0
0.3116924,0,0.0
0.44329736,0,0.0
0.42173594,0,1.0
0.37793916,0,0.0
0.38335586,0,1.0
0.3697824,0,0.0
0.33468422,0,1.0
0.27023327,0,0.0
0.3561305,0,0.0
0.41462916,0,1.0
0.2624839,0,1.0
0.26957157,0,0.0
0.32666534,0,0.0
0.31700155,0,0.0
0.31077868,0,0.0
0.2969601,0,0.0
0.3729774,0,0.0
0.3643097,0,0.0
0.35824078,0,1.0
0.25963226,0,0.0
0.35399902,0,0.0
0.3172243,0,0.0
0.28911123,0,1.0
0.16025661,0,0.0
0.34061438,0,0.0
0.29044122,0,0.0
0.25215438,0,0.0
0.21873388,0,0.0
0.3759778,0,0.0
0.42387572,0,1.0
0.32331613,0,1.0
0.24378027,0,0.0
0.23830244,0,0.0
0.2843503,0,0.0
0.29113936,0,1.0
0.21380198,0,0.0
0.25164887,0,0.0
0.1929567,0,1.0
0.18655835,0,0.0
0.18258987,0,0.0
0.29390922,0,0.0
0.27371368,0,0.0
0.20858265,0,1.0
0.11190626,0,0.0
0.20595156,0,0.0
0.18612915,0,0.0
0.1887585,0,0.0
0.1263668,0,1.0
0.092669174,0,0.0
0.20894244,0,0.0
0.12732182,0,0.0
0.15148376,0,0.0
0.104024775,0,0.0
0.09580712,0,0.0
0.09588101,0,0.0
0.296875,0,0.0
0.26257744,0,1.0
0.08533051,0,0.0
0.095376715,0,0.0
0.253223,0,0.0
0.16159278,0,0.0
0.12127027,0,0.0
0.1167859,0,0.0
0.12377334,0,0.0
0.12200662,0,0.0
0.107598655,0,0.0
0.08131249,0,0.0
0.040515948,0,0.0
0.04849585,0,0.0
0.0503523,0,1.0
0.009519446,0,1.0
0.08267957,0,1.0
0.30768308,0,0.0
0.37709934,0,0.0
0.34290615,0,0.0
0.30833924,0,0.0
0.3638099,0,0.0
0.42997718,0,0.0
0.40411353,0,1.0
0.37749264,0,0.0
0.41734093,0,0.0
0.4312576,0,0.0
0.4050597,0,0.0
0.39255422,0,1.0
0.37375173,0,0.0
0.38375264,0,0.0
0.38400444,0,1.0
0.2599748,0,0.0
0.18666206,0,0.0
0.26954216,0,0.0
0.2943056,0,0.0
0.2584938,0,0.0
0.37881342,0,0.0
0.3274206,0,1.0
0.21223801,0,0.0
0.2700987,0,0.0
0.33698663,0,0.0
0.3034951,0,0.0
0.21526715,0,0.0
0.34539515,0,0.0
0.39955422,0,0.0
0.31215358,0,0.0
0.3681594,0,0.0
0.42063075,0,1.0
0.28720528,0,1.0
0.2593089,0,0.0
0.2697459,0,0.0
0.3918772,0,0.0
0.27174205,0,0.0
0.27832225,0,1.0
0.21613897,0,0.0
0.3311559,0,0.0
0.424251,0,0.0
0.36234266,0,1.0
0.17710604,0,0.0
0.39859542,0,0.0
0.3612387,0,1.0
0.22753847,0,0.0
0.32690462,0,0.0
0.38079247,0,0.0
0.33917356,0,1.0
0.2350003,0,0.0
0.3242762,0,0.0
0.3098382,0,1.0
0.25123304,0,0.0
0.32196978,0,1.0
0.20982297,0,0.0
0.27577204,0,0.0
0.26946822,0,0.0
0.30756357,0,1.0
0.124548554,0,0.0
0.25629458,0,1.0
0.241522,0,0.0
0.32514554,0,1.0
0.27420783,0,0.0
0.30270484,0,0.0
0.2689246,0,0.0
0.4151318,0,1.0
0.2145612,0,0.0
0.34494936,0,0.0
0.29942206,0,0.0
0.3075737,0,1.0
0.1609819,0,1.0
0.1877543,0,0.0
0.3281219,0,1.0
0.22828285,0,0.0
0.28351644,0,0.0
0.35488698,0,1.0
0.35918662,0,0.0
0.34485248,0,0.0
0.33308718,0,0.0
0.34561965,0,1.0
0.21468343,0,0.0
0.27361903,0,1.0
0.15446886,0,0.0
0.30324796,0,0.0
0.32684118,0,0.0
0.30679062,0,0.0
0.35748845,0,0.0
0.36380458,0,0.0
0.31368434,0,0.0
0.23791587,0,1.0
0.19201785,0,0.0
0.27474225,0,0.0
0.27496168,0,1.0
0.19355099,0,0.0
0.42606512,0,1.0
0.3058608,0,0.0
0.277768,0,0.0
0.3626227,0,0.0
0.38379553,0,1.0
0.20981804,0,0.0
0.2674723,0,0.0
0.29077238,0,0.0
0.24565344,0,0.0
0.34902763,0,1.0
0.22251849,0,0.0
0.22798674,0,0.0
0.39729857,0,0.0
0.38996786,0,1.0
0.2121113,0,0.0
0.29075676,0,1.0
0.3921433,0,1.0
0.24670118,0,0.0
0.3937566,0,1.0
0.3462071,0,1.0
0.2489161,0,1.0
0.27957633,0,0.0
0.44227645,0,1.0
0.2693586,0,0.0
0.32569423,0,1.0
0.3645831,0,1.0
0.34765375,0,0.0
0.33594617,0,0.0
0.3505688,0,0.0
0.3862908,0,0.0
0.38121665,0,0.0
0.46881378,0,0.0
0.43038198,0,0.0
0.4252059,0,0.0
0.4136721,0,0.0
0.4272962,0,0.0
0.36983934,0,0.0
0.44400552,0,0.0
0.42341927,0,0.0
0.4195325,0,0.0
0.40579307,0,0.0
0.42646608,0,0.0
0.40869218,0,1.0
0.36683407,0,0.0
0.4148672,0,0.0
0.41315362,0,1.0
0.36003295,0,1.0
0.3171634,0,0.0
0.41315424,0,0.0
0.33893088,0,1.0
0.166835,0,1.0
0.23111512,0,0.0
0.30926085,0,1.0
0.2908513,0,0.0
0.24116448,0,0.0
0.3387369,0,0.0
0.43319482,0,1.0
0.32397053,0,0.0
0.34159586,0,1.0
0.36390814,0,0.0
0.35984862,0,0.0
0.2470589,0,1.0
0.09397321,0,0.0
0.37599567,0,0.0
0.40093192,0,0.0
0.3586062,0,0.0
0.35793585,0,1.0
0.33856258,0,1.0
0.23234366,0,0.0
0.35381767,0,1.0
0.32116792,0,1.0
0.2399293,0,0.0
0.28593016,0,1.0
0.2229459,0,0.0
0.22628579,0,1.0
0.26692423,0,0.0
0.40264717,0,0.0
0.42662266,0,0.0
0.43919754,0,1.0
0.36141422,0,1.0
0.41774443,0,0.0
0.3905314,0,1.0
0.3123342,0,1.0
0.31626993,0,1.0
0.27217573,0,1.0
0.2872307,0,1.0
0.26992777,0,1.0
0.31737652,0,0.0
0.35592324,0,0.0
0.42349878,0,0.0
0.45938626,0,1.0
0.38539764,0,0.0
0.44953808,0,0.0
0.44405502,0,0.0
0.43304458,0,1.0
0.37647185,0,0.0
0.4164647,0,0.0
0.41376844,0,0.0
0.433998,0,0.0
0.38517737,0,0.0
0.44288123,0,1.0
0.40271017,0,1.0
0.36387208,0,1.0
0.24083863,0,0.0
0.3562141,0,0.0
0.3552479,0,0.0
0.36208266,0,1.0
0.3125777,0,0.0
0.48235816,0,0.0
0.4707828,0,0.0
0.4327357,0,0.0
0.40977833,0,0.0
0.4429063,0,1.0
0.39315987,0,0.0
0.4169322,0,1.0
0.35910437,0,1.0
0.3754154,0,0.0
0.34262207,0,0.0
0.41139337,0,1.0
0.32982048,0,1.0
0.32653314,0,0.0
0.43787318,0,1.0
0.25935185,0,0.0
0.3171457,0,0.0
0.40990338,0,0.0
0.4452421,0,0.0
0.3770022,0,1.0
0.35204682,0,1.0
0.34748754,0,0.0
0.38834447,0,0.0
0.40628317,0,1.0
0.35614252,0,0.0
0.39092478,0,0.0
0.43523744,0,0.0
0.43646565,0,0.0
0.40153304,0,1.0
0.37215754,0,1.0
0.20525159,0,0.0
0.43841952,0,1.0
0.37340885,0,1.0
0.2919044,0,1.0
0.33032715,0,1.0
0.3624748,0,0.0
0.30495802,0,1.0
0.26479986,0,0.0
0.3631588,0,0.0
0.39334613,0,1.0
0.36205146,0,1.0
0.34162652,0,0.0
0.37284127,0,0.0
0.34762552,0,0.0
0.40807417,0,1.0
0.3212673,0,0.0
0.416929,0,0.0
0.41431302,0,0.0
0.42504063,0,1.0
0.27621654,0,1.0
0.2616499,0,1.0
0.18476452,0,0.0
0.24492778,0,1.0
0.2192317,0,1.0
0.28577024,0,1.0
0.2843891,0,0.0
0.38348424,0,0.0
0.340044,0,1.0
0.31928688,0,1.0
0.32812878,0,1.0
0.34239575,0,0.0
0.3214461,0,0.0
0.2908363,0,0.0
0.3842439,0,1.0
0.24402633,0,0.0
0.34024113,0,0.0
0.39804816,0,1.0
0.3207431,0,1.0
0.28309244,0,0.0
0.36034003,0,1.0
0.26261815,0,0.0
0.40815455,0,0.0
0.4319072,0,1.0
0.3730271,0,0.0
0.39273334,0,0.0
0.45576236,0,0.0
0.41380173,0,0.0
0.3969775,0,1.0
0.38823777,0,0.0
0.44308788,0,0.0
0.42490548,0,1.0
0.38658404,0,0.0
0.4062682,0,1.0
0.3894782,0,1.0
0.34972355,0,0.0
0.2594433,0,1.0
0.31824428,0,0.0
0.34702146,0,0.0
0.43019658,0,0.0
0.42040104,0,1.0
0.30942413,0,1.0
0.3326894,0,0.0
0.3407541,0,0.0
0.3087737,0,0.0
0.39857867,0,1.0
0.33241925,0,1.0
0.37281597,0,0.0
0.4608065,0,1.0
0.41409862,0,0.0
0.35640755,0,0.0
0.4138901,0,1.0
0.42728946,0,1.0
0.324594,0,0.0
0.4064475,0,0.0
0.41016948,0,1.0
0.3117316,0,1.0
0.26572475,0,0.0
0.4053773,0,0.0
0.3714904,0,1.0
0.31052926,0,0.0
0.28729513,0,0.0
0.39817113,0,0.0
0.33235395,0,0.0
0.29184166,0,1.0
0.27536452,0,0.0
0.26657763,0,0.0
0.35853258,0,0.0
0.32354194,0,1.0
0.197137,0,1.0
0.19404419,0,0.0
0.42901134,0,0.0
0.33745995,0,1.0
0.23891422,0,0.0
0.22326778,0,1.0
0.29359308,0,1.0
0.15928973,0,0.0
0.2874376,0,1.0
0.20745103,0,1.0
0.190339,0,0.0
0.46987802,0,1.0
0.3572926,0,1.0
0.24031334,0,0.0
0.29518655,0,0.0
0.42600888,0,1.0
0.28203043,0,1.0
0.3370205,0,0.0
0.38522503,0,0.0
0.42034453,0,0.0
0.387224,0,0.0
0.36098343,0,0.0
0.4580916,0,0.0
0.4320375,0,0.0
0.42830935,0,1.0
0.3931087,0,0.0
0.4377813,0,0.0
0.44195694,0,0.0
0.44133398,0,0.0
0.40811405,0,0.0
0.42734188,0,1.0
0.38945362,0,0.0
0.43925798,0,1.0
0.40346706,0,1.0
0.38931277,0,0.0
0.40820652,0,1.0
0.3982911,0,1.0
0.3237197,0,0.0
0.34335402,0,1.0
0.36735728,0,1.0
0.2849014,0,0.0
0.3192868,0,0.0
0.4057313,0,1.0
0.37449265,0,0.0
0.41003358,0,1.0
0.3722545,0,1.0
0.34639755,0,1.0
0.24807091,0,1.0
0.27609488,0,0.0
0.3413879,0,0.0
0.36580294,0,1.0
0.311817,0,0.0
0.3857124,0,1.0
0.41234738,0,1.0
0.33091322,0,0.0
0.38477623,0,1.0
0.3942468,0,0.0
0.40619847,0,1.0
0.31136674,0,1.0
0.2555258,0,1.0
0.24115911,0,0.0
0.37020165,0,0.0
0.4094043,0,1.0
0.3081886,0,1.0
0.31195676,0,0.0
0.39525345,0,1.0
0.35252377,0,0.0
0.33178353,0,1.0
0.2672984,0,0.0
0.35298216,0,1.0
0.31544903,0,0.0
0.39921278,0,1.0
0.3254208,0,1.0
0.32398087,0,0.0
0.37912214,0,0.0
0.40395018,0,0.0
0.4244563,0,1.0
0.3234532,0,1.0
0.3094716,0,0.0
0.39816523,0,1.0
0.38019592,0,0.0
0.40351757,0,1.0
0.3124357,0,1.0
0.31641868,0,0.0
0.35030898,0,0.0
0.41278303,0,0.0
0.2985132,0,0.0
0.3640528,0,0.0
0.45867682,0,1.0
0.37208363,0,0.0
0.43732628,0,0.0
0.41499782,0,1.0
0.33761212,0,0.0
0.36573014,0,0.0
0.40470654,0,1.0
0.35382077,0,0.0
0.36687183,0,1.0
0.3794505,0,0.0
0.4052701,0,0.0
0.4399168,0,0.0
0.45339248,0,1.0
0.3372241,0,0.0
0.38642976,0,1.0
0.35718626,0,0.0
0.31676972,0,0.0
0.23454195,0,0.0
0.32964373,0,1.0
0.27075365,0,0.0
0.30282754,0,0.0
0.34171504,0,0.0
0.40962085,0,0.0
0.30979794,0,1.0
0.26362023,0,0.0
0.4442873,0,0.0
0.39210728,0,0.0
0.35401165,0,0.0
0.35290903,0,1.0
0.2949972,0,0.0
0.32086685,0,1.0
0.32401916,0,0.0
0.41918153,0,0.0
0.38139856,0,0.0
0.40465555,0,0.0
0.34561646,0,1.0
0.34804052,0,1.0
0.2695098,0,1.0
0.19222634,0,0.0
0.21029228,0,1.0
0.17760357,0,1.0
0.21976483,0,0.0
0.26046064,0,1.0
0.28883395,0,1.0
0.22417371,0,0.0
0.20060885,0,0.0
0.358139,0,0.0
0.35496938,0,1.0
0.30060178,0,0.0
0.37479272,0,1.0
0.30899456,0,0.0
0.27881786,0,0.0
0.28134266,0,0.0
0.33420697,0,0.0
0.2699718,0,0.0
0.40562865,0,0.0
0.41234195,0,0.0
0.3915087,0,0.0
0.38130978,0,0.0
0.38673156,0,0.0
0.33948705,0,0.0
0.38877538,0,0.0
0.382269,0,0.0
0.3555653,0,1.0
0.3008452,0,1.0
0.27348536,0,0.0
0.30720326,0,1.0
0.24187031,0,0.0
0.40172496,0,0.0
0.44310394,0,1.0
0.40487355,0,1.0
0.31958613,0,0.0
0.4425742,0,0.0
0.43768802,0,0.0
0.41231024,0,1.0
0.37141204,0,0.0
0.39733395,0,0.0
0.40894178,0,0.0
0.35723844,0,1.0
0.2998536,0,0.0
0.29047748,0,0.0
0.30314317,0,0.0
0.29775175,0,0.0
0.32192954,0,0.0
0.34090084,0,1.0
0.20062286,0,0.0
0.30503297,0,0.0
0.4430053,0,0.0
0.39482066,0,0.0
0.3187785,0,1.0
0.30817792,0,0.0
0.4277205,0,0.0
0.39865983,0,0.0
0.36537448,0,1.0
0.24287845,0,0.0
0.42546305,0,1.0
0.26450363,0,0.0
0.28423607,0,0.0
0.3317961,0,1.0
0.33327737,0,1.0
0.2611074,0,1.0
0.27501854,0,0.0
0.33135796,0,1.0
0.29068086,0,0.0
0.30715314,0,0.0
0.3863481,0,1.0
0.36034727,0,0.0
0.40442976,0,1.0
0.3165413,0,0.0
0.36968687,0,0.0
0.40202507,0,0.0
0.396069,0,0.0
0.29565415,0,1.0
0.2959091,0,1.0
0.19814795,0,0.0
0.27016795,0,0.0
0.35583887,0,1.0
0.32258528,0,1.0
0.25445107,0,0.0
0.40540692,0,0.0
0.42724532,0,0.0
0.37896597,0,1.0
0.3041779,0,0.0
0.36342147,0,0.0
0.30029333,0,0.0
0.33930218,0,0.0
0.37375724,0,0.0
0.35764092,0,1.0
0.2863314,0,0.0
0.29113507,0,1.0
0.23970816,0,1.0
0.14137414,0,1.0
0.1580805,0,0.0
0.21818642,0,0.0
0.2603556,0,1.0
0.18812059,0,1.0
0.20499274,0,0.0
0.2235671,0,0.0
0.27419555,0,1.0
0.18325953,0,0.0
0.25183156,0,1.0
0.23931465,0,1.0
0.16982314,0,0.0
0.18684803,0,1.0
0.24189591,0,0.0
0.51744384,1,0.0
0.459228,0,1.0
0.38440508,0,0.0
0.4007576,0,1.0
0.40089276,0,0.0
0.39852187,0,1.0
0.40418503,0,0.0
0.4334117,0,0.0
0.42473036,0,0.0
0.45601636,0,1.0
0.39626327,0,1.0
0.3937901,0,0.0
0.42649755,0,0.0
0.41726238,0,0.0
0.36290237,0,1.0
0.40542394,0,0.0
0.41737986,0,1.0
0.37755957,0,0.0
0.39350048,0,0.0
0.39065543,0,0.0
0.4316426,0,1.0
0.34495836,0,0.0
0.4486714,0,1.0
0.3779132,0,1.0
0.3050063,0,0.0
0.3712373,0,0.0
0.43527257,0,0.0
0.3406999,0,1.0
0.17145728,0,0.0
0.38509277,0,1.0
0.24945794,0,0.0
0.2812846,0,0.0
0.2632766,0,0.0
0.38444224,0,0.0
0.3347189,0,1.0
0.30811185,0,0.0
0.2739058,0,1.0
0.20810884,0,1.0
0.26855102,0,0.0
0.2959916,0,0.0
0.2946215,0,1.0
0.3113428,0,0.0
0.36810973,0,0.0
0.44169277,0,0.0
0.44562778,0,0.0
0.43750367,0,1.0
0.40586984,0,0.0
0.43310997,0,0.0
0.43107277,0,0.0
0.41919875,0,1.0
0.2812536,0,1.0
0.3467598,0,1.0
0.2877856,0,0.0
0.30379972,0,1.0
0.23077488,0,1.0
0.25257197,0,0.0
0.27417293,0,0.0
0.35186884,0,0.0
0.39095482,0,1.0
0.3746358,0,0.0
0.4414633,0,0.0
0.4308962,0,0.0
0.38381675,0,0.0
0.3423451,0,0.0
0.4164329,0,0.0
0.38655627,0,0.0
0.38088384,0,1.0
0.2581188,0,1.0
0.25457668,0,0.0
0.3548937,0,0.0
0.35989302,0,0.0
0.3130693,0,0.0
0.42124936,0,1.0
0.38056174,0,0.0
0.320386,0,1.0
0.2415027,0,0.0
0.37412447,0,1.0
0.26931962,0,1.0
0.26762444,0,0.0
0.26406553,0,0.0
0.41135836,0,0.0
0.36985645,0,0.0
0.349801,0,1.0
0.28323567,0,0.0
0.38460508,0,0.0
0.3061715,0,0.0
0.44202444,0,1.0
0.28293684,0,0.0
0.3687068,0,0.0
0.3462768,0,1.0
0.37388396,0,0.0
0.3116198,0,1.0
0.2970063,0,1.0
0.25811857,0,0.0
0.2724622,0,0.0
0.36168107,0,0.0
0.34898788,0,1.0
0.33148035,0,0.0
0.3739348,0,0.0
0.3690591,0,0.0
0.36892393,0,0.0
0.32852492,0,0.0
0.2977861,0,0.0
0.3610166,0,1.0
0.27391756,0,1.0
0.28764206,0,1.0
0.13148512,0,1.0
0.23031302,0,1.0
0.2787537,0,1.0
0.30519137,0,0.0
0.33134377,0,1.0
0.32428262,0,0.0
0.377116,0,0.0
0.42132202,0,1.0
0.41875628,0,1.0
0.40221298,0,1.0
0.37171638,0,1.0
0.3633058,0,0.0
0.2400514,0,0.0
0.39178005,0,0.0
0.46202728,0,1.0
0.3904495,0,0.0
0.43464452,0,0.0
0.42084908,0,1.0
0.3741054,0,1.0
0.30447036,0,0.0
0.36174572,0,0.0
0.30768886,0,0.0
0.3350836,0,1.0
0.31492585,0,1.0
0.29849336,0,0.0
0.30648646,0,1.0
0.28371987,0,0.0
0.41763034,0,0.0
0.45256826,0,1.0
0.36194363,0,0.0
0.40935084,0,0.0
0.44862378,0,1.0
0.39480957,0,1.0
0.30973783,0,0.0
0.3652728,0,0.0
0.3732649,0,0.0
0.32773978,0,0.0
0.3455381,0,0.0
0.39320526,0,1.0
0.35082856,0,0.0
0.29493222,0,0.0
0.34849483,0,0.0
0.3463627,0,0.0
0.30887112,0,0.0
0.37524468,0,1.0
0.26155126,0,0.0
0.21568145,0,0.0
0.27750722,0,0.0
0.31728297,0,0.0
0.291232,0,0.0
0.30107325,0,0.0
0.28932193,0,0.0
0.2781633,0,0.0
0.26215845,0,0.0
0.29155764,0,0.0
0.27621293,0,0.0
0.3947746,0,0.0
0.41134897,0,1.0
0.33172068,0,0.0
0.27648246,0,0.0
0.29044986,0,0.0
0.30192646,0,1.0
0.15630916,0,0.0
0.17931193,0,0.0
0.2713908,0,1.0
0.20891532,0,1.0
0.22711194,0,0.0
0.28344256,0,0.0
0.45181242,0,1.0
0.20267493,0,0.0
0.35216436,0,0.0
0.44993684,0,1.0
0.4159478,0,0.0
0.33897653,0,0.0
0.42164105,0,1.0
0.38497704,0,0.0
0.3132411,0,0.0
0.3472083,0,1.0
0.2687763,0,0.0
0.32519504,0,1.0
0.2854695,0,1.0
0.28538218,0,0.0
0.31721768,0,1.0
0.29938215,0,0.0
0.2838512,0,1.0
0.2680706,0,0.0
0.42485318,0,0.0
0.34093812,0,0.0
0.33666608,0,0.0
0.28651932,0,1.0
0.2964877,0,0.0
0.24784546,0,1.0
0.14908291,0,1.0
0.11828968,0,1.0
0.13457617,0,0.0
0.41678604,0,1.0
0.3292968,0,1.0
0.23473121,0,0.0
0.26046565,0,0.0
0.43186882,0,1.0
0.2420927,0,1.0
0.23855752,0,0.0
0.25369766,0,0.0
0.3506456,0,0.0
0.2721529,0,0.0
0.39240903,0,0.0
0.43612573,0,1.0
0.37874612,0,0.0
0.4138017,0,1.0
0.28484705,0,0.0
0.4400188,0,1.0
0.320804,0,0.0
0.4327768,0,1.0
0.21833193,0,1.0
0.33941954,0,1.0
0.4173401,0,1.0
0.3665974,0,1.0
0.40443087,0,0.0
0.42178938,0,0.0
0.43594936,0,1.0
0.3849909,0,0.0
0.43319392,0,0.0
0.45955518,0,0.0
0.44439575,0,1.0
0.39463964,0,0.0
0.41187674,0,0.0
0.43816712,0,1.0
0.35108632,0,0.0
0.33744553,0,1.0
0.25706407,0,0.0
0.36218715,0,0.0
0.30391678,0,0.0
0.40772194,0,0.0
0.29780796,0,1.0
0.29693314,0,0.0
0.35383013,0,0.0
0.3070491,0,0.0
0.33371195,0,1.0
0.30092952,0,1.0
0.36013547,0,0.0
0.37697908,0,0.0
0.33137777,0,0.0
0.37647593,0,1.0
0.33833238,0,1.0
0.3490611,0,0.0
0.35576028,0,1.0
0.29420227,0,1.0
0.25221726,0,0.0
0.3047129,0,1.0
0.3503234,0,1.0
0.17127436,0,0.0
0.18775119,0,1.0
0.23901819,0,0.0
0.23155968,0,0.0
0.2403687,0,1.0
0.25705022,0,0.0
0.24557994,0,1.0
0.2302962,0,0.0
0.2654762,0,0.0
0.2537684,0,1.0
0.15794112,0,1.0
0.1180023,0,0.0
0.24022417,0,1.0
0.21560404,0,0.0
0.326823,0,0.0
0.34392333,0,0.0
0.45058182,0,0.0
0.42282683,0,0.0
0.41334498,0,0.0
0.36933962,0,1.0
0.30546653,0,0.0
0.35903394,0,0.0
0.4444214,0,0.0
0.41195554,0,1.0
0.3544405,0,1.0
0.31432095,0,0.0
0.36417052,0,0.0
0.35676923,0,1.0
0.28919983,0,0.0
0.20622225,0,1.0
0.1980345,0,0.0
0.32146695,0,0.0
0.20433584,0,1.0
0.1769198,0,0.0
0.262277,0,1.0
0.25231403,0,0.0
0.27908668,0,0.0
0.22816719,0,1.0
0.22644094,0,1.0
0.1624976,0,0.0
0.22440876,0,0.0
0.37073213,0,0.0
0.28373164,0,0.0
0.31015334,0,1.0
0.21138966,0,1.0
0.2337057,0,0.0
0.25623003,0,0.0
0.36408588,0,0.0
0.29142916,0,1.0
0.19802265,0,0.0
0.3196137,0,0.0
0.2770202,0,1.0
0.19127314,0,0.0
0.22501811,0,0.0
0.28946185,0,1.0
0.19968481,0,0.0
0.24008974,0,0.0
0.3387514,0,0.0
0.4368759,0,0.0
0.3364727,0,0.0
0.36490616,0,1.0
0.31458655,0,1.0
0.3472056,0,0.0
0.33736876,0,0.0
0.4598739,0,0.0
0.42270437,0,0.0
0.4270212,0,1.0
0.40681168,0,0.0
0.44248283,0,1.0
0.37281954,0,0.0
0.39855948,0,0.0
0.3757932,0,0.0
0.41686368,0,1.0
0.34409517,0,0.0
0.3753363,0,0.0
0.38733658,0,1.0
0.37018996,0,0.0
0.300623,0,1.0
0.233049,0,0.0
0.33382916,0,0.0
0.48567742,0,1.0
0.4222802,0,0.0
0.39446214,0,0.0
0.388214,0,0.0
0.45773628,0,0.0
0.43734083,0,1.0
0.39892495,0,0.0
0.4005289,0,1.0
0.4131239,0,1.0
0.40710068,0,1.0
0.28035542,0,0.0
0.37071544,0,0.0
0.3649378,0,0.0
0.41777408,0,0.0
0.40682113,0,1.0
0.41531616,0,1.0
0.33121526,0,0.0
0.40424785,0,0.0
0.37591648,0,1.0
0.17959893,0,1.0
0.25295636,0,1.0
0.23716563,0,0.0
0.30065396,0,0.0
0.21823485,0,1.0
0.24468996,0,1.0
0.19470456,0,1.0
0.19619243,0,0.0
0.24269114,0,0.0
0.2895356,0,0.0
0.32858172,0,0.0
0.36373025,0,0.0
0.39131796,0,0.0
0.34520927,0,0.0
0.26448008,0,0.0
0.43417302,0,0.0
0.42930067,0,1.0
0.3159155,0,0.0
0.31701645,0,0.0
0.39500436,0,0.0
0.3656407,0,0.0
0.34629205,0,0.0
0.3651066,0,1.0
0.26875138,0,0.0
0.34385666,0,1.0
0.30880213,0,0.0
0.39650097,0,0.0
0.31371942,0,0.0
0.37383434,0,0.0
0.35575706,0,1.0
0.27876556,0,0.0
0.27877238,0,1.0
0.22200792,0,0.0
0.31440702,0,0.0
0.29451537,0,0.0
0.44125256,0,1.0
0.39151615,0,0.0
0.42882922,0,1.0
0.3159313,0,0.0
0.35933033,0,0.0
0.33799803,0,1.0
0.34634057,0,0.0
0.43550023,0,0.0
0.43698046,0,0.0
0.44645086,0,1.0
0.3972553,0,0.0
0.3943385,0,1.0
0.3298583,0,0.0
0.39068228,0,1.0
0.26633984,0,0.0
0.41869387,0,0.0
0.4436905,0,1.0
0.36282048,0,0.0
0.41493064,0,1.0
0.4304824,0,0.0
0.42351067,0,0.0
0.36734813,0,1.0
0.3983898,0,0.0
0.42521736,0,1.0
0.39894998,0,0.0
0.4147183,0,0.0
0.42660388,0,0.0
0.4321657,0,0.0
0.3595399,0,1.0
0.30186197,0,1.0
0.298823,0,0.0
0.3687889,0,1.0
0.32392702,0,1.0
0.2893982,0,0.0
0.34494433,0,1.0
0.37856746,0,1.0
0.2435182,0,0.0
0.2270243,0,1.0
0.2076065,0,0.0
0.2632542,0,0.0
0.23868437,0,0.0
0.29093176,0,0.0
0.26473883,0,0.0
0.34425074,0,0.0
0.29152793,0,0.0
0.3006129,0,0.0
0.2548715,0,1.0
0.22813681,0,0.0
0.23214824,0,0.0
0.22593834,0,0.0
0.33669806,0,0.0
0.3713765,0,0.0
0.3610917,0,1.0
0.22076455,0,0.0
0.40371394,0,1.0
0.24722181,0,0.0
0.25389847,0,1.0
0.25228584,0,0.0
0.37304035,0,0.0
0.3232927,0,1.0
0.2415175,0,0.0
0.28424808,0,0.0
0.44632685,0,0.0
0.4126072,0,1.0
0.2558884,0,1.0
0.18621667,0,0.0
0.33988136,0,0.0
0.3217323,0,0.0
0.2745336,0,0.0
0.4006833,0,1.0
0.25765136,0,0.0
0.4396427,0,0.0
0.41204607,0,1.0
0.30917117,0,0.0
0.3921742,0,0.0
0.45501667,0,1.0
0.33854613,0,1.0
0.28179422,0,0.0
0.38163996,0,0.0
0.37428537,0,0.0
0.35065627,0,0.0
0.35742247,0,0.0
0.39490178,0,1.0
0.2948166,0,0.0
0.2667248,0,0.0
0.28150076,0,0.0
0.28648603,0,0.0
0.27609983,0,0.0
0.19376692,0,1.0
0.09963739,0,0.0
0.27360883,0,1.0
0.17759617,0,1.0
0.1435085,0,0.0
0.20238574,0,0.0
0.32261255,0,1.0
0.11814565,0,0.0
0.2501642,0,1.0
0.21875896,0,0.0
0.24378197,0,1.0
0.24186927,0,1.0
0.29242358,0,0.0
0.3858487,0,1.0
0.28715566,0,0.0
0.32210007,0,0.0
0.18702011,0,0.0
0.33609664,0,0.0
0.22668502,0,0.0
0.3390234,0,0.0
0.23658115,0,1.0
0.1338465,0,1.0
0.25526562,0,1.0
0.30190706,0,0.0
0.40495792,0,0.0
0.3146621,0,0.0
0.3820404,0,1.0
0.2919411,0,0.0
0.38008195,0,0.0
0.41841152,0,0.0
0.4152403,0,0.0
0.3969476,0,0.0
0.39895138,0,1.0
0.377972,0,0.0
0.29486784,0,1.0
0.2802831,0,0.0
0.38765174,0,0.0
0.34732696,0,1.0
0.29269984,0,1.0
0.33521098,0,0.0
0.34179655,0,0.0
0.24806777,0,0.0
0.3445894,0,0.0
0.37325844,0,0.0
0.45564383,0,1.0
0.33764932,0,0.0
0.4268911,0,0.0
0.3964531,0,0.0
0.41935468,0,0.0
0.37424523,0,0.0
0.42144153,0,1.0
0.3009069,0,0.0
0.40902323,0,1.0
0.35640103,0,1.0
0.33044398,0,0.0
0.32484365,0,1.0
0.25408286,0,0.0
0.21719837,0,0.0
0.2092044,0,0.0
0.2944411,0,0.0
0.1779803,0,0.0
0.36247957,0,0.0
0.35242152,0,0.0
0.42133868,0,0.0
0.37492493,0,0.0
0.402452,0,0.0
0.33021462,0,0.0
0.39718044,0,0.0
0.3910365,0,1.0
0.2606256,0,0.0
0.25254393,0,0.0
0.36057648,0,0.0
0.41800106,0,0.0
0.2978679,0,0.0
0.4066299,0,0.0
0.3844454,0,0.0
0.3443438,0,0.0
0.3451265,0,0.0
0.33022463,0,1.0
0.19211064,0,0.0
0.16099623,0,0.0
0.32140633,0,1.0
0.24025263,0,1.0
0.18221244,0,0.0
0.3182282,0,1.0
0.2737068,0,0.0
0.2443163,0,0.0
0.308108,0,1.0
0.24065195,0,1.0
0.23500527,0,0.0
0.23030943,0,0.0
0.3591444,0,1.0
0.26973793,0,0.0
0.33894888,0,1.0
0.23205528,0,0.0
0.240976,0,0.0
0.30038354,0,0.0
0.3608965,0,0.0
0.20658974,0,0.0
0.31334624,0,1.0
0.24376729,0,0.0
0.23855074,0,0.0
0.21395196,0,0.0
0.22104402,0,0.0
0.23641624,0,0.0
0.18426001,0,0.0
0.15440546,0,0.0
0.124341756,0,0.0
0.093564846,0,0.0
0.07102268,0,0.0
0.03478964,0,0.0
0.043922625,0,1.0
0.019657325,0,0.0
0.08503927,0,0.0
0.32840765,0,1.0
0.2005526,0,1.0
0.19069238,0,0.0
0.26633722,0,0.0
0.32087865,0,1.0
0.23532306,0,0.0
0.3328203,0,0.0
0.28782412,0,0.0
0.27655348,0,0.0
0.20612873,0,0.0
0.41154987,0,0.0
0.33468664,0,0.0
0.28209904,0,1.0
0.14406805,0,0.0
0.23414047,0,0.0
0.16103625,0,0.0
0.17894542,0,0.0
0.14177646,0,0.0
0.20933528,0,0.0
0.21025008,0,0.0
0.16055007,0,0.0
0.14122218,0,0.0
0.073977746,0,0.0
0.051209733,0,1.0
0.008435024,0,0.0
0.008784671,0,0.0
0.05390348,0,0.0
0.056036737,0,1.0
0.0039292793,0,0.0
0.12347874,0,0.0
0.23100613,0,0.0
0.30392703,0,0.0
0.1990194,0,0.0
0.28429675,0,0.0
0.17189202,0,0.0
0.15784599,0,0.0
0.33198977,0,0.0
0.30381444,0,1.0
0.18718822,0,0.0
0.34551495,0,0.0
0.32561222,0,0.0
0.30034006,0,1.0
0.09725392,0,0.0
0.35934922,0,0.0
0.28608763,0,0.0
0.31083778,0,0.0
0.43057802,0,1.0
0.31359798,0,0.0
0.3139761,0,0.0
0.34355953,0,0.0
0.45578817,0,0.0
0.37346613,0,0.0
0.38243502,0,1.0
0.27052826,0,0.0
0.4131524,0,0.0
0.36878088,0,0.0
0.283723,0,0.0
0.2532632,0,1.0
0.31638026,0,1.0
0.2595646,0,0.0
0.1998411,0,0.0
0.31831867,0,0.0
0.24578187,0,0.0
0.1924172,0,0.0
0.207839,0,0.0
0.23735934,0,0.0
0.14627782,0,0.0
0.2607134,0,0.0
0.28428093,0,1.0
0.15056917,0,0.0
0.17202237,0,0.0
0.35815704,0,0.0
0.29306978,0,1.0
0.13244435,0,0.0
0.19123568,0,0.0
0.36580878,0,1.0
0.19306792,0,0.0
0.20246677,0,0.0
0.32658404,0,1.0
0.2622099,0,0.0
0.2808704,0,1.0
0.22324437,0,1.0
0.24879399,0,0.0
0.29740408,0,0.0
0.30845863,0,1.0
0.20738055,0,1.0
0.22874959,0,1.0
0.29649803,0,0.0
0.28807962,0,0.0
0.33012357,0,0.0
0.30612293,0,0.0
0.28700086,0,0.0
0.35919142,0,1.0
0.19721538,0,0.0
0.2667723,0,0.0
0.29486054,0,0.0
0.2981013,0,1.0
0.26267982,0,1.0
0.28315768,0,0.0
0.33028162,0,0.0
0.3927129,0,0.0
0.31710947,0,1.0
0.23463511,0,0.0
0.361627,0,0.0
0.41354275,0,0.0
0.29348794,0,0.0
0.33692783,0,0.0
0.4158938,0,0.0
0.37325728,0,0.0
0.3791263,0,0.0
0.3832448,0,0.0
0.35202122,0,0.0
0.3394214,0,0.0
0.3333791,0,0.0
0.34803343,0,1.0
0.28781217,0,1.0
0.23224409,0,0.0
0.3030873,0,1.0
0.24405478,0,0.0
0.33479023,0,0.0
0.38718674,0,1.0
0.35342216,0,0.0
0.255154,0,0.0
0.28484198,0,1.0
0.23914942,0,1.0
0.12780729,0,1.0
0.18326655,0,0.0
0.28923732,0,1.0
0.2566957,0,0.0
0.4154345,0,1.0
0.27072543,0,0.0
0.41435984,0,0.0
0.35790452,0,1.0
0.32575873,0,0.0
0.26047337,0,0.0
0.3421684,0,0.0
0.27100268,0,0.0
0.22064194,0,0.0
0.3302887,0,1.0
0.18169452,0,0.0
0.27295423,0,0.0
0.26398802,0,0.0
0.26066628,0,0.0
0.24736589,0,0.0
0.41286615,0,0.0
0.39564344,0,0.0
0.32741794,0,1.0
0.24098001,0,0.0
0.38424888,0,0.0
0.34085923,0,0.0
0.40303126,0,0.0
0.4019188,0,0.0
0.416357,0,0.0
0.39081937,0,0.0
0.39047274,0,1.0
0.3246385,0,0.0
0.3030117,0,0.0
0.310225,0,0.0
0.3387497,0,1.0
0.26009908,0,0.0
0.35217836,0,1.0
0.23402423,0,0.0
0.31000578,0,0.0
0.19940652,0,0.0
0.31607726,0,1.0
0.14321788,0,0.0
0.26537523,0,0.0
0.23012246,0,0.0
0.36760783,0,0.0
0.35830158,0,0.0
0.38922897,0,0.0
0.3805337,0,0.0
0.38090292,0,1.0
0.20003603,0,0.0
0.22421558,0,0.0
0.27582976,0,0.0
0.3617007,0,1.0
0.17315343,0,0.0
0.37385654,0,1.0
0.2271441,0,0.0
0.2872303,0,0.0
0.15241395,0,0.0
0.3997308,0,0.0
0.37866294,0,1.0
0.2845504,0,0.0
0.2602025,0,0.0
0.44125015,0,0.0
0.3805661,0,0.0
0.35489854,0,0.0
0.34150764,0,0.0
0.4370486,0,1.0
0.26982534,0,0.0
0.4057743,0,1.0
0.29867497,0,0.0
0.43598264,0,0.0
0.36675426,0,0.0
0.40913478,0,0.0
0.3534414,0,1.0
0.26676813,0,1.0
0.2594334,0,0.0
0.3244024,0,0.0
0.33777505,0,0.0
0.34562275,0,0.0
0.35367537,0,0.0
0.32124612,0,0.0
0.39796123,0,1.0
0.31345475,0,0.0
0.34000435,0,0.0
0.3115525,0,0.0
0.34321213,0,0.0
0.18103482,0,0.0
0.33388802,0,0.0
0.31540456,0,0.0
0.27968645,0,1.0
0.21905185,0,0.0
0.361786,0,0.0
0.30810782,0,0.0
0.28372276,0,0.0
0.25260705,0,1.0
0.2756346,0,1.0
0.14975847,0,0.0
0.26634285,0,0.0
0.27037603,0,0.0
0.21542194,0,0.0
0.1478632,0,0.0
0.414049,0,1.0
0.19543944,0,0.0
0.20654799,0,0.0
0.3415212,0,0.0
0.37558794,0,1.0
0.24326473,0,0.0
0.33348143,0,0.0
0.43408135,0,1.0
0.38762277,0,1.0
0.30173165,0,0.0
0.3181708,0,0.0
0.3273448,0,0.0
0.2572132,0,0.0
0.26373786,0,1.0
0.26779228,0,0.0
0.26678067,0,0.0
0.29560035,0,0.0
0.2931436,0,0.0
0.1822226,0,0.0
0.18866727,0,0.0
0.1652484,0,0.0
0.11347186,0,0.0
0.28050768,0,0.0
0.1811747,0,1.0
0.07348871,0,0.0
0.20593202,0,0.0
0.21823274,0,0.0
0.24349672,0,0.0
0.120999575,0,0.0
0.38027063,0,0.0
0.36234128,0,1.0
0.24632293,0,0.0
0.3383509,0,0.0
0.4069127,0,0.0
0.35840982,0,1.0
0.19940254,0,0.0
0.37665024,0,0.0
0.38278624,0,0.0
0.33934548,0,1.0
0.23989302,0,0.0
0.2885229,0,0.0
0.31125888,0,1.0
0.20963621,0,0.0
0.22912286,0,1.0
0.21630739,0,1.0
0.20475633,0,0.0
0.28213254,0,0.0
0.27823606,0,0.0
0.20119321,0,0.0
0.2991926,0,1.0
0.19014569,0,1.0
0.18741763,0,1.0
0.21513702,0,0.0
0.3202872,0,1.0
0.24018453,0,0.0
0.32065716,0,0.0
0.3176422,0,0.0
0.38183525,0,0.0
0.28639844,0,0.0
0.30541924,0,1.0
0.22857228,0,0.0
0.3108024,0,1.0
0.22607142,0,0.0
0.3109249,0,0.0
0.28182256,0,1.0
0.27972236,0,0.0
0.23750441,0,0.0
0.32401285,0,0.0
0.4094844,0,1.0
0.24543822,0,0.0
0.29749706,0,0.0
0.21928543,0,0.0
0.2962701,0,0.0
0.28767005,0,0.0
0.27396187,0,1.0
0.15159336,0,0.0
0.30561513,0,1.0
0.22625923,0,1.0
0.18070059,0,0.0
0.24484473,0,0.0
0.27710614,0,0.0
0.31513238,0,1.0
0.26654327,0,0.0
0.45232317,0,0.0
0.4561042,0,1.0
0.35871044,0,0.0
0.3652714,0,0.0
0.39054695,0,0.0
0.34519964,0,0.0
0.36142358,0,0.0
0.39323056,0,0.0
0.43415448,0,1.0
0.36572775,0,0.0
0.4161462,0,1.0
0.35770065,0,0.0
0.3895182,0,0.0
0.33668065,0,1.0
0.27757674,0,0.0
0.2749965,0,1.0
0.23700768,0,0.0
0.37141648,0,0.0
0.37884626,0,0.0
0.33362567,0,0.0
0.36842522,0,1.0
0.34532022,0,0.0
0.37353584,0,0.0
0.34199,0,0.0
0.39670426,0,0.0
0.3367712,0,0.0
0.35017702,0,0.0
0.32811874,0,1.0
0.24924625,0,1.0
0.23224753,0,0.0
0.3066487,0,1.0
0.3021874,0,0.0
0.3394649,0,0.0
0.33447883,0,0.0
0.3523635,0,1.0
0.19137245,0,0.0
0.3084877,0,1.0
0.23425658,0,0.0
0.32777396,0,0.0
0.34957433,0,0.0
0.3494657,0,0.0
0.3636162,0,0.0
0.4272843,0,0.0
0.4536859,0,0.0
0.41721997,0,1.0
0.31716573,0,0.0
0.3167078,0,0.0
0.45505247,0,0.0
0.38917902,0,0.0
0.38424796,0,0.0
0.39691874,0,0.0
0.40974683,0,0.0
0.24940015,0,0.0
0.25389522,0,0.0
0.36011946,0,1.0
0.27514133,0,0.0
0.26265538,0,0.0
0.3516535,0,0.0
0.42977968,0,0.0
0.40098324,0,0.0
0.3706347,0,0.0
0.3324843,0,0.0
0.30363208,0,0.0
0.33775476,0,1.0
0.26240996,0,0.0
0.400978,0,1.0
0.32593527,0,0.0
0.4230438,0,0.0
0.4144514,0,1.0
0.35815537,0,0.0
0.35610896,0,1.0
0.2741165,0,1.0
0.17119502,0,0.0
0.10959368,0,0.0
0.3428904,0,1.0
0.25551483,0,0.0
0.2883645,0,1.0
0.20997691,0,1.0
0.15195443,0,0.0
0.34043023,0,1.0
0.30194974,0,0.0
0.31268722,0,0.0
0.3842652,0,1.0
0.4256192,0,0.0
0.41116136,0,1.0
0.37541783,0,0.0
0.43196762,0,1.0
0.31931683,0,0.0
0.42477956,0,0.0
0.39473903,0,0.0
0.39003813,0,0.0
0.3195309,0,0.0
0.36627868,0,0.0
0.30065227,0,0.0
0.27632996,0,0.0
0.37501055,0,1.0
0.30185124,0,0.0
0.27332973,0,0.0
0.2785379,0,0.0
0.4087875,0,1.0
0.26462325,0,0.0
0.40656304,0,1.0
0.27543288,0,0.0
0.42488584,0,1.0
0.2995415,0,0.0
0.36593094,0,1.0
0.22974926,0,0.0
0.32585397,0,0.0
0.22394904,0,0.0
0.38089973,0,0.0
0.40133762,0,0.0
0.3614928,0,1.0
0.2778121,0,0.0
0.30210927,0,1.0
0.21359587,0,1.0
0.13994418,0,0.0
0.24114594,0,1.0
0.26175898,0,0.0
0.32546195,0,0.0
0.3206712,0,0.0
0.36256522,0,0.0
0.20870218,0,0.0
0.2370394,0,0.0
0.36808673,0,0.0
0.3543559,0,0.0
0.2694173,0,0.0
0.25949672,0,1.0
0.17214014,0,0.0
0.16740519,0,0.0
0.32750505,0,0.0
0.30340254,0,0.0
0.3727969,0,1.0
0.16311964,0,0.0
0.24346817,0,0.0
0.25568298,0,0.0
0.28186905,0,0.0
0.18333316,0,0.0
0.24181381,0,0.0
0.24393594,0,0.0
0.23767479,0,0.0
0.34189266,0,0.0
0.30099705,0,0.0
0.40720806,0,0.0
0.32262036,0,1.0
0.2418698,0,0.0
0.310365,0,1.0
0.2918974,0,0.0
0.24042663,0,0.0
0.16456889,0,1.0
0.26549807,0,1.0
0.16037609,0,0.0
0.34595314,0,0.0
0.29034397,0,0.0
0.2390737,0,0.0
0.18701261,0,1.0
0.17571521,0,0.0
0.36511523,0,0.0
0.33894292,0,0.0
0.32754233,0,0.0
0.2711196,0,0.0
0.39979976,0,0.0
0.39378175,0,1.0
0.28289154,0,0.0
0.35998827,0,0.0
0.30528933,0,0.0
0.34215233,0,0.0
0.3440496,0,1.0
0.3136125,0,0.0
0.2570999,0,0.0
0.28244725,0,0.0
0.30782807,0,0.0
0.2530818,0,0.0
0.41399857,0,1.0
0.3286364,0,0.0
0.41922614,0,1.0
0.33133775,0,0.0
0.34956297,0,0.0
0.23074353,0,0.0
0.30656692,0,0.0
0.23204605,0,0.0
0.24603131,0,0.0
0.2135025,0,0.0
0.15324457,0,0.0
0.123760186,0,0.0
0.29732653,0,1.0
0.12804723,0,0.0
0.14880244,0,0.0
0.114020444,0,0.0
0.18098682,0,0.0
0.17374727,0,1.0
0.15700142,0,0.0
0.3601253,0,0.0
0.33197987,0,0.0
0.3216347,0,0.0
0.29349926,0,0.0
0.33731583,0,1.0
0.17374317,0,0.0
0.2021851,0,0.0
0.2886497,0,0.0
0.24111739,0,0.0
0.20436983,0,0.0
0.37417442,0,0.0
0.32608658,0,1.0
0.18786754,0,0.0
0.32710528,0,1.0
0.23577143,0,0.0
0.33134535,0,1.0
0.1353558,0,1.0
0.1972155,0,0.0
0.27247494,0,0.0
0.3155676,0,0.0
0.2197935,0,0.0
0.19255239,0,0.0
0.26268238,0,0.0
0.18597144,0,0.0
0.334221,0,0.0
0.26209876,0,1.0
0.09912927,0,0.0
0.4947922,0,1.0
0.42636332,0,0.0
0.39148203,0,0.0
0.39648983,0,0.0
0.41381612,0,1.0
0.33011892,0,0.0
0.40768325,0,1.0
0.37599757,0,0.0
0.3727234,0,0.0
0.39494878,0,1.0
0.3252353,0,0.0
0.33262455,0,0.0
0.36386037,0,0.0
0.3646664,0,0.0
0.30779678,0,0.0
0.27748823,0,0.0
0.3784195,0,0.0
0.37015322,0,0.0
0.42537367,0,0.0
0.38078827,0,1.0
0.3015447,0,0.0
0.30089056,0,1.0
0.2642483,0,0.0
0.2513483,0,0.0
0.2491163,0,0.0
0.29606742,0,0.0
0.28523853,0,0.0
0.23995186,0,1.0
0.1456216,0,0.0
0.19723299,0,0.0
0.20206334,0,1.0
0.19012931,0,0.0
0.27610582,0,0.0
0.34011593,0,0.0
0.30040535,0,0.0
0.28466192,0,0.0
0.35974243,0,0.0
0.36432263,0,0.0
0.3640324,0,1.0
0.23050617,0,0.0
0.33357567,0,0.0
0.29421523,0,0.0
0.4102963,0,1.0
0.2597595,0,1.0
0.31643933,0,0.0
0.36700192,0,0.0
0.35923147,0,0.0
0.30669636,0,1.0
0.21042044,0,0.0
0.26868507,0,1.0
0.1751178,0,0.0
0.13376442,0,0.0
0.22412175,0,0.0
0.45416462,0,0.0
0.4303895,0,0.0
0.40222266,0,0.0
0.3709261,0,0.0
0.3590482,0,0.0
0.3100969,0,0.0
0.23820364,0,0.0
0.36479834,0,0.0
0.3872105,0,1.0
0.23608813,0,0.0
0.33661884,0,0.0
0.39873058,0,1.0
0.25876334,0,0.0
0.23413055,0,0.0
0.38861844,0,0.0
0.3263856,0,1.0
0.16560805,0,0.0
0.30077413,0,1.0
0.22230633,0,1.0
0.19058636,0,0.0
0.2116992,0,0.0
0.28083962,0,0.0
0.17767482,0,1.0
0.16289587,0,0.0
0.20010392,0,0.0
0.23536508,0,0.0
0.38508102,0,1.0
0.25960016,0,0.0
0.33247104,0,1.0
0.31374824,0,0.0
0.35405424,0,1.0
0.19488214,0,0.0
0.21390177,0,0.0
0.32360741,0,1.0
0.2780705,0,0.0
0.2794056,0,1.0
0.29209533,0,0.0
0.4170416,0,0.0
0.31498477,0,0.0
0.4375181,0,0.0
0.4186009,0,1.0
0.38020048,0,0.0
0.36311162,0,0.0
0.37853733,0,0.0
0.30284104,0,1.0
0.26586592,0,0.0
0.4417578,0,1.0
0.38884467,0,0.0
0.37028757,0,0.0
0.36635488,0,0.0
0.42192084,0,0.0
0.3235025,0,0.0
0.30936098,0,0.0
0.2894151,0,0.0
0.25631788,0,1.0
0.16897641,0,0.0
0.42442614,0,1.0
0.32014334,0,1.0
0.23905252,0,0.0
0.28795895,0,0.0
0.42091134,0,0.0
0.41810888,0,0.0
0.3615312,0,0.0
0.37328,0,0.0
0.3361788,0,0.0
0.42539835,0,0.0
0.32462388,0,1.0
0.32278886,0,0.0
0.43908638,0,0.0
0.4237447,0,0.0
0.3891114,0,1.0
0.28724808,0,0.0
0.42046437,0,0.0
0.34480536,0,0.0
0.31081337,0,0.0
0.19940707,0,0.0
0.28384665,0,1.0
0.11099101,0,0.0
0.16137642,0,0.0
0.3397847,0,1.0
0.22088972,0,0.0
0.19311276,0,0.0
0.27069828,0,1.0
0.29504195,0,0.0
0.3055315,0,1.0
0.24036759,0,0.0
0.3832338,0,0.0
0.3253338,0,0.0
0.327495,0,0.0
0.2142481,0,0.0
0.2855408,0,0.0
0.36023927,0,1.0
0.19407997,0,0.0
0.23519994,0,0.0
0.19344349,0,1.0
0.11641009,0,0.0
0.19556686,0,0.0
0.19202314,0,1.0
0.13563275,0,0.0
0.3642004,0,1.0
0.35014188,0,0.0
0.2863323,0,0.0
0.2129401,0,1.0
0.32256868,0,0.0
0.25607407,0,0.0
0.21837226,0,0.0
0.21056075,0,0.0
0.17870457,0,1.0
0.16862763,0,0.0
0.30091423,0,0.0
0.29180664,0,0.0
0.2904508,0,1.0
0.123748966,0,0.0
0.28162938,0,0.0
0.18927577,0,0.0
0.22065659,0,0.0
0.30812928,0,1.0
0.18958984,0,0.0
0.24534442,0,0.0
0.22431467,0,0.0
0.31067392,0,1.0
0.06728316,0,0.0
0.25750613,0,1.0
0.10324584,0,0.0
0.1961316,0,0.0
0.18034662,0,0.0
0.25671884,0,1.0
0.16833086,0,0.0
0.23810735,0,1.0
0.17837912,0,0.0
0.27677587,0,0.0
0.36199284,0,1.0
0.22835205,0,0.0
0.32396153,0,0.0
0.36138964,0,1.0
0.2540831,0,0.0
0.15061517,0,0.0
0.45102343,0,1.0
0.29559192,0,0.0
0.39048392,0,1.0
0.27211237,0,0.0
0.378734,0,0.0
0.42202118,0,0.0
0.44888094,0,0.0
0.39980847,0,0.0
0.40995547,0,0.0
0.41874275,0,1.0
0.28912506,0,1.0
0.29764763,0,0.0
0.36558747,0,0.0
0.34879595,0,0.0
0.2742021,0,1.0
0.26707712,0,0.0
0.39380467,0,0.0
0.31884187,0,1.0
0.21682431,0,0.0
0.19083852,0,0.0
0.28080806,0,0.0
0.2274296,0,0.0
0.29706678,0,1.0
0.19096076,0,0.0
0.33033162,0,0.0
0.29077855,0,0.0
0.4628448,0,0.0
0.366399,0,1.0
0.43732932,0,1.0
0.41601756,0,0.0
0.2874414,0,0.0
0.26448092,0,1.0
0.2888283,0,1.0
0.37452212,0,0.0
0.44753698,0,0.0
0.433084,0,0.0
0.41783452,0,1.0
0.42198294,0,0.0
0.45399898,0,0.0
0.4550678,0,1.0
0.4017051,0,1.0
0.39643863,0,0.0
0.45051488,0,1.0
0.4044753,0,0.0
0.40382537,0,0.0
0.3630495,0,0.0
0.3734256,0,1.0
0.3283763,0,0.0
0.3871629,0,0.0
0.32937306,0,1.0
0.277429,0,0.0
0.41562203,0,0.0
0.41028097,0,0.0
0.35984987,0,1.0
0.202862,0,0.0
0.42210957,0,0.0
0.426279,0,1.0
0.28424364,0,0.0
0.3941964,0,0.0
0.41097605,0,1.0
0.35408482,0,0.0
0.39778697,0,0.0
0.42502913,0,1.0
0.37522957,0,0.0
0.39651403,0,1.0
0.38450906,0,0.0
0.38991016,0,0.0
0.37819993,0,0.0
0.4272251,0,0.0
0.4007538,0,0.0
0.38135403,0,1.0
0.24796027,0,1.0
0.22802304,0,0.0
0.31866553,0,1.0
0.2761062,0,1.0
0.32339755,0,0.0
0.42564481,0,0.0
0.4627081,0,1.0
0.3892161,0,0.0
0.39752558,0,0.0
0.41559252,0,0.0
0.38656682,0,0.0
0.33848432,0,0.0
0.46768564,0,1.0
0.40894836,0,1.0
0.38165885,0,0.0
0.41776535,0,0.0
0.4067972,0,0.0
0.39241168,0,0.0
0.40274468,0,1.0
0.38371807,0,0.0
0.38902092,0,0.0
0.38799798,0,0.0
0.3959925,0,0.0
0.43566665,0,1.0
0.38877994,0,1.0
0.3413551,0,1.0
0.31926468,0,0.0
0.4359494,0,1.0
0.27265748,0,0.0
0.3564438,0,0.0
0.39603448,0,0.0
0.42794675,0,0.0
0.33717766,0,0.0
0.36403486,0,0.0
0.32255286,0,0.0
0.27798235,0,1.0
0.124056645,0,0.0
0.34840167,0,0.0
0.3052107,0,1.0
0.26561815,0,0.0
0.3284526,0,0.0
0.43406624,0,1.0
0.22834052,0,1.0
0.21661378,0,1.0
0.23432226,0,0.0
0.41810796,0,0.0
0.41702458,0,0.0
0.3564249,0,1.0
0.29343033,0,0.0
0.4101522,0,1.0
0.33741128,0,0.0
0.37707743,0,0.0
0.33157128,0,0.0
0.3483533,0,0.0
0.36661488,0,0.0
0.35769293,0,1.0
0.2020077,0,0.0
0.17544186,0,0.0
0.42052123,0,1.0
0.29439133,0,0.0
0.21853836,0,0.0
0.23546816,0,0.0
0.30878267,0,0.0
0.16441445,0,0.0
0.15027358,0,0.0
0.14496504,0,0.0
0.14406677,0,1.0
0.0795658,0,0.0
0.12746164,0,0.0
0.12976363,0,0.0
0.17083001,0,0.0
0.11315183,0,0.0
0.3219534,0,1.0
0.12811644,0,0.0
0.37056014,0,0.0
0.47389904,0,0.0
0.4208441,0,0.0
0.3973143,0,1.0
0.37741438,0,0.0
0.38781226,0,0.0
0.3538074,0,1.0
0.25986665,0,1.0
0.3229578,0,1.0
0.4112906,0,0.0
0.39635107,0,1.0
0.38894287,0,1.0
0.40972146,0,0.0
0.4429339,0,0.0
0.44680512,0,0.0
0.3803495,0,0.0
0.42511675,0,1.0
0.44527382,0,0.0
0.4762548,0,1.0
0.4236081,0,0.0
0.40733,0,1.0
0.39190897,0,0.0
0.450533,0,1.0
0.3478706,0,1.0
0.320151,0,1.0
0.33320767,0,1.0
0.35999557,0,0.0
0.40593785,0,1.0
0.4165478,0,0.0
0.39054593,0,1.0
0.42260802,0,0.0
0.39791706,0,0.0
0.414341,0,1.0
0.38623986,0,0.0
0.40882823,0,1.0
0.39551824,0,1.0
0.40110013,0,1.0
0.40656984,0,0.0
0.45018476,0,0.0
0.43758994,0,1.0
0.37633297,0,0.0
0.40315732,0,0.0
0.4401398,0,0.0
0.4422596,0,1.0
0.34795853,0,0.0
0.40341505,0,1.0
0.38824704,0,0.0
0.38192707,0,1.0
0.25650018,0,0.0
0.4060654,0,0.0
0.3603587,0,0.0
0.4744197,0,0.0
0.41828975,0,1.0
0.35058498,0,0.0
0.39105994,0,1.0
0.40707597,0,1.0
0.26403016,0,0.0
0.32243776,0,0.0
0.40208244,0,1.0
0.35247704,0,0.0
0.36152005,0,0.0
0.40779176,0,1.0
0.3169045,0,1.0
0.37129414,0,0.0
0.429768,0,1.0
0.35724497,0,0.0
0.35772353,0,0.0
0.39011136,0,0.0
0.3894828,0,0.0
0.2805556,0,0.0
0.31425855,0,0.0
0.3435259,0,0.0
0.46458977,0,0.0
0.4124455,0,0.0
0.37760708,0,0.0
0.35524592,0,0.0
0.42867807,0,0.0
0.3613205,0,0.0
0.4218547,0,0.0
0.38856432,0,1.0
0.33778712,0,0.0
0.3561118,0,0.0
0.41196832,0,1.0
0.2853492,0,1.0
0.19417225,0,0.0
0.2179347,0,0.0
0.27756605,0,0.0
0.22190392,0,0.0
0.22891484,0,1.0
0.17181385,0,0.0
0.2481562,0,1.0
0.20939265,0,0.0
0.26673388,0,1.0
0.12432599,0,1.0
0.14461935,0,1.0
0.09849931,0,0.0
0.16341533,0,0.0
0.28281268,0,1.0
0.12469911,0,0.0
0.14973058,0,0.0
0.25322473,0,0.0
0.36023024,0,0.0
0.24886155,0,0.0
0.25103137,0,0.0
0.26555595,0,0.0
0.44104078,0,1.0
0.2854979,0,0.0
0.27895066,0,1.0
0.20099191,0,0.0
0.42193305,0,0.0
0.35621732,0,1.0
0.2740371,0,1.0
0.21515185,0,1.0
0.24219243,0,1.0
0.26009753,0,1.0
0.27803198,0,0.0
0.31667688,0,1.0
0.31554055,0,0.0
0.45571983,0,0.0
0.43131387,0,1.0
0.330448,0,1.0
0.32048005,0,0.0
0.4046902,0,1.0
0.41346598,0,1.0
0.37575474,0,0.0
0.45259824,0,0.0
0.46655348,0,1.0
0.41754618,0,0.0
0.42768604,0,1.0
0.42966598,0,0.0
0.47082505,0,0.0
0.4440179,0,0.0
0.43840894,0,1.0
0.40241516,0,0.0
0.42508277,0,1.0
0.40095952,0,0.0
0.42840016,0,0.0
0.4327931,0,1.0
0.38511264,0,0.0
0.42139181,0,0.0
0.43699032,0,0.0
0.38042793,0,0.0
0.41067338,0,1.0
0.42129475,0,1.0
0.38390028,0,1.0
0.2858283,0,0.0
0.30047524,0,0.0
0.3527348,0,1.0
0.29235652,0,0.0
0.34716392,0,1.0
0.24847095,0,0.0
0.41740036,0,1.0
0.20059654,0,1.0
0.2836061,0,1.0
0.3397448,0,1.0
0.34467098,0,1.0
0.3326291,0,1.0
0.32080397,0,0.0
0.35424715,0,0.0
0.40140283,0,0.0
0.3806347,0,0.0
0.4584799,0,0.0
0.44649372,0,1.0
0.3580746,0,0.0
0.38732526,0,0.0
0.4371387,0,0.0
0.47485694,0,1.0
0.3892551,0,0.0
0.4148912,0,0.0
0.43783507,0,0.0
0.46194392,0,0.0
0.42682594,0,1.0
0.40555274,0,0.0
0.43078363,0,0.0
0.43978456,0,1.0
0.4092651,0,0.0
0.40882716,0,1.0
0.3755724,0,0.0
0.38410553,0,0.0
0.31291136,0,1.0
0.36104995,0,0.0
0.33400974,0,0.0
0.43562937,0,0.0
0.43837586,0,1.0
0.4026609,0,0.0
0.45044044,0,0.0
0.4394371,0,0.0
0.41719332,0,1.0
0.35806292,0,0.0
0.38527843,0,0.0
0.41925868,0,1.0
0.35481817,0,1.0
0.1873436,0,1.0
0.23132835,0,0.0
0.33629382,0,0.0
0.3321386,0,0.0
0.3225823,0,0.0
0.34421164,0,1.0
0.3261344,0,1.0
0.23130602,0,0.0
0.30320272,0,0.0
0.28121778,0,0.0
0.31794626,0,0.0
0.36986423,0,1.0
0.28767028,0,1.0
0.3524974,0,0.0
0.43432906,0,0.0
0.3997469,0,1.0
0.39506045,0,1.0
0.41406053,0,0.0
0.44188744,0,0.0
0.41623768,0,1.0
0.32918313,0,0.0
0.37644944,0,0.0
0.42257532,0,1.0
0.3581216,0,1.0
0.31236026,0,0.0
0.3777974,0,1.0
0.3010455,0,0.0
0.271394,0,0.0
0.3124396,0,0.0
0.41870943,0,0.0
0.34461826,0,0.0
0.37029958,0,0.0
0.34254646,0,0.0
0.36971906,0,1.0
0.3164973,0,0.0
0.3174696,0,0.0
0.35323387,0,0.0
0.37971777,0,1.0
0.18380871,0,0.0
0.23227604,0,0.0
0.3430318,0,1.0
0.2546966,0,1.0
0.16606602,0,0.0
0.197183,0,0.0
0.4721413,0,1.0
0.34377947,0,0.0
0.36681992,0,1.0
0.28084743,0,0.0
0.43774167,0,1.0
0.29791445,0,0.0
0.34928817,0,0.0
0.2908331,0,0.0
0.42399564,0,0.0
0.37915146,0,0.0
0.35040352,0,1.0
0.21046996,0,0.0
0.23041882,0,0.0
0.26119938,0,0.0
0.22691797,0,0.0
0.1612747,0,0.0
0.19836228,0,0.0
0.43665814,0,0.0
0.440508,0,1.0
0.34881777,0,0.0
0.33950126,0,0.0
0.35421795,0,1.0
0.25119388,0,0.0
0.4245448,0,1.0
0.30096722,0,0.0
0.33897477,0,1.0
0.24998415,0,0.0
0.42380783,0,1.0
0.18890838,0,0.0
0.35188755,0,1.0
0.21956553,0,0.0
0.35964793,0,0.0
0.227197,0,1.0
0.3088827,0,1.0
0.12910958,0,0.0
0.34685034,0,1.0
0.21901636,0,0.0
0.22513887,0,1.0
0.21789348,0,0.0
0.35004613,0,1.0
0.20830402,0,0.0
0.346564,0,0.0
0.41412354,0,1.0
0.2953433,0,1.0
0.20186612,0,0.0
0.278144,0,0.0
0.29078096,0,0.0
0.3370458,0,0.0
0.34077153,0,0.0
0.426011,0,1.0
0.35533586,0,1.0
0.32012245,0,0.0
0.33958253,0,0.0
0.34819224,0,0.0
0.41746327,0,1.0
0.32159615,0,0.0
0.4109616,0,0.0
0.361243,0,1.0
0.28179973,0,0.0
0.26497632,0,0.0
0.4005486,0,1.0
0.2631617,0,0.0
0.20602798,0,1.0
0.24009326,0,0.0
0.2905393,0,0.0
0.31779382,0,0.0
0.4337428,0,1.0
0.25672585,0,0.0
0.33973607,0,0.0
0.36101377,0,1.0
0.32403442,0,0.0
0.31132352,0,0.0
0.44546214,0,1.0
0.31805924,0,1.0
0.27113992,0,0.0
0.33226457,0,0.0
0.4116366,0,0.0
0.3129496,0,1.0
0.2683452,0,0.0
0.35577354,0,0.0
0.30389708,0,0.0
0.35233223,0,1.0
0.20748146,0,1.0
0.20379242,0,0.0
0.25079444,0,0.0
0.2809897,0,1.0
0.13574435,0,0.0
0.1794679,0,0.0
0.2982321,0,0.0
0.3704469,0,0.0
0.26014227,0,1.0
0.22151424,0,0.0
0.36891,0,0.0
0.32872063,0,0.0
0.35788044,0,0.0
0.32357985,0,0.0
0.3677489,0,0.0
0.36625764,0,1.0
0.261974,0,1.0
0.1676986,0,0.0
0.31732365,0,0.0
0.3408777,0,0.0
0.25030562,0,0.0
0.27362144,0,1.0
0.2980697,0,0.0
0.23318847,0,0.0
0.19238423,0,0.0
0.31194913,0,0.0
0.28543633,0,0.0
0.32895717,0,0.0
0.27934662,0,0.0
0.3367353,0,0.0
0.29126054,0,0.0
0.498855,0,0.0
0.4797846,0,1.0
0.34705976,0,1.0
0.39660218,0,0.0
0.4209154,0,0.0
0.43712488,0,1.0
0.4232434,0,0.0
0.43080574,0,0.0
0.43858194,0,0.0
0.44516817,0,1.0
0.39592537,0,1.0
0.396169,0,1.0
0.39275134,0,0.0
0.42201716,0,1.0
0.34581366,0,0.0
0.4038911,0,0.0
0.47480088,0,1.0
0.44476205,0,1.0
0.36304098,0,0.0
0.413003,0,0.0
0.46337333,0,0.0
0.4136091,0,0.0
0.4162829,0,0.0
0.43012863,0,0.0
0.41259286,0,1.0
0.403934,0,0.0
0.4093177,0,0.0
0.45129848,0,1.0
0.37765735,0,0.0
0.3938492,0,1.0
0.37891543,0,0.0
0.3732289,0,1.0
0.30416277,0,1.0
0.25617433,0,1.0
0.27417818,0,1.0
0.30785546,0,0.0
0.41534498,0,0.0
0.39625832,0,0.0
0.3960289,0,0.0
0.44273284,0,0.0
0.4601418,0,0.0
0.44505808,0,0.0
0.41131958,0,0.0
0.41289783,0,1.0
0.37310636,0,0.0
0.4310874,0,0.0
0.41861877,0,1.0
0.32775545,0,0.0
0.3541969,0,1.0
0.37231833,0,0.0
0.38455972,0,0.0
0.40973324,0,1.0
0.37824863,0,1.0
0.2804539,0,0.0
0.4170846,0,0.0
0.43230087,0,1.0
0.33436933,0,1.0
0.3327439,0,0.0
0.3742332,0,0.0
0.40044767,0,1.0
0.3151547,0,0.0
0.32256052,0,1.0
0.31183678,0,1.0
0.2341537,0,0.0
0.39671224,0,1.0
0.24201095,0,0.0
0.33514133,0,0.0
0.37762704,0,0.0
0.440473,0,0.0
0.35870728,0,0.0
0.40910026,0,0.0
0.41953352,0,0.0
0.4084827,0,1.0
0.32422832,0,1.0
0.3209643,0,1.0
0.28726092,0,0.0
0.35775208,0,0.0
0.32437405,0,0.0
0.31606996,0,1.0
0.23224467,0,0.0
0.30735177,0,1.0
0.23614173,0,1.0
0.16096573,0,1.0
0.17124483,0,0.0
0.30437672,0,0.0
0.35768503,0,0.0
0.3266824,0,1.0
0.24732342,0,1.0
0.22496167,0,1.0
0.18978432,0,1.0
0.19961776,0,0.0
0.26137096,0,0.0
0.27838257,0,0.0
0.35253605,0,0.0
0.4193928,0,1.0
0.30946842,0,1.0
0.28657952,0,0.0
0.3107065,0,0.0
0.4425579,0,1.0
0.2516597,0,0.0
0.29074106,0,0.0
0.32747245,0,0.0
0.44201425,0,0.0
0.30886668,0,0.0
0.34727663,0,0.0
0.3464622,0,1.0
0.29938173,0,0.0
0.25925407,0,0.0
0.26859432,0,0.0
0.29849327,0,1.0
0.26650763,0,0.0
0.45243904,0,0.0
0.4276728,0,0.0
0.42142048,0,0.0
0.38059568,0,0.0
0.4276603,0,1.0
0.28963593,0,0.0
0.3199948,0,0.0
0.28378868,0,0.0
0.33310676,0,1.0
0.2758346,0,0.0
0.36772367,0,1.0
0.35314918,0,1.0
0.2999129,0,0.0
0.4295046,0,0.0
0.4574641,0,0.0
0.4189558,0,1.0
0.35947508,0,0.0
0.43878245,0,1.0
0.35693046,0,0.0
0.3519562,0,1.0
0.37698558,0,0.0
0.38913962,0,1.0
0.38556156,0,1.0
0.3606167,0,0.0
0.41155997,0,0.0
0.39474845,0,0.0
0.39390782,0,1.0
0.37155494,0,0.0
0.41859543,0,0.0
0.33350402,0,0.0
0.34130472,0,0.0
0.22238152,0,0.0
0.24027121,0,1.0
0.14875153,0,0.0
0.21430194,0,0.0
0.15824702,0,1.0
0.10925801,0,0.0
0.12539583,0,0.0
0.23539072,0,1.0
0.23083097,0,0.0
0.2229441,0,1.0
0.21928227,0,0.0
0.37978345,0,0.0
0.33962208,0,1.0
0.29536107,0,1.0
0.20361371,0,1.0
0.2555428,0,0.0
0.17830832,0,0.0
0.16627024,0,0.0
0.24922137,0,1.0
0.17188181,0,0.0
0.26567936,0,0.0
0.27681357,0,0.0
0.3186548,0,0.0
0.27328068,0,0.0
0.3968384,0,0.0
0.3968016,0,1.0
0.15394893,0,0.0
0.23872629,0,0.0
0.25527582,0,0.0
0.27932346,0,0.0
0.34976453,0,0.0
0.36304542,0,1.0
0.270661,0,1.0
0.3401753,0,1.0
0.38838568,0,1.0
0.41301513,0,0.0
0.42676738,0,0.0
0.39808673,0,0.0
0.4228979,0,0.0
0.44136742,0,0.0
0.43086353,0,0.0
0.448538,0,0.0
0.4274771,0,0.0
0.42303717,0,0.0
0.4151011,0,0.0
0.41089883,0,1.0
0.3917365,0,0.0
0.40926686,0,1.0
0.37516037,0,0.0
0.4149772,0,0.0
0.396349,0,1.0
0.22566497,0,0.0
0.3386185,0,0.0
0.44118163,0,0.0
0.43141046,0,0.0
0.3746691,0,0.0
0.40007955,0,1.0
0.34768912,0,1.0
0.3018513,0,1.0
0.24107188,0,0.0
0.3524791,0,1.0
0.28849098,0,0.0
0.40627092,0,0.0
0.39012623,0,0.0
0.44820267,0,0.0
0.42294922,0,0.0
0.4317028,0,1.0
0.34711882,0,0.0
0.38280702,0,0.0
0.42253733,0,0.0
0.3724162,0,0.0
0.39628378,0,1.0
0.28046185,0,0.0
0.34799257,0,1.0
0.29837984,0,1.0
0.2817541,0,1.0
0.24625756,0,0.0
0.31986466,0,0.0
0.27708185,0,0.0
0.336332,0,0.0
0.37071338,0,0.0
0.4050094,0,1.0
0.30355248,0,0.0
0.29042786,0,1.0
0.2099858,0,1.0
0.18288508,0,0.0
0.14429608,0,1.0
0.1478629,0,0.0
0.21375348,0,0.0
0.27937195,0,0.0
0.2618925,0,1.0
0.17114912,0,0.0
0.3575155,0,1.0
0.2986812,0,1.0
0.22547631,0,1.0
0.18977015,0,1.0
0.31572962,0,0.0
0.30870807,0,0.0
0.33013788,0,1.0
0.38865256,0,0.0
0.42736128,0,0.0
0.4483869,0,1.0
0.33152378,0,1.0
0.43168503,0,0.0
0.45359528,0,0.0
0.4625476,0,1.0
0.39607692,0,1.0
0.39820948,0,1.0
0.4031962,0,0.0
0.4228343,0,0.0
0.3550937,0,0.0
0.30086386,0,0.0
0.24564858,0,0.0
0.4286095,0,0.0
0.37341368,0,0.0
0.36439237,0,0.0
0.3336632,0,0.0
0.32837763,0,0.0
0.27578273,0,0.0
0.3077171,0,1.0
0.18795845,0,0.0
0.33138382,0,0.0
0.27707574,0,0.0
0.29609382,0,1.0
0.2763939,0,1.0
0.27028558,0,1.0
0.26549104,0,1.0
0.29299152,0,1.0
0.2936022,0,1.0
0.31032938,0,0.0
0.42609417,0,0.0
0.38053888,0,0.0
0.34938806,0,1.0
0.32244304,0,1.0
0.384438,0,0.0
0.34861672,0,0.0
0.333717,0,1.0
0.31729114,0,0.0
0.32231027,0,0.0
0.42134914,0,1.0
0.2166927,0,0.0
0.31052604,0,1.0
0.289596,0,0.0
0.33163843,0,0.0
0.37458897,0,1.0
0.3102462,0,0.0
0.34216458,0,0.0
0.35422736,0,0.0
0.3559991,0,0.0
0.37105533,0,1.0
0.30248892,0,0.0
0.4002256,0,0.0
0.44463044,0,1.0
0.36729577,0,1.0
0.3186129,0,0.0
0.40711936,0,1.0
0.3884844,0,1.0
0.30685258,0,0.0
0.38038436,0,0.0
0.39166248,0,0.0
0.29206792,0,0.0
0.390076,0,1.0
0.35234737,0,1.0
0.18716879,0,0.0
0.3031136,0,1.0
0.30830848,0,0.0
0.2290222,0,1.0
0.2770437,0,1.0
0.25611937,0,1.0
0.18813767,0,1.0
0.25584966,0,1.0
0.2976879,0,1.0
0.2645339,0,0.0
0.37809584,0,0.0
0.3922184,0,0.0
0.34215122,0,0.0
0.40565848,0,1.0
0.31837684,0,0.0
0.28824198,0,0.0
0.27787876,0,0.0
0.2892321,0,0.0
0.38272193,0,0.0
0.3979779,0,1.0
0.3128952,0,0.0
0.31932113,0,0.0
0.34830785,0,1.0
0.21603338,0,0.0
0.32817084,0,0.0
0.36323127,0,0.0
0.37703684,0,1.0
0.2599268,0,1.0
0.2740682,0,1.0
0.20262314,0,0.0
0.25516075,0,0.0
0.2614658,0,0.0
0.28389913,0,0.0
0.28360897,0,0.0
0.41399568,0,0.0
0.3474763,0,0.0
0.28231356,0,0.0
0.43150657,0,0.0
0.38353822,0,0.0
0.3371084,0,0.0
0.3405495,0,0.0
0.36505786,0,1.0
0.3077011,0,1.0
0.3068873,0,0.0
0.2770023,0,1.0
0.26061854,0,0.0
0.2677858,0,0.0
0.3170171,0,0.0
0.34981918,0,0.0
0.36955705,0,1.0
0.30930126,0,0.0
0.44607842,0,0.0
0.4336191,0,0.0
0.37924603,0,0.0
0.4076053,0,0.0
0.42030042,0,0.0
0.41843212,0,1.0
0.3660051,0,0.0
0.4221639,0,1.0
0.34923595,0,0.0
0.39556113,0,1.0
0.36410373,0,0.0
0.39116615,0,0.0
0.37123263,0,0.0
0.43512723,0,0.0
0.38512468,0,0.0
0.3672095,0,0.0
0.40169382,0,0.0
0.38504156,0,0.0
0.3583113,0,0.0
0.33335105,0,1.0
0.28811952,0,1.0
0.18000095,0,0.0
0.23501404,0,0.0
0.26221222,0,1.0
0.24119262,0,0.0
0.28800407,0,0.0
0.38226277,0,1.0
0.28412998,0,1.0
0.24380556,0,1.0
0.2403855,0,0.0
0.45932278,0,0.0
0.39195907,0,0.0
0.426475,0,0.0
0.39833918,0,0.0
0.41468847,0,0.0
0.33836564,0,0.0
0.37364557,0,0.0
0.33441925,0,0.0
0.34553987,0,1.0
0.31863144,0,0.0
0.2957881,0,0.0
0.28786233,0,0.0
0.26633525,0,0.0
0.166769,0,0.0
0.3686425,0,1.0
0.24931724,0,1.0
0.18947846,0,1.0
0.13229965,0,1.0
0.25952268,0,0.0
0.18822058,0,0.0
0.2923206,0,0.0
0.31614965,0,1.0
0.2926084,0,1.0
0.2973549,0,1.0
0.22680667,0,0.0
0.3317714,0,1.0
0.2888388,0,1.0
0.3403714,0,0.0
0.30375397,0,1.0
0.34511176,0,0.0
0.32912353,0,1.0
0.274963,0,1.0
0.25710717,0,0.0
0.43025315,0,0.0
0.4209257,0,0.0
0.31526196,0,0.0
0.41836366,0,1.0
0.38189435,0,1.0
0.23545632,0,0.0
0.41200128,0,0.0
0.42261055,0,0.0
0.38780943,0,1.0
0.36633587,0,0.0
0.38809937,0,0.0
0.35601196,0,1.0
0.34428474,0,0.0
0.31763154,0,0.0
0.31274757,0,0.0
0.31828088,0,0.0
0.2553065,0,0.0
0.23104948,0,0.0
0.31672367,0,0.0
0.32904857,0,0.0
0.32898706,0,0.0
0.3382265,0,1.0
0.1978535,0,0.0
0.26483992,0,0.0
0.26795727,0,0.0
0.2670872,0,0.0
0.2871105,0,1.0
0.31264144,0,0.0
0.26649204,0,1.0
0.20012257,0,0.0
0.23352571,0,0.0
0.23527294,0,1.0
0.19150695,0,0.0
0.3076811,0,1.0
0.2529702,0,0.0
0.34798458,0,0.0
0.31993538,0,0.0
0.34197748,0,1.0
0.13942212,0,0.0
0.27101976,0,0.0
0.2967229,0,0.0
0.333943,0,1.0
0.18161523,0,0.0
0.34255737,0,1.0
0.2400441,0,0.0
0.32626596,0,0.0
0.17763112,0,0.0
0.34587377,0,0.0
0.23935515,0,1.0
0.14777532,0,0.0
