Time,Price,Volume,BSFlag,date,symbol
93000000,995,100,0,20260625,S001
93001000,996,200,1,20260625,S001
93002000,997,300,2,20260625,S001
93003000,998,400,0,20260625,S001
93004000,999,500,1,20260625,S001
93005000,1000,600,2,20260625,S001
93006000,1001,700,0,20260625,S001
93007000,1002,800,1,20260625,S001
93008000,1003,100,2,20260625,S001
93009000,1004,200,0,20260625,S001
93010000,1005,300,1,20260625,S001
93011000,995,400,2,20260625,S001
93012000,996,500,0,20260625,S001
93013000,997,600,1,20260625,S001
93014000,998,700,2,20260625,S001
93015000,999,800,0,20260625,S001
93016000,1000,100,1,20260625,S001
93017000,1001,200,2,20260625,S001
93018000,1002,300,0,20260625,S001
93019000,1003,400,1,20260625,S001
93020000,1004,500,2,20260625,S001
93021000,1005,600,0,20260625,S001
93022000,995,700,1,20260625,S001
93023000,996,800,2,20260625,S001
93024000,997,100,0,20260625,S001
93025000,998,200,1,20260625,S001
93026000,999,300,2,20260625,S001
93027000,1000,400,0,20260625,S001
93028000,1001,500,1,20260625,S001
93029000,1002,600,2,20260625,S001
93030000,1003,700,0,20260625,S001
93031000,1004,800,1,20260625,S001
93032000,1005,100,2,20260625,S001
93033000,995,200,0,20260625,S001
93034000,996,300,1,20260625,S001
93035000,997,400,2,20260625,S001
93036000,998,500,0,20260625,S001
93037000,999,600,1,20260625,S001
93038000,1000,700,2,20260625,S001
93039000,1001,800,0,20260625,S001
93040000,1002,100,1,20260625,S001
93041000,1003,200,2,20260625,S001
93042000,1004,300,0,20260625,S001
93043000,1005,400,1,20260625,S001
93044000,995,500,2,20260625,S001
93045000,996,600,0,20260625,S001
93046000,997,700,1,20260625,S001
93047000,998,800,2,20260625,S001
93048000,999,100,0,20260625,S001
93049000,1000,200,1,20260625,S001
93050000,1001,300,2,20260625,S001
93051000,1002,400,0,20260625,S001
93052000,1003,500,1,20260625,S001
93053000,1004,600,2,20260625,S001
93054000,1005,700,0,20260625,S001
93055000,995,800,1,20260625,S001
93056000,996,100,2,20260625,S001
93057000,997,200,0,20260625,S001
93058000,998,300,1,20260625,S001
93059000,999,400,2,20260625,S001
93060000,1000,500,0,20260625,S001
93061000,1001,600,1,20260625,S001
93062000,1002,700,2,20260625,S001
93063000,1003,800,0,20260625,S001
93064000,1004,100,1,20260625,S001
93065000,1005,200,2,20260625,S001
93066000,995,300,0,20260625,S001
93067000,996,400,1,20260625,S001
93068000,997,500,2,20260625,S001
93069000,998,600,0,20260625,S001
93070000,999,700,1,20260625,S001
93071000,1000,800,2,20260625,S001
93072000,1001,100,0,20260625,S001
93073000,1002,200,1,20260625,S001
93074000,1003,300,2,20260625,S001
93075000,1004,400,0,20260625,S001
93076000,1005,500,1,20260625,S001
93077000,995,600,2,20260625,S001
93078000,996,700,0,20260625,S001
93079000,997,800,1,20260625,S001
93080000,998,100,2,20260625,S001
93081000,999,200,0,20260625,S001
93082000,1000,300,1,20260625,S001
93083000,1001,400,2,20260625,S001
93084000,1002,500,0,20260625,S001
93085000,1003,600,1,20260625,S001
93086000,1004,700,2,20260625,S001
93087000,1005,800,0,20260625,S001
93088000,995,100,1,20260625,S001
93089000,996,200,2,20260625,S001
93090000,997,300,0,20260625,S001
93091000,998,400,1,20260625,S001
93092000,999,500,2,20260625,S001
93093000,1000,600,0,20260625,S001
93094000,1001,700,1,20260625,S001
93095000,1002,800,2,20260625,S001
93096000,1003,100,0,20260625,S001
93097000,1004,200,1,20260625,S001
93098000,1005,300,2,20260625,S001
93099000,995,400,0,20260625,S001
93100000,996,500,1,20260625,S001
93101000,997,600,2,20260625,S001
93102000,998,700,0,20260625,S001
93103000,999,800,1,20260625,S001
93104000,1000,100,2,20260625,S001
93105000,1001,200,0,20260625,S001
93106000,1002,300,1,20260625,S001
93107000,1003,400,2,20260625,S001
93108000,1004,500,0,20260625,S001
93109000,1005,600,1,20260625,S001
93110000,995,700,2,20260625,S001
93111000,996,800,0,20260625,S001
93112000,997,100,1,20260625,S001
93113000,998,200,2,20260625,S001
93114000,999,300,0,20260625,S001
93115000,1000,400,1,20260625,S001
93116000,1001,500,2,20260625,S001
93117000,1002,600,0,20260625,S001
93118000,1003,700,1,20260625,S001
93119000,1004,800,2,20260625,S001
93120000,1005,100,0,20260625,S001
93121000,995,200,1,20260625,S001
93122000,996,300,2,20260625,S001
93123000,997,400,0,20260625,S001
93124000,998,500,1,20260625,S001
93125000,999,600,2,20260625,S001
93126000,1000,700,0,20260625,S001
93127000,1001,800,1,20260625,S001
93128000,1002,100,2,20260625,S001
93129000,1003,200,0,20260625,S001
93130000,1004,300,1,20260625,S001
93131000,1005,400,2,20260625,S001
93132000,995,500,0,20260625,S001
93133000,996,600,1,20260625,S001
93134000,997,700,2,20260625,S001
93135000,998,800,0,20260625,S001
93136000,999,100,1,20260625,S001
93137000,1000,200,2,20260625,S001
93138000,1001,300,0,20260625,S001
93139000,1002,400,1,20260625,S001
93140000,1003,500,2,20260625,S001
93141000,1004,600,0,20260625,S001
93142000,1005,700,1,20260625,S001
93143000,995,800,2,20260625,S001
93144000,996,100,0,20260625,S001
93145000,997,200,1,20260625,S001
93146000,998,300,2,20260625,S001
93147000,999,400,0,20260625,S001
93148000,1000,500,1,20260625,S001
93149000,1001,600,2,20260625,S001
93150000,1002,700,0,20260625,S001
93151000,1003,800,1,20260625,S001
93152000,1004,100,2,20260625,S001
93153000,1005,200,0,20260625,S001
93154000,995,300,1,20260625,S001
93155000,996,400,2,20260625,S001
93156000,997,500,0,20260625,S001
93157000,998,600,1,20260625,S001
93158000,999,700,2,20260625,S001
93159000,1000,800,0,20260625,S001
93160000,1001,100,1,20260625,S001
93161000,1002,200,2,20260625,S001
93162000,1003,300,0,20260625,S001
93163000,1004,400,1,20260625,S001
93164000,1005,500,2,20260625,S001
93165000,995,600,0,20260625,S001
93166000,996,700,1,20260625,S001
93167000,997,800,2,20260625,S001
93168000,998,100,0,20260625,S001
93169000,999,200,1,20260625,S001
93170000,1000,300,2,20260625,S001
93171000,1001,400,0,20260625,S001
93172000,1002,500,1,20260625,S001
93173000,1003,600,2,20260625,S001
93174000,1004,700,0,20260625,S001
93175000,1005,800,1,20260625,S001
93176000,995,100,2,20260625,S001
93177000,996,200,0,20260625,S001
93178000,997,300,1,20260625,S001
93179000,998,400,2,20260625,S001
93180000,999,500,0,20260625,S001
93181000,1000,600,1,20260625,S001
93182000,1001,700,2,20260625,S001
93183000,1002,800,0,20260625,S001
93184000,1003,100,1,20260625,S001
93185000,1004,200,2,20260625,S001
93186000,1005,300,0,20260625,S001
93187000,995,400,1,20260625,S001
93188000,996,500,2,20260625,S001
93189000,997,600,0,20260625,S001
93190000,998,700,1,20260625,S001
93191000,999,800,2,20260625,S001
93192000,1000,100,0,20260625,S001
93193000,1001,200,1,20260625,S001
93194000,1002,300,2,20260625,S001
93195000,1003,400,0,20260625,S001
93196000,1004,500,1,20260625,S001
93197000,1005,600,2,20260625,S001
93198000,995,700,0,20260625,S001
93199000,996,800,1,20260625,S001
93200000,997,100,2,20260625,S001
93201000,998,200,0,20260625,S001
93202000,999,300,1,20260625,S001
93203000,1000,400,2,20260625,S001
93204000,1001,500,0,20260625,S001
93205000,1002,600,1,20260625,S001
93206000,1003,700,2,20260625,S001
93207000,1004,800,0,20260625,S001
93208000,1005,100,1,20260625,S001
93209000,995,200,2,20260625,S001
93210000,996,300,0,20260625,S001
93211000,997,400,1,20260625,S001
93212000,998,500,2,20260625,S001
93213000,999,600,0,20260625,S001
93214000,1000,700,1,20260625,S001
93215000,1001,800,2,20260625,S001
93216000,1002,100,0,20260625,S001
93217000,1003,200,1,20260625,S001
93218000,1004,300,2,20260625,S001
93219000,1005,400,0,20260625,S001
93220000,995,500,1,20260625,S001
93221000,996,600,2,20260625,S001
93222000,997,700,0,20260625,S001
93223000,998,800,1,20260625,S001
93224000,999,100,2,20260625,S001
93225000,1000,200,0,20260625,S001
93226000,1001,300,1,20260625,S001
93227000,1002,400,2,20260625,S001
93228000,1003,500,0,20260625,S001
93229000,1004,600,1,20260625,S001
93230000,1005,700,2,20260625,S001
93231000,995,800,0,20260625,S001
93232000,996,100,1,20260625,S001
93233000,997,200,2,20260625,S001
93234000,998,300,0,20260625,S001
93235000,999,400,1,20260625,S001
93236000,1000,500,2,20260625,S001
93237000,1001,600,0,20260625,S001
93238000,1002,700,1,20260625,S001
93239000,1003,800,2,20260625,S001
93240000,1004,100,0,20260625,S001
93241000,1005,200,1,20260625,S001
93242000,995,300,2,20260625,S001
93243000,996,400,0,20260625,S001
93244000,997,500,1,20260625,S001
93245000,998,600,2,20260625,S001
93246000,999,700,0,20260625,S001
93247000,1000,800,1,20260625,S001
93248000,1001,100,2,20260625,S001
93249000,1002,200,0,20260625,S001
93000001,1020,100,0,20260625,S002
93001001,1021,200,1,20260625,S002
93002001,1022,300,2,20260625,S002
93003001,1023,400,0,20260625,S002
93004001,1024,500,1,20260625,S002
93005001,1025,600,2,20260625,S002
93006001,1026,700,0,20260625,S002
93007001,1027,800,1,20260625,S002
93008001,1028,100,2,20260625,S002
93009001,1029,200,0,20260625,S002
93010001,1030,300,1,20260625,S002
93011001,1020,400,2,20260625,S002
93012001,1021,500,0,20260625,S002
93013001,1022,600,1,20260625,S002
93014001,1023,700,2,20260625,S002
93015001,1024,800,0,20260625,S002
93016001,1025,100,1,20260625,S002
93017001,1026,200,2,20260625,S002
93018001,1027,300,0,20260625,S002
93019001,1028,400,1,20260625,S002
93020001,1029,500,2,20260625,S002
93021001,1030,600,0,20260625,S002
93022001,1020,700,1,20260625,S002
93023001,1021,800,2,20260625,S002
93024001,1022,100,0,20260625,S002
93025001,1023,200,1,20260625,S002
93026001,1024,300,2,20260625,S002
93027001,1025,400,0,20260625,S002
93028001,1026,500,1,20260625,S002
93029001,1027,600,2,20260625,S002
93030001,1028,700,0,20260625,S002
93031001,1029,800,1,20260625,S002
93032001,1030,100,2,20260625,S002
93033001,1020,200,0,20260625,S002
93034001,1021,300,1,20260625,S002
93035001,1022,400,2,20260625,S002
93036001,1023,500,0,20260625,S002
93037001,1024,600,1,20260625,S002
93038001,1025,700,2,20260625,S002
93039001,1026,800,0,20260625,S002
93040001,1027,100,1,20260625,S002
93041001,1028,200,2,20260625,S002
93042001,1029,300,0,20260625,S002
93043001,1030,400,1,20260625,S002
93044001,1020,500,2,20260625,S002
93045001,1021,600,0,20260625,S002
93046001,1022,700,1,20260625,S002
93047001,1023,800,2,20260625,S002
93048001,1024,100,0,20260625,S002
93049001,1025,200,1,20260625,S002
93050001,1026,300,2,20260625,S002
93051001,1027,400,0,20260625,S002
93052001,1028,500,1,20260625,S002
93053001,1029,600,2,20260625,S002
93054001,1030,700,0,20260625,S002
93055001,1020,800,1,20260625,S002
93056001,1021,100,2,20260625,S002
93057001,1022,200,0,20260625,S002
93058001,1023,300,1,20260625,S002
93059001,1024,400,2,20260625,S002
93060001,1025,500,0,20260625,S002
93061001,1026,600,1,20260625,S002
93062001,1027,700,2,20260625,S002
93063001,1028,800,0,20260625,S002
93064001,1029,100,1,20260625,S002
93065001,1030,200,2,20260625,S002
93066001,1020,300,0,20260625,S002
93067001,1021,400,1,20260625,S002
93068001,1022,500,2,20260625,S002
93069001,1023,600,0,20260625,S002
93070001,1024,700,1,20260625,S002
93071001,1025,800,2,20260625,S002
93072001,1026,100,0,20260625,S002
93073001,1027,200,1,20260625,S002
93074001,1028,300,2,20260625,S002
93075001,1029,400,0,20260625,S002
93076001,1030,500,1,20260625,S002
93077001,1020,600,2,20260625,S002
93078001,1021,700,0,20260625,S002
93079001,1022,800,1,20260625,S002
93080001,1023,100,2,20260625,S002
93081001,1024,200,0,20260625,S002
93082001,1025,300,1,20260625,S002
93083001,1026,400,2,20260625,S002
93084001,1027,500,0,20260625,S002
93085001,1028,600,1,20260625,S002
93086001,1029,700,2,20260625,S002
93087001,1030,800,0,20260625,S002
93088001,1020,100,1,20260625,S002
93089001,1021,200,2,20260625,S002
93090001,1022,300,0,20260625,S002
93091001,1023,400,1,20260625,S002
93092001,1024,500,2,20260625,S002
93093001,1025,600,0,20260625,S002
93094001,1026,700,1,20260625,S002
93095001,1027,800,2,20260625,S002
93096001,1028,100,0,20260625,S002
93097001,1029,200,1,20260625,S002
93098001,1030,300,2,20260625,S002
93099001,1020,400,0,20260625,S002
93100001,1021,500,1,20260625,S002
93101001,1022,600,2,20260625,S002
93102001,1023,700,0,20260625,S002
93103001,1024,800,1,20260625,S002
93104001,1025,100,2,20260625,S002
93105001,1026,200,0,20260625,S002
93106001,1027,300,1,20260625,S002
93107001,1028,400,2,20260625,S002
93108001,1029,500,0,20260625,S002
93109001,1030,600,1,20260625,S002
93110001,1020,700,2,20260625,S002
93111001,1021,800,0,20260625,S002
93112001,1022,100,1,20260625,S002
93113001,1023,200,2,20260625,S002
93114001,1024,300,0,20260625,S002
93115001,1025,400,1,20260625,S002
93116001,1026,500,2,20260625,S002
93117001,1027,600,0,20260625,S002
93118001,1028,700,1,20260625,S002
93119001,1029,800,2,20260625,S002
93120001,1030,100,0,20260625,S002
93121001,1020,200,1,20260625,S002
93122001,1021,300,2,20260625,S002
93123001,1022,400,0,20260625,S002
93124001,1023,500,1,20260625,S002
93125001,1024,600,2,20260625,S002
93126001,1025,700,0,20260625,S002
93127001,1026,800,1,20260625,S002
93128001,1027,100,2,20260625,S002
93129001,1028,200,0,20260625,S002
93130001,1029,300,1,20260625,S002
93131001,1030,400,2,20260625,S002
93132001,1020,500,0,20260625,S002
93133001,1021,600,1,20260625,S002
93134001,1022,700,2,20260625,S002
93135001,1023,800,0,20260625,S002
93136001,1024,100,1,20260625,S002
93137001,1025,200,2,20260625,S002
93138001,1026,300,0,20260625,S002
93139001,1027,400,1,20260625,S002
93140001,1028,500,2,20260625,S002
93141001,1029,600,0,20260625,S002
93142001,1030,700,1,20260625,S002
93143001,1020,800,2,20260625,S002
93144001,1021,100,0,20260625,S002
93145001,1022,200,1,20260625,S002
93146001,1023,300,2,20260625,S002
93147001,1024,400,0,20260625,S002
93148001,1025,500,1,20260625,S002
93149001,1026,600,2,20260625,S002
93150001,1027,700,0,20260625,S002
93151001,1028,800,1,20260625,S002
93152001,1029,100,2,20260625,S002
93153001,1030,200,0,20260625,S002
93154001,1020,300,1,20260625,S002
93155001,1021,400,2,20260625,S002
93156001,1022,500,0,20260625,S002
93157001,1023,600,1,20260625,S002
93158001,1024,700,2,20260625,S002
93159001,1025,800,0,20260625,S002
93160001,1026,100,1,20260625,S002
93161001,1027,200,2,20260625,S002
93162001,1028,300,0,20260625,S002
93163001,1029,400,1,20260625,S002
93164001,1030,500,2,20260625,S002
93165001,1020,600,0,20260625,S002
93166001,1021,700,1,20260625,S002
93167001,1022,800,2,20260625,S002
93168001,1023,100,0,20260625,S002
93169001,1024,200,1,20260625,S002
93170001,1025,300,2,20260625,S002
93171001,1026,400,0,20260625,S002
93172001,1027,500,1,20260625,S002
93173001,1028,600,2,20260625,S002
93174001,1029,700,0,20260625,S002
93175001,1030,800,1,20260625,S002
93176001,1020,100,2,20260625,S002
93177001,1021,200,0,20260625,S002
93178001,1022,300,1,20260625,S002
93179001,1023,400,2,20260625,S002
93180001,1024,500,0,20260625,S002
93181001,1025,600,1,20260625,S002
93182001,1026,700,2,20260625,S002
93183001,1027,800,0,20260625,S002
93184001,1028,100,1,20260625,S002
93185001,1029,200,2,20260625,S002
93186001,1030,300,0,20260625,S002
93187001,1020,400,1,20260625,S002
93188001,1021,500,2,20260625,S002
93189001,1022,600,0,20260625,S002
93190001,1023,700,1,20260625,S002
93191001,1024,800,2,20260625,S002
93192001,1025,100,0,20260625,S002
93193001,1026,200,1,20260625,S002
93194001,1027,300,2,20260625,S002
93195001,1028,400,0,20260625,S002
93196001,1029,500,1,20260625,S002
93197001,1030,600,2,20260625,S002
93198001,1020,700,0,20260625,S002
93199001,1021,800,1,20260625,S002
93200001,1022,100,2,20260625,S002
93201001,1023,200,0,20260625,S002
93202001,1024,300,1,20260625,S002
93203001,1025,400,2,20260625,S002
93204001,1026,500,0,20260625,S002
93205001,1027,600,1,20260625,S002
93206001,1028,700,2,20260625,S002
93207001,1029,800,0,20260625,S002
93208001,1030,100,1,20260625,S002
93209001,1020,200,2,20260625,S002
93210001,1021,300,0,20260625,S002
93211001,1022,400,1,20260625,S002
93212001,1023,500,2,20260625,S002
93213001,1024,600,0,20260625,S002
93214001,1025,700,1,20260625,S002
93215001,1026,800,2,20260625,S002
93216001,1027,100,0,20260625,S002
93217001,1028,200,1,20260625,S002
93218001,1029,300,2,20260625,S002
93219001,1030,400,0,20260625,S002
93220001,1020,500,1,20260625,S002
93221001,1021,600,2,20260625,S002
93222001,1022,700,0,20260625,S002
93223001,1023,800,1,20260625,S002
93224001,1024,100,2,20260625,S002
93225001,1025,200,0,20260625,S002
93226001,1026,300,1,20260625,S002
93227001,1027,400,2,20260625,S002
93228001,1028,500,0,20260625,S002
93229001,1029,600,1,20260625,S002
93230001,1030,700,2,20260625,S002
93231001,1020,800,0,20260625,S002
93232001,1021,100,1,20260625,S002
93233001,1022,200,2,20260625,S002
93234001,1023,300,0,20260625,S002
93235001,1024,400,1,20260625,S002
93236001,1025,500,2,20260625,S002
93237001,1026,600,0,20260625,S002
93238001,1027,700,1,20260625,S002
93239001,1028,800,2,20260625,S002
93240001,1029,100,0,20260625,S002
93241001,1030,200,1,20260625,S002
93242001,1020,300,2,20260625,S002
93243001,1021,400,0,20260625,S002
93244001,1022,500,1,20260625,S002
93245001,1023,600,2,20260625,S002
93246001,1024,700,0,20260625,S002
93247001,1025,800,1,20260625,S002
93248001,1026,100,2,20260625,S002
93249001,1027,200,0,20260625,S002
93000002,1045,100,0,20260625,S003
93001002,1046,200,1,20260625,S003
93002002,1047,300,2,20260625,S003
93003002,1048,400,0,20260625,S003
93004002,1049,500,1,20260625,S003
93005002,1050,600,2,20260625,S003
93006002,1051,700,0,20260625,S003
93007002,1052,800,1,20260625,S003
93008002,1053,100,2,20260625,S003
93009002,1054,200,0,20260625,S003
93010002,1055,300,1,20260625,S003
93011002,1045,400,2,20260625,S003
93012002,1046,500,0,20260625,S003
93013002,1047,600,1,20260625,S003
93014002,1048,700,2,20260625,S003
93015002,1049,800,0,20260625,S003
93016002,1050,100,1,20260625,S003
93017002,1051,200,2,20260625,S003
93018002,1052,300,0,20260625,S003
93019002,1053,400,1,20260625,S003
93020002,1054,500,2,20260625,S003
93021002,1055,600,0,20260625,S003
93022002,1045,700,1,20260625,S003
93023002,1046,800,2,20260625,S003
93024002,1047,100,0,20260625,S003
93025002,1048,200,1,20260625,S003
93026002,1049,300,2,20260625,S003
93027002,1050,400,0,20260625,S003
93028002,1051,500,1,20260625,S003
93029002,1052,600,2,20260625,S003
93030002,1053,700,0,20260625,S003
93031002,1054,800,1,20260625,S003
93032002,1055,100,2,20260625,S003
93033002,1045,200,0,20260625,S003
93034002,1046,300,1,20260625,S003
93035002,1047,400,2,20260625,S003
93036002,1048,500,0,20260625,S003
93037002,1049,600,1,20260625,S003
93038002,1050,700,2,20260625,S003
93039002,1051,800,0,20260625,S003
93040002,1052,100,1,20260625,S003
93041002,1053,200,2,20260625,S003
93042002,1054,300,0,20260625,S003
93043002,1055,400,1,20260625,S003
93044002,1045,500,2,20260625,S003
93045002,1046,600,0,20260625,S003
93046002,1047,700,1,20260625,S003
93047002,1048,800,2,20260625,S003
93048002,1049,100,0,20260625,S003
93049002,1050,200,1,20260625,S003
93050002,1051,300,2,20260625,S003
93051002,1052,400,0,20260625,S003
93052002,1053,500,1,20260625,S003
93053002,1054,600,2,20260625,S003
93054002,1055,700,0,20260625,S003
93055002,1045,800,1,20260625,S003
93056002,1046,100,2,20260625,S003
93057002,1047,200,0,20260625,S003
93058002,1048,300,1,20260625,S003
93059002,1049,400,2,20260625,S003
93060002,1050,500,0,20260625,S003
93061002,1051,600,1,20260625,S003
93062002,1052,700,2,20260625,S003
93063002,1053,800,0,20260625,S003
93064002,1054,100,1,20260625,S003
93065002,1055,200,2,20260625,S003
93066002,1045,300,0,20260625,S003
93067002,1046,400,1,20260625,S003
93068002,1047,500,2,20260625,S003
93069002,1048,600,0,20260625,S003
93070002,1049,700,1,20260625,S003
93071002,1050,800,2,20260625,S003
93072002,1051,100,0,20260625,S003
93073002,1052,200,1,20260625,S003
93074002,1053,300,2,20260625,S003
93075002,1054,400,0,20260625,S003
93076002,1055,500,1,20260625,S003
93077002,1045,600,2,20260625,S003
93078002,1046,700,0,20260625,S003
93079002,1047,800,1,20260625,S003
93080002,1048,100,2,20260625,S003
93081002,1049,200,0,20260625,S003
93082002,1050,300,1,20260625,S003
93083002,1051,400,2,20260625,S003
93084002,1052,500,0,20260625,S003
93085002,1053,600,1,20260625,S003
93086002,1054,700,2,20260625,S003
93087002,1055,800,0,20260625,S003
93088002,1045,100,1,20260625,S003
93089002,1046,200,2,20260625,S003
93090002,1047,300,0,20260625,S003
93091002,1048,400,1,20260625,S003
93092002,1049,500,2,20260625,S003
93093002,1050,600,0,20260625,S003
93094002,1051,700,1,20260625,S003
93095002,1052,800,2,20260625,S003
93096002,1053,100,0,20260625,S003
93097002,1054,200,1,20260625,S003
93098002,1055,300,2,20260625,S003
93099002,1045,400,0,20260625,S003
93100002,1046,500,1,20260625,S003
93101002,1047,600,2,20260625,S003
93102002,1048,700,0,20260625,S003
93103002,1049,800,1,20260625,S003
93104002,1050,100,2,20260625,S003
93105002,1051,200,0,20260625,S003
93106002,1052,300,1,20260625,S003
93107002,1053,400,2,20260625,S003
93108002,1054,500,0,20260625,S003
93109002,1055,600,1,20260625,S003
93110002,1045,700,2,20260625,S003
93111002,1046,800,0,20260625,S003
93112002,1047,100,1,20260625,S003
93113002,1048,200,2,20260625,S003
93114002,1049,300,0,20260625,S003
93115002,1050,400,1,20260625,S003
93116002,1051,500,2,20260625,S003
93117002,1052,600,0,20260625,S003
93118002,1053,700,1,20260625,S003
93119002,1054,800,2,20260625,S003
93120002,1055,100,0,20260625,S003
93121002,1045,200,1,20260625,S003
93122002,1046,300,2,20260625,S003
93123002,1047,400,0,20260625,S003
93124002,1048,500,1,20260625,S003
93125002,1049,600,2,20260625,S003
93126002,1050,700,0,20260625,S003
93127002,1051,800,1,20260625,S003
93128002,1052,100,2,20260625,S003
93129002,1053,200,0,20260625,S003
93130002,1054,300,1,20260625,S003
93131002,1055,400,2,20260625,S003
93132002,1045,500,0,20260625,S003
93133002,1046,600,1,20260625,S003
93134002,1047,700,2,20260625,S003
93135002,1048,800,0,20260625,S003
93136002,1049,100,1,20260625,S003
93137002,1050,200,2,20260625,S003
93138002,1051,300,0,20260625,S003
93139002,1052,400,1,20260625,S003
93140002,1053,500,2,20260625,S003
93141002,1054,600,0,20260625,S003
93142002,1055,700,1,20260625,S003
93143002,1045,800,2,20260625,S003
93144002,1046,100,0,20260625,S003
93145002,1047,200,1,20260625,S003
93146002,1048,300,2,20260625,S003
93147002,1049,400,0,20260625,S003
93148002,1050,500,1,20260625,S003
93149002,1051,600,2,20260625,S003
93150002,1052,700,0,20260625,S003
93151002,1053,800,1,20260625,S003
93152002,1054,100,2,20260625,S003
93153002,1055,200,0,20260625,S003
93154002,1045,300,1,20260625,S003
93155002,1046,400,2,20260625,S003
93156002,1047,500,0,20260625,S003
93157002,1048,600,1,20260625,S003
93158002,1049,700,2,20260625,S003
93159002,1050,800,0,20260625,S003
93160002,1051,100,1,20260625,S003
93161002,1052,200,2,20260625,S003
93162002,1053,300,0,20260625,S003
93163002,1054,400,1,20260625,S003
93164002,1055,500,2,20260625,S003
93165002,1045,600,0,20260625,S003
93166002,1046,700,1,20260625,S003
93167002,1047,800,2,20260625,S003
93168002,1048,100,0,20260625,S003
93169002,1049,200,1,20260625,S003
93170002,1050,300,2,20260625,S003
93171002,1051,400,0,20260625,S003
93172002,1052,500,1,20260625,S003
93173002,1053,600,2,20260625,S003
93174002,1054,700,0,20260625,S003
93175002,1055,800,1,20260625,S003
93176002,1045,100,2,20260625,S003
93177002,1046,200,0,20260625,S003
93178002,1047,300,1,20260625,S003
93179002,1048,400,2,20260625,S003
93180002,1049,500,0,20260625,S003
93181002,1050,600,1,20260625,S003
93182002,1051,700,2,20260625,S003
93183002,1052,800,0,20260625,S003
93184002,1053,100,1,20260625,S003
93185002,1054,200,2,20260625,S003
93186002,1055,300,0,20260625,S003
93187002,1045,400,1,20260625,S003
93188002,1046,500,2,20260625,S003
93189002,1047,600,0,20260625,S003
93190002,1048,700,1,20260625,S003
93191002,1049,800,2,20260625,S003
93192002,1050,100,0,20260625,S003
93193002,1051,200,1,20260625,S003
93194002,1052,300,2,20260625,S003
93195002,1053,400,0,20260625,S003
93196002,1054,500,1,20260625,S003
93197002,1055,600,2,20260625,S003
93198002,1045,700,0,20260625,S003
93199002,1046,800,1,20260625,S003
93200002,1047,100,2,20260625,S003
93201002,1048,200,0,20260625,S003
93202002,1049,300,1,20260625,S003
93203002,1050,400,2,20260625,S003
93204002,1051,500,0,20260625,S003
93205002,1052,600,1,20260625,S003
93206002,1053,700,2,20260625,S003
93207002,1054,800,0,20260625,S003
93208002,1055,100,1,20260625,S003
93209002,1045,200,2,20260625,S003
93210002,1046,300,0,20260625,S003
93211002,1047,400,1,20260625,S003
93212002,1048,500,2,20260625,S003
93213002,1049,600,0,20260625,S003
93214002,1050,700,1,20260625,S003
93215002,1051,800,2,20260625,S003
93216002,1052,100,0,20260625,S003
93217002,1053,200,1,20260625,S003
93218002,1054,300,2,20260625,S003
93219002,1055,400,0,20260625,S003
93220002,1045,500,1,20260625,S003
93221002,1046,600,2,20260625,S003
93222002,1047,700,0,20260625,S003
93223002,1048,800,1,20260625,S003
93224002,1049,100,2,20260625,S003
93225002,1050,200,0,20260625,S003
93226002,1051,300,1,20260625,S003
93227002,1052,400,2,20260625,S003
93228002,1053,500,0,20260625,S003
93229002,1054,600,1,20260625,S003
93230002,1055,700,2,20260625,S003
93231002,1045,800,0,20260625,S003
93232002,1046,100,1,20260625,S003
93233002,1047,200,2,20260625,S003
93234002,1048,300,0,20260625,S003
93235002,1049,400,1,20260625,S003
93236002,1050,500,2,20260625,S003
93237002,1051,600,0,20260625,S003
93238002,1052,700,1,20260625,S003
93239002,1053,800,2,20260625,S003
93240002,1054,100,0,20260625,S003
93241002,1055,200,1,20260625,S003
93242002,1045,300,2,20260625,S003
93243002,1046,400,0,20260625,S003
93244002,1047,500,1,20260625,S003
93245002,1048,600,2,20260625,S003
93246002,1049,700,0,20260625,S003
93247002,1050,800,1,20260625,S003
93248002,1051,100,2,20260625,S003
93249002,1052,200,0,20260625,S003
93000003,1070,100,0,20260625,S004
93001003,1071,200,1,20260625,S004
93002003,1072,300,2,20260625,S004
93003003,1073,400,0,20260625,S004
93004003,1074,500,1,20260625,S004
93005003,1075,600,2,20260625,S004
93006003,1076,700,0,20260625,S004
93007003,1077,800,1,20260625,S004
93008003,1078,100,2,20260625,S004
93009003,1079,200,0,20260625,S004
93010003,1080,300,1,20260625,S004
93011003,1070,400,2,20260625,S004
93012003,1071,500,0,20260625,S004
93013003,1072,600,1,20260625,S004
93014003,1073,700,2,20260625,S004
93015003,1074,800,0,20260625,S004
93016003,1075,100,1,20260625,S004
93017003,1076,200,2,20260625,S004
93018003,1077,300,0,20260625,S004
93019003,1078,400,1,20260625,S004
93020003,1079,500,2,20260625,S004
93021003,1080,600,0,20260625,S004
93022003,1070,700,1,20260625,S004
93023003,1071,800,2,20260625,S004
93024003,1072,100,0,20260625,S004
93025003,1073,200,1,20260625,S004
93026003,1074,300,2,20260625,S004
93027003,1075,400,0,20260625,S004
93028003,1076,500,1,20260625,S004
93029003,1077,600,2,20260625,S004
93030003,1078,700,0,20260625,S004
93031003,1079,800,1,20260625,S004
93032003,1080,100,2,20260625,S004
93033003,1070,200,0,20260625,S004
93034003,1071,300,1,20260625,S004
93035003,1072,400,2,20260625,S004
93036003,1073,500,0,20260625,S004
93037003,1074,600,1,20260625,S004
93038003,1075,700,2,20260625,S004
93039003,1076,800,0,20260625,S004
93040003,1077,100,1,20260625,S004
93041003,1078,200,2,20260625,S004
93042003,1079,300,0,20260625,S004
93043003,1080,400,1,20260625,S004
93044003,1070,500,2,20260625,S004
93045003,1071,600,0,20260625,S004
93046003,1072,700,1,20260625,S004
93047003,1073,800,2,20260625,S004
93048003,1074,100,0,20260625,S004
93049003,1075,200,1,20260625,S004
93050003,1076,300,2,20260625,S004
93051003,1077,400,0,20260625,S004
93052003,1078,500,1,20260625,S004
93053003,1079,600,2,20260625,S004
93054003,1080,700,0,20260625,S004
93055003,1070,800,1,20260625,S004
93056003,1071,100,2,20260625,S004
93057003,1072,200,0,20260625,S004
93058003,1073,300,1,20260625,S004
93059003,1074,400,2,20260625,S004
93060003,1075,500,0,20260625,S004
93061003,1076,600,1,20260625,S004
93062003,1077,700,2,20260625,S004
93063003,1078,800,0,20260625,S004
93064003,1079,100,1,20260625,S004
93065003,1080,200,2,20260625,S004
93066003,1070,300,0,20260625,S004
93067003,1071,400,1,20260625,S004
93068003,1072,500,2,20260625,S004
93069003,1073,600,0,20260625,S004
93070003,1074,700,1,20260625,S004
93071003,1075,800,2,20260625,S004
93072003,1076,100,0,20260625,S004
93073003,1077,200,1,20260625,S004
93074003,1078,300,2,20260625,S004
93075003,1079,400,0,20260625,S004
93076003,1080,500,1,20260625,S004
93077003,1070,600,2,20260625,S004
93078003,1071,700,0,20260625,S004
93079003,1072,800,1,20260625,S004
93080003,1073,100,2,20260625,S004
93081003,1074,200,0,20260625,S004
93082003,1075,300,1,20260625,S004
93083003,1076,400,2,20260625,S004
93084003,1077,500,0,20260625,S004
93085003,1078,600,1,20260625,S004
93086003,1079,700,2,20260625,S004
93087003,1080,800,0,20260625,S004
93088003,1070,100,1,20260625,S004
93089003,1071,200,2,20260625,S004
93090003,1072,300,0,20260625,S004
93091003,1073,400,1,20260625,S004
93092003,1074,500,2,20260625,S004
93093003,1075,600,0,20260625,S004
93094003,1076,700,1,20260625,S004
93095003,1077,800,2,20260625,S004
93096003,1078,100,0,20260625,S004
93097003,1079,200,1,20260625,S004
93098003,1080,300,2,20260625,S004
93099003,1070,400,0,20260625,S004
93100003,1071,500,1,20260625,S004
93101003,1072,600,2,20260625,S004
93102003,1073,700,0,20260625,S004
93103003,1074,800,1,20260625,S004
93104003,1075,100,2,20260625,S004
93105003,1076,200,0,20260625,S004
93106003,1077,300,1,20260625,S004
93107003,1078,400,2,20260625,S004
93108003,1079,500,0,20260625,S004
93109003,1080,600,1,20260625,S004
93110003,1070,700,2,20260625,S004
93111003,1071,800,0,20260625,S004
93112003,1072,100,1,20260625,S004
93113003,1073,200,2,20260625,S004
93114003,1074,300,0,20260625,S004
93115003,1075,400,1,20260625,S004
93116003,1076,500,2,20260625,S004
93117003,1077,600,0,20260625,S004
93118003,1078,700,1,20260625,S004
93119003,1079,800,2,20260625,S004
93120003,1080,100,0,20260625,S004
93121003,1070,200,1,20260625,S004
93122003,1071,300,2,20260625,S004
93123003,1072,400,0,20260625,S004
93124003,1073,500,1,20260625,S004
93125003,1074,600,2,20260625,S004
93126003,1075,700,0,20260625,S004
93127003,1076,800,1,20260625,S004
93128003,1077,100,2,20260625,S004
93129003,1078,200,0,20260625,S004
93130003,1079,300,1,20260625,S004
93131003,1080,400,2,20260625,S004
93132003,1070,500,0,20260625,S004
93133003,1071,600,1,20260625,S004
93134003,1072,700,2,20260625,S004
93135003,1073,800,0,20260625,S004
93136003,1074,100,1,20260625,S004
93137003,1075,200,2,20260625,S004
93138003,1076,300,0,20260625,S004
93139003,1077,400,1,20260625,S004
93140003,1078,500,2,20260625,S004
93141003,1079,600,0,20260625,S004
93142003,1080,700,1,20260625,S004
93143003,1070,800,2,20260625,S004
93144003,1071,100,0,20260625,S004
93145003,1072,200,1,20260625,S004
93146003,1073,300,2,20260625,S004
93147003,1074,400,0,20260625,S004
93148003,1075,500,1,20260625,S004
93149003,1076,600,2,20260625,S004
93150003,1077,700,0,20260625,S004
93151003,1078,800,1,20260625,S004
93152003,1079,100,2,20260625,S004
93153003,1080,200,0,20260625,S004
93154003,1070,300,1,20260625,S004
93155003,1071,400,2,20260625,S004
93156003,1072,500,0,20260625,S004
93157003,1073,600,1,20260625,S004
93158003,1074,700,2,20260625,S004
93159003,1075,800,0,20260625,S004
93160003,1076,100,1,20260625,S004
93161003,1077,200,2,20260625,S004
93162003,1078,300,0,20260625,S004
93163003,1079,400,1,20260625,S004
93164003,1080,500,2,20260625,S004
93165003,1070,600,0,20260625,S004
93166003,1071,700,1,20260625,S004
93167003,1072,800,2,20260625,S004
93168003,1073,100,0,20260625,S004
93169003,1074,200,1,20260625,S004
93170003,1075,300,2,20260625,S004
93171003,1076,400,0,20260625,S004
93172003,1077,500,1,20260625,S004
93173003,1078,600,2,20260625,S004
93174003,1079,700,0,20260625,S004
93175003,1080,800,1,20260625,S004
93176003,1070,100,2,20260625,S004
93177003,1071,200,0,20260625,S004
93178003,1072,300,1,20260625,S004
93179003,1073,400,2,20260625,S004
93180003,1074,500,0,20260625,S004
93181003,1075,600,1,20260625,S004
93182003,1076,700,2,20260625,S004
93183003,1077,800,0,20260625,S004
93184003,1078,100,1,20260625,S004
93185003,1079,200,2,20260625,S004
93186003,1080,300,0,20260625,S004
93187003,1070,400,1,20260625,S004
93188003,1071,500,2,20260625,S004
93189003,1072,600,0,20260625,S004
93190003,1073,700,1,20260625,S004
93191003,1074,800,2,20260625,S004
93192003,1075,100,0,20260625,S004
93193003,1076,200,1,20260625,S004
93194003,1077,300,2,20260625,S004
93195003,1078,400,0,20260625,S004
93196003,1079,500,1,20260625,S004
93197003,1080,600,2,20260625,S004
93198003,1070,700,0,20260625,S004
93199003,1071,800,1,20260625,S004
93200003,1072,100,2,20260625,S004
93201003,1073,200,0,20260625,S004
93202003,1074,300,1,20260625,S004
93203003,1075,400,2,20260625,S004
93204003,1076,500,0,20260625,S004
93205003,1077,600,1,20260625,S004
93206003,1078,700,2,20260625,S004
93207003,1079,800,0,20260625,S004
93208003,1080,100,1,20260625,S004
93209003,1070,200,2,20260625,S004
93210003,1071,300,0,20260625,S004
93211003,1072,400,1,20260625,S004
93212003,1073,500,2,20260625,S004
93213003,1074,600,0,20260625,S004
93214003,1075,700,1,20260625,S004
93215003,1076,800,2,20260625,S004
93216003,1077,100,0,20260625,S004
93217003,1078,200,1,20260625,S004
93218003,1079,300,2,20260625,S004
93219003,1080,400,0,20260625,S004
93220003,1070,500,1,20260625,S004
93221003,1071,600,2,20260625,S004
93222003,1072,700,0,20260625,S004
93223003,1073,800,1,20260625,S004
93224003,1074,100,2,20260625,S004
93225003,1075,200,0,20260625,S004
93226003,1076,300,1,20260625,S004
93227003,1077,400,2,20260625,S004
93228003,1078,500,0,20260625,S004
93229003,1079,600,1,20260625,S004
93230003,1080,700,2,20260625,S004
93231003,1070,800,0,20260625,S004
93232003,1071,100,1,20260625,S004
93233003,1072,200,2,20260625,S004
93234003,1073,300,0,20260625,S004
93235003,1074,400,1,20260625,S004
93236003,1075,500,2,20260625,S004
93237003,1076,600,0,20260625,S004
93238003,1077,700,1,20260625,S004
93239003,1078,800,2,20260625,S004
93240003,1079,100,0,20260625,S004
93241003,1080,200,1,20260625,S004
93242003,1070,300,2,20260625,S004
93243003,1071,400,0,20260625,S004
93244003,1072,500,1,20260625,S004
93245003,1073,600,2,20260625,S004
93246003,1074,700,0,20260625,S004
93247003,1075,800,1,20260625,S004
93248003,1076,100,2,20260625,S004
93249003,1077,200,0,20260625,S004
93000004,1095,100,0,20260625,S005
93001004,1096,200,1,20260625,S005
93002004,1097,300,2,20260625,S005
93003004,1098,400,0,20260625,S005
93004004,1099,500,1,20260625,S005
93005004,1100,600,2,20260625,S005
93006004,1101,700,0,20260625,S005
93007004,1102,800,1,20260625,S005
93008004,1103,100,2,20260625,S005
93009004,1104,200,0,20260625,S005
93010004,1105,300,1,20260625,S005
93011004,1095,400,2,20260625,S005
93012004,1096,500,0,20260625,S005
93013004,1097,600,1,20260625,S005
93014004,1098,700,2,20260625,S005
93015004,1099,800,0,20260625,S005
93016004,1100,100,1,20260625,S005
93017004,1101,200,2,20260625,S005
93018004,1102,300,0,20260625,S005
93019004,1103,400,1,20260625,S005
93020004,1104,500,2,20260625,S005
93021004,1105,600,0,20260625,S005
93022004,1095,700,1,20260625,S005
93023004,1096,800,2,20260625,S005
93024004,1097,100,0,20260625,S005
93025004,1098,200,1,20260625,S005
93026004,1099,300,2,20260625,S005
93027004,1100,400,0,20260625,S005
93028004,1101,500,1,20260625,S005
93029004,1102,600,2,20260625,S005
93030004,1103,700,0,20260625,S005
93031004,1104,800,1,20260625,S005
93032004,1105,100,2,20260625,S005
93033004,1095,200,0,20260625,S005
93034004,1096,300,1,20260625,S005
93035004,1097,400,2,20260625,S005
93036004,1098,500,0,20260625,S005
93037004,1099,600,1,20260625,S005
93038004,1100,700,2,20260625,S005
93039004,1101,800,0,20260625,S005
93040004,1102,100,1,20260625,S005
93041004,1103,200,2,20260625,S005
93042004,1104,300,0,20260625,S005
93043004,1105,400,1,20260625,S005
93044004,1095,500,2,20260625,S005
93045004,1096,600,0,20260625,S005
93046004,1097,700,1,20260625,S005
93047004,1098,800,2,20260625,S005
93048004,1099,100,0,20260625,S005
93049004,1100,200,1,20260625,S005
93050004,1101,300,2,20260625,S005
93051004,1102,400,0,20260625,S005
93052004,1103,500,1,20260625,S005
93053004,1104,600,2,20260625,S005
93054004,1105,700,0,20260625,S005
93055004,1095,800,1,20260625,S005
93056004,1096,100,2,20260625,S005
93057004,1097,200,0,20260625,S005
93058004,1098,300,1,20260625,S005
93059004,1099,400,2,20260625,S005
93060004,1100,500,0,20260625,S005
93061004,1101,600,1,20260625,S005
93062004,1102,700,2,20260625,S005
93063004,1103,800,0,20260625,S005
93064004,1104,100,1,20260625,S005
93065004,1105,200,2,20260625,S005
93066004,1095,300,0,20260625,S005
93067004,1096,400,1,20260625,S005
93068004,1097,500,2,20260625,S005
93069004,1098,600,0,20260625,S005
93070004,1099,700,1,20260625,S005
93071004,1100,800,2,20260625,S005
93072004,1101,100,0,20260625,S005
93073004,1102,200,1,20260625,S005
93074004,1103,300,2,20260625,S005
93075004,1104,400,0,20260625,S005
93076004,1105,500,1,20260625,S005
93077004,1095,600,2,20260625,S005
93078004,1096,700,0,20260625,S005
93079004,1097,800,1,20260625,S005
93080004,1098,100,2,20260625,S005
93081004,1099,200,0,20260625,S005
93082004,1100,300,1,20260625,S005
93083004,1101,400,2,20260625,S005
93084004,1102,500,0,20260625,S005
93085004,1103,600,1,20260625,S005
93086004,1104,700,2,20260625,S005
93087004,1105,800,0,20260625,S005
93088004,1095,100,1,20260625,S005
93089004,1096,200,2,20260625,S005
93090004,1097,300,0,20260625,S005
93091004,1098,400,1,20260625,S005
93092004,1099,500,2,20260625,S005
93093004,1100,600,0,20260625,S005
93094004,1101,700,1,20260625,S005
93095004,1102,800,2,20260625,S005
93096004,1103,100,0,20260625,S005
93097004,1104,200,1,20260625,S005
93098004,1105,300,2,20260625,S005
93099004,1095,400,0,20260625,S005
93100004,1096,500,1,20260625,S005
93101004,1097,600,2,20260625,S005
93102004,1098,700,0,20260625,S005
93103004,1099,800,1,20260625,S005
93104004,1100,100,2,20260625,S005
93105004,1101,200,0,20260625,S005
93106004,1102,300,1,20260625,S005
93107004,1103,400,2,20260625,S005
93108004,1104,500,0,20260625,S005
93109004,1105,600,1,20260625,S005
93110004,1095,700,2,20260625,S005
93111004,1096,800,0,20260625,S005
93112004,1097,100,1,20260625,S005
93113004,1098,200,2,20260625,S005
93114004,1099,300,0,20260625,S005
93115004,1100,400,1,20260625,S005
93116004,1101,500,2,20260625,S005
93117004,1102,600,0,20260625,S005
93118004,1103,700,1,20260625,S005
93119004,1104,800,2,20260625,S005
93120004,1105,100,0,20260625,S005
93121004,1095,200,1,20260625,S005
93122004,1096,300,2,20260625,S005
93123004,1097,400,0,20260625,S005
93124004,1098,500,1,20260625,S005
93125004,1099,600,2,20260625,S005
93126004,1100,700,0,20260625,S005
93127004,1101,800,1,20260625,S005
93128004,1102,100,2,20260625,S005
93129004,1103,200,0,20260625,S005
93130004,1104,300,1,20260625,S005
93131004,1105,400,2,20260625,S005
93132004,1095,500,0,20260625,S005
93133004,1096,600,1,20260625,S005
93134004,1097,700,2,20260625,S005
93135004,1098,800,0,20260625,S005
93136004,1099,100,1,20260625,S005
93137004,1100,200,2,20260625,S005
93138004,1101,300,0,20260625,S005
93139004,1102,400,1,20260625,S005
93140004,1103,500,2,20260625,S005
93141004,1104,600,0,20260625,S005
93142004,1105,700,1,20260625,S005
93143004,1095,800,2,20260625,S005
93144004,1096,100,0,20260625,S005
93145004,1097,200,1,20260625,S005
93146004,1098,300,2,20260625,S005
93147004,1099,400,0,20260625,S005
93148004,1100,500,1,20260625,S005
93149004,1101,600,2,20260625,S005
93150004,1102,700,0,20260625,S005
93151004,1103,800,1,20260625,S005
93152004,1104,100,2,20260625,S005
93153004,1105,200,0,20260625,S005
93154004,1095,300,1,20260625,S005
93155004,1096,400,2,20260625,S005
93156004,1097,500,0,20260625,S005
93157004,1098,600,1,20260625,S005
93158004,1099,700,2,20260625,S005
93159004,1100,800,0,20260625,S005
93160004,1101,100,1,20260625,S005
93161004,1102,200,2,20260625,S005
93162004,1103,300,0,20260625,S005
93163004,1104,400,1,20260625,S005
93164004,1105,500,2,20260625,S005
93165004,1095,600,0,20260625,S005
93166004,1096,700,1,20260625,S005
93167004,1097,800,2,20260625,S005
93168004,1098,100,0,20260625,S005
93169004,1099,200,1,20260625,S005
93170004,1100,300,2,20260625,S005
93171004,1101,400,0,20260625,S005
93172004,1102,500,1,20260625,S005
93173004,1103,600,2,20260625,S005
93174004,1104,700,0,20260625,S005
93175004,1105,800,1,20260625,S005
93176004,1095,100,2,20260625,S005
93177004,1096,200,0,20260625,S005
93178004,1097,300,1,20260625,S005
93179004,1098,400,2,20260625,S005
93180004,1099,500,0,20260625,S005
93181004,1100,600,1,20260625,S005
93182004,1101,700,2,20260625,S005
93183004,1102,800,0,20260625,S005
93184004,1103,100,1,20260625,S005
93185004,1104,200,2,20260625,S005
93186004,1105,300,0,20260625,S005
93187004,1095,400,1,20260625,S005
93188004,1096,500,2,20260625,S005
93189004,1097,600,0,20260625,S005
93190004,1098,700,1,20260625,S005
93191004,1099,800,2,20260625,S005
93192004,1100,100,0,20260625,S005
93193004,1101,200,1,20260625,S005
93194004,1102,300,2,20260625,S005
93195004,1103,400,0,20260625,S005
93196004,1104,500,1,20260625,S005
93197004,1105,600,2,20260625,S005
93198004,1095,700,0,20260625,S005
93199004,1096,800,1,20260625,S005
93200004,1097,100,2,20260625,S005
93201004,1098,200,0,20260625,S005
93202004,1099,300,1,20260625,S005
93203004,1100,400,2,20260625,S005
93204004,1101,500,0,20260625,S005
93205004,1102,600,1,20260625,S005
93206004,1103,700,2,20260625,S005
93207004,1104,800,0,20260625,S005
93208004,1105,100,1,20260625,S005
93209004,1095,200,2,20260625,S005
93210004,1096,300,0,20260625,S005
93211004,1097,400,1,20260625,S005
93212004,1098,500,2,20260625,S005
93213004,1099,600,0,20260625,S005
93214004,1100,700,1,20260625,S005
93215004,1101,800,2,20260625,S005
93216004,1102,100,0,20260625,S005
93217004,1103,200,1,20260625,S005
93218004,1104,300,2,20260625,S005
93219004,1105,400,0,20260625,S005
93220004,1095,500,1,20260625,S005
93221004,1096,600,2,20260625,S005
93222004,1097,700,0,20260625,S005
93223004,1098,800,1,20260625,S005
93224004,1099,100,2,20260625,S005
93225004,1100,200,0,20260625,S005
93226004,1101,300,1,20260625,S005
93227004,1102,400,2,20260625,S005
93228004,1103,500,0,20260625,S005
93229004,1104,600,1,20260625,S005
93230004,1105,700,2,20260625,S005
93231004,1095,800,0,20260625,S005
93232004,1096,100,1,20260625,S005
93233004,1097,200,2,20260625,S005
93234004,1098,300,0,20260625,S005
93235004,1099,400,1,20260625,S005
93236004,1100,500,2,20260625,S005
93237004,1101,600,0,20260625,S005
93238004,1102,700,1,20260625,S005
93239004,1103,800,2,20260625,S005
93240004,1104,100,0,20260625,S005
93241004,1105,200,1,20260625,S005
93242004,1095,300,2,20260625,S005
93243004,1096,400,0,20260625,S005
93244004,1097,500,1,20260625,S005
93245004,1098,600,2,20260625,S005
93246004,1099,700,0,20260625,S005
93247004,1100,800,1,20260625,S005
93248004,1101,100,2,20260625,S005
93249004,1102,200,0,20260625,S005
93000005,1120,100,0,20260625,S006
93001005,1121,200,1,20260625,S006
93002005,1122,300,2,20260625,S006
93003005,1123,400,0,20260625,S006
93004005,1124,500,1,20260625,S006
93005005,1125,600,2,20260625,S006
93006005,1126,700,0,20260625,S006
93007005,1127,800,1,20260625,S006
93008005,1128,100,2,20260625,S006
93009005,1129,200,0,20260625,S006
93010005,1130,300,1,20260625,S006
93011005,1120,400,2,20260625,S006
93012005,1121,500,0,20260625,S006
93013005,1122,600,1,20260625,S006
93014005,1123,700,2,20260625,S006
93015005,1124,800,0,20260625,S006
93016005,1125,100,1,20260625,S006
93017005,1126,200,2,20260625,S006
93018005,1127,300,0,20260625,S006
93019005,1128,400,1,20260625,S006
93020005,1129,500,2,20260625,S006
93021005,1130,600,0,20260625,S006
93022005,1120,700,1,20260625,S006
93023005,1121,800,2,20260625,S006
93024005,1122,100,0,20260625,S006
93025005,1123,200,1,20260625,S006
93026005,1124,300,2,20260625,S006
93027005,1125,400,0,20260625,S006
93028005,1126,500,1,20260625,S006
93029005,1127,600,2,20260625,S006
93030005,1128,700,0,20260625,S006
93031005,1129,800,1,20260625,S006
93032005,1130,100,2,20260625,S006
93033005,1120,200,0,20260625,S006
93034005,1121,300,1,20260625,S006
93035005,1122,400,2,20260625,S006
93036005,1123,500,0,20260625,S006
93037005,1124,600,1,20260625,S006
93038005,1125,700,2,20260625,S006
93039005,1126,800,0,20260625,S006
93040005,1127,100,1,20260625,S006
93041005,1128,200,2,20260625,S006
93042005,1129,300,0,20260625,S006
93043005,1130,400,1,20260625,S006
93044005,1120,500,2,20260625,S006
93045005,1121,600,0,20260625,S006
93046005,1122,700,1,20260625,S006
93047005,1123,800,2,20260625,S006
93048005,1124,100,0,20260625,S006
93049005,1125,200,1,20260625,S006
93050005,1126,300,2,20260625,S006
93051005,1127,400,0,20260625,S006
93052005,1128,500,1,20260625,S006
93053005,1129,600,2,20260625,S006
93054005,1130,700,0,20260625,S006
93055005,1120,800,1,20260625,S006
93056005,1121,100,2,20260625,S006
93057005,1122,200,0,20260625,S006
93058005,1123,300,1,20260625,S006
93059005,1124,400,2,20260625,S006
93060005,1125,500,0,20260625,S006
93061005,1126,600,1,20260625,S006
93062005,1127,700,2,20260625,S006
93063005,1128,800,0,20260625,S006
93064005,1129,100,1,20260625,S006
93065005,1130,200,2,20260625,S006
93066005,1120,300,0,20260625,S006
93067005,1121,400,1,20260625,S006
93068005,1122,500,2,20260625,S006
93069005,1123,600,0,20260625,S006
93070005,1124,700,1,20260625,S006
93071005,1125,800,2,20260625,S006
93072005,1126,100,0,20260625,S006
93073005,1127,200,1,20260625,S006
93074005,1128,300,2,20260625,S006
93075005,1129,400,0,20260625,S006
93076005,1130,500,1,20260625,S006
93077005,1120,600,2,20260625,S006
93078005,1121,700,0,20260625,S006
93079005,1122,800,1,20260625,S006
93080005,1123,100,2,20260625,S006
93081005,1124,200,0,20260625,S006
93082005,1125,300,1,20260625,S006
93083005,1126,400,2,20260625,S006
93084005,1127,500,0,20260625,S006
93085005,1128,600,1,20260625,S006
93086005,1129,700,2,20260625,S006
93087005,1130,800,0,20260625,S006
93088005,1120,100,1,20260625,S006
93089005,1121,200,2,20260625,S006
93090005,1122,300,0,20260625,S006
93091005,1123,400,1,20260625,S006
93092005,1124,500,2,20260625,S006
93093005,1125,600,0,20260625,S006
93094005,1126,700,1,20260625,S006
93095005,1127,800,2,20260625,S006
93096005,1128,100,0,20260625,S006
93097005,1129,200,1,20260625,S006
93098005,1130,300,2,20260625,S006
93099005,1120,400,0,20260625,S006
93100005,1121,500,1,20260625,S006
93101005,1122,600,2,20260625,S006
93102005,1123,700,0,20260625,S006
93103005,1124,800,1,20260625,S006
93104005,1125,100,2,20260625,S006
93105005,1126,200,0,20260625,S006
93106005,1127,300,1,20260625,S006
93107005,1128,400,2,20260625,S006
93108005,1129,500,0,20260625,S006
93109005,1130,600,1,20260625,S006
93110005,1120,700,2,20260625,S006
93111005,1121,800,0,20260625,S006
93112005,1122,100,1,20260625,S006
93113005,1123,200,2,20260625,S006
93114005,1124,300,0,20260625,S006
93115005,1125,400,1,20260625,S006
93116005,1126,500,2,20260625,S006
93117005,1127,600,0,20260625,S006
93118005,1128,700,1,20260625,S006
93119005,1129,800,2,20260625,S006
93120005,1130,100,0,20260625,S006
93121005,1120,200,1,20260625,S006
93122005,1121,300,2,20260625,S006
93123005,1122,400,0,20260625,S006
93124005,1123,500,1,20260625,S006
93125005,1124,600,2,20260625,S006
93126005,1125,700,0,20260625,S006
93127005,1126,800,1,20260625,S006
93128005,1127,100,2,20260625,S006
93129005,1128,200,0,20260625,S006
93130005,1129,300,1,20260625,S006
93131005,1130,400,2,20260625,S006
93132005,1120,500,0,20260625,S006
93133005,1121,600,1,20260625,S006
93134005,1122,700,2,20260625,S006
93135005,1123,800,0,20260625,S006
93136005,1124,100,1,20260625,S006
93137005,1125,200,2,20260625,S006
93138005,1126,300,0,20260625,S006
93139005,1127,400,1,20260625,S006
93140005,1128,500,2,20260625,S006
93141005,1129,600,0,20260625,S006
93142005,1130,700,1,20260625,S006
93143005,1120,800,2,20260625,S006
93144005,1121,100,0,20260625,S006
93145005,1122,200,1,20260625,S006
93146005,1123,300,2,20260625,S006
93147005,1124,400,0,20260625,S006
93148005,1125,500,1,20260625,S006
93149005,1126,600,2,20260625,S006
93150005,1127,700,0,20260625,S006
93151005,1128,800,1,20260625,S006
93152005,1129,100,2,20260625,S006
93153005,1130,200,0,20260625,S006
93154005,1120,300,1,20260625,S006
93155005,1121,400,2,20260625,S006
93156005,1122,500,0,20260625,S006
93157005,1123,600,1,20260625,S006
93158005,1124,700,2,20260625,S006
93159005,1125,800,0,20260625,S006
93160005,1126,100,1,20260625,S006
93161005,1127,200,2,20260625,S006
93162005,1128,300,0,20260625,S006
93163005,1129,400,1,20260625,S006
93164005,1130,500,2,20260625,S006
93165005,1120,600,0,20260625,S006
93166005,1121,700,1,20260625,S006
93167005,1122,800,2,20260625,S006
93168005,1123,100,0,20260625,S006
93169005,1124,200,1,20260625,S006
93170005,1125,300,2,20260625,S006
93171005,1126,400,0,20260625,S006
93172005,1127,500,1,20260625,S006
93173005,1128,600,2,20260625,S006
93174005,1129,700,0,20260625,S006
93175005,1130,800,1,20260625,S006
93176005,1120,100,2,20260625,S006
93177005,1121,200,0,20260625,S006
93178005,1122,300,1,20260625,S006
93179005,1123,400,2,20260625,S006
93180005,1124,500,0,20260625,S006
93181005,1125,600,1,20260625,S006
93182005,1126,700,2,20260625,S006
93183005,1127,800,0,20260625,S006
93184005,1128,100,1,20260625,S006
93185005,1129,200,2,20260625,S006
93186005,1130,300,0,20260625,S006
93187005,1120,400,1,20260625,S006
93188005,1121,500,2,20260625,S006
93189005,1122,600,0,20260625,S006
93190005,1123,700,1,20260625,S006
93191005,1124,800,2,20260625,S006
93192005,1125,100,0,20260625,S006
93193005,1126,200,1,20260625,S006
93194005,1127,300,2,20260625,S006
93195005,1128,400,0,20260625,S006
93196005,1129,500,1,20260625,S006
93197005,1130,600,2,20260625,S006
93198005,1120,700,0,20260625,S006
93199005,1121,800,1,20260625,S006
93200005,1122,100,2,20260625,S006
93201005,1123,200,0,20260625,S006
93202005,1124,300,1,20260625,S006
93203005,1125,400,2,20260625,S006
93204005,1126,500,0,20260625,S006
93205005,1127,600,1,20260625,S006
93206005,1128,700,2,20260625,S006
93207005,1129,800,0,20260625,S006
93208005,1130,100,1,20260625,S006
93209005,1120,200,2,20260625,S006
93210005,1121,300,0,20260625,S006
93211005,1122,400,1,20260625,S006
93212005,1123,500,2,20260625,S006
93213005,1124,600,0,20260625,S006
93214005,1125,700,1,20260625,S006
93215005,1126,800,2,20260625,S006
93216005,1127,100,0,20260625,S006
93217005,1128,200,1,20260625,S006
93218005,1129,300,2,20260625,S006
93219005,1130,400,0,20260625,S006
93220005,1120,500,1,20260625,S006
93221005,1121,600,2,20260625,S006
93222005,1122,700,0,20260625,S006
93223005,1123,800,1,20260625,S006
93224005,1124,100,2,20260625,S006
93225005,1125,200,0,20260625,S006
93226005,1126,300,1,20260625,S006
93227005,1127,400,2,20260625,S006
93228005,1128,500,0,20260625,S006
93229005,1129,600,1,20260625,S006
93230005,1130,700,2,20260625,S006
93231005,1120,800,0,20260625,S006
93232005,1121,100,1,20260625,S006
93233005,1122,200,2,20260625,S006
93234005,1123,300,0,20260625,S006
93235005,1124,400,1,20260625,S006
93236005,1125,500,2,20260625,S006
93237005,1126,600,0,20260625,S006
93238005,1127,700,1,20260625,S006
93239005,1128,800,2,20260625,S006
93240005,1129,100,0,20260625,S006
93241005,1130,200,1,20260625,S006
93242005,1120,300,2,20260625,S006
93243005,1121,400,0,20260625,S006
93244005,1122,500,1,20260625,S006
93245005,1123,600,2,20260625,S006
93246005,1124,700,0,20260625,S006
93247005,1125,800,1,20260625,S006
93248005,1126,100,2,20260625,S006
93249005,1127,200,0,20260625,S006
93000006,1145,100,0,20260625,S007
93001006,1146,200,1,20260625,S007
93002006,1147,300,2,20260625,S007
93003006,1148,400,0,20260625,S007
93004006,1149,500,1,20260625,S007
93005006,1150,600,2,20260625,S007
93006006,1151,700,0,20260625,S007
93007006,1152,800,1,20260625,S007
93008006,1153,100,2,20260625,S007
93009006,1154,200,0,20260625,S007
93010006,1155,300,1,20260625,S007
93011006,1145,400,2,20260625,S007
93012006,1146,500,0,20260625,S007
93013006,1147,600,1,20260625,S007
93014006,1148,700,2,20260625,S007
93015006,1149,800,0,20260625,S007
93016006,1150,100,1,20260625,S007
93017006,1151,200,2,20260625,S007
93018006,1152,300,0,20260625,S007
93019006,1153,400,1,20260625,S007
93020006,1154,500,2,20260625,S007
93021006,1155,600,0,20260625,S007
93022006,1145,700,1,20260625,S007
93023006,1146,800,2,20260625,S007
93024006,1147,100,0,20260625,S007
93025006,1148,200,1,20260625,S007
93026006,1149,300,2,20260625,S007
93027006,1150,400,0,20260625,S007
93028006,1151,500,1,20260625,S007
93029006,1152,600,2,20260625,S007
93030006,1153,700,0,20260625,S007
93031006,1154,800,1,20260625,S007
93032006,1155,100,2,20260625,S007
93033006,1145,200,0,20260625,S007
93034006,1146,300,1,20260625,S007
93035006,1147,400,2,20260625,S007
93036006,1148,500,0,20260625,S007
93037006,1149,600,1,20260625,S007
93038006,1150,700,2,20260625,S007
93039006,1151,800,0,20260625,S007
93040006,1152,100,1,20260625,S007
93041006,1153,200,2,20260625,S007
93042006,1154,300,0,20260625,S007
93043006,1155,400,1,20260625,S007
93044006,1145,500,2,20260625,S007
93045006,1146,600,0,20260625,S007
93046006,1147,700,1,20260625,S007
93047006,1148,800,2,20260625,S007
93048006,1149,100,0,20260625,S007
93049006,1150,200,1,20260625,S007
93050006,1151,300,2,20260625,S007
93051006,1152,400,0,20260625,S007
93052006,1153,500,1,20260625,S007
93053006,1154,600,2,20260625,S007
93054006,1155,700,0,20260625,S007
93055006,1145,800,1,20260625,S007
93056006,1146,100,2,20260625,S007
93057006,1147,200,0,20260625,S007
93058006,1148,300,1,20260625,S007
93059006,1149,400,2,20260625,S007
93060006,1150,500,0,20260625,S007
93061006,1151,600,1,20260625,S007
93062006,1152,700,2,20260625,S007
93063006,1153,800,0,20260625,S007
93064006,1154,100,1,20260625,S007
93065006,1155,200,2,20260625,S007
93066006,1145,300,0,20260625,S007
93067006,1146,400,1,20260625,S007
93068006,1147,500,2,20260625,S007
93069006,1148,600,0,20260625,S007
93070006,1149,700,1,20260625,S007
93071006,1150,800,2,20260625,S007
93072006,1151,100,0,20260625,S007
93073006,1152,200,1,20260625,S007
93074006,1153,300,2,20260625,S007
93075006,1154,400,0,20260625,S007
93076006,1155,500,1,20260625,S007
93077006,1145,600,2,20260625,S007
93078006,1146,700,0,20260625,S007
93079006,1147,800,1,20260625,S007
93080006,1148,100,2,20260625,S007
93081006,1149,200,0,20260625,S007
93082006,1150,300,1,20260625,S007
93083006,1151,400,2,20260625,S007
93084006,1152,500,0,20260625,S007
93085006,1153,600,1,20260625,S007
93086006,1154,700,2,20260625,S007
93087006,1155,800,0,20260625,S007
93088006,1145,100,1,20260625,S007
93089006,1146,200,2,20260625,S007
93090006,1147,300,0,20260625,S007
93091006,1148,400,1,20260625,S007
93092006,1149,500,2,20260625,S007
93093006,1150,600,0,20260625,S007
93094006,1151,700,1,20260625,S007
93095006,1152,800,2,20260625,S007
93096006,1153,100,0,20260625,S007
93097006,1154,200,1,20260625,S007
93098006,1155,300,2,20260625,S007
93099006,1145,400,0,20260625,S007
93100006,1146,500,1,20260625,S007
93101006,1147,600,2,20260625,S007
93102006,1148,700,0,20260625,S007
93103006,1149,800,1,20260625,S007
93104006,1150,100,2,20260625,S007
93105006,1151,200,0,20260625,S007
93106006,1152,300,1,20260625,S007
93107006,1153,400,2,20260625,S007
93108006,1154,500,0,20260625,S007
93109006,1155,600,1,20260625,S007
93110006,1145,700,2,20260625,S007
93111006,1146,800,0,20260625,S007
93112006,1147,100,1,20260625,S007
93113006,1148,200,2,20260625,S007
93114006,1149,300,0,20260625,S007
93115006,1150,400,1,20260625,S007
93116006,1151,500,2,20260625,S007
93117006,1152,600,0,20260625,S007
93118006,1153,700,1,20260625,S007
93119006,1154,800,2,20260625,S007
93120006,1155,100,0,20260625,S007
93121006,1145,200,1,20260625,S007
93122006,1146,300,2,20260625,S007
93123006,1147,400,0,20260625,S007
93124006,1148,500,1,20260625,S007
93125006,1149,600,2,20260625,S007
93126006,1150,700,0,20260625,S007
93127006,1151,800,1,20260625,S007
93128006,1152,100,2,20260625,S007
93129006,1153,200,0,20260625,S007
93130006,1154,300,1,20260625,S007
93131006,1155,400,2,20260625,S007
93132006,1145,500,0,20260625,S007
93133006,1146,600,1,20260625,S007
93134006,1147,700,2,20260625,S007
93135006,1148,800,0,20260625,S007
93136006,1149,100,1,20260625,S007
93137006,1150,200,2,20260625,S007
93138006,1151,300,0,20260625,S007
93139006,1152,400,1,20260625,S007
93140006,1153,500,2,20260625,S007
93141006,1154,600,0,20260625,S007
93142006,1155,700,1,20260625,S007
93143006,1145,800,2,20260625,S007
93144006,1146,100,0,20260625,S007
93145006,1147,200,1,20260625,S007
93146006,1148,300,2,20260625,S007
93147006,1149,400,0,20260625,S007
93148006,1150,500,1,20260625,S007
93149006,1151,600,2,20260625,S007
93150006,1152,700,0,20260625,S007
93151006,1153,800,1,20260625,S007
93152006,1154,100,2,20260625,S007
93153006,1155,200,0,20260625,S007
93154006,1145,300,1,20260625,S007
93155006,1146,400,2,20260625,S007
93156006,1147,500,0,20260625,S007
93157006,1148,600,1,20260625,S007
93158006,1149,700,2,20260625,S007
93159006,1150,800,0,20260625,S007
93160006,1151,100,1,20260625,S007
93161006,1152,200,2,20260625,S007
93162006,1153,300,0,20260625,S007
93163006,1154,400,1,20260625,S007
93164006,1155,500,2,20260625,S007
93165006,1145,600,0,20260625,S007
93166006,1146,700,1,20260625,S007
93167006,1147,800,2,20260625,S007
93168006,1148,100,0,20260625,S007
93169006,1149,200,1,20260625,S007
93170006,1150,300,2,20260625,S007
93171006,1151,400,0,20260625,S007
93172006,1152,500,1,20260625,S007
93173006,1153,600,2,20260625,S007
93174006,1154,700,0,20260625,S007
93175006,1155,800,1,20260625,S007
93176006,1145,100,2,20260625,S007
93177006,1146,200,0,20260625,S007
93178006,1147,300,1,20260625,S007
93179006,1148,400,2,20260625,S007
93180006,1149,500,0,20260625,S007
93181006,1150,600,1,20260625,S007
93182006,1151,700,2,20260625,S007
93183006,1152,800,0,20260625,S007
93184006,1153,100,1,20260625,S007
93185006,1154,200,2,20260625,S007
93186006,1155,300,0,20260625,S007
93187006,1145,400,1,20260625,S007
93188006,1146,500,2,20260625,S007
93189006,1147,600,0,20260625,S007
93190006,1148,700,1,20260625,S007
93191006,1149,800,2,20260625,S007
93192006,1150,100,0,20260625,S007
93193006,1151,200,1,20260625,S007
93194006,1152,300,2,20260625,S007
93195006,1153,400,0,20260625,S007
93196006,1154,500,1,20260625,S007
93197006,1155,600,2,20260625,S007
93198006,1145,700,0,20260625,S007
93199006,1146,800,1,20260625,S007
93200006,1147,100,2,20260625,S007
93201006,1148,200,0,20260625,S007
93202006,1149,300,1,20260625,S007
93203006,1150,400,2,20260625,S007
93204006,1151,500,0,20260625,S007
93205006,1152,600,1,20260625,S007
93206006,1153,700,2,20260625,S007
93207006,1154,800,0,20260625,S007
93208006,1155,100,1,20260625,S007
93209006,1145,200,2,20260625,S007
93210006,1146,300,0,20260625,S007
93211006,1147,400,1,20260625,S007
93212006,1148,500,2,20260625,S007
93213006,1149,600,0,20260625,S007
93214006,1150,700,1,20260625,S007
93215006,1151,800,2,20260625,S007
93216006,1152,100,0,20260625,S007
93217006,1153,200,1,20260625,S007
93218006,1154,300,2,20260625,S007
93219006,1155,400,0,20260625,S007
93220006,1145,500,1,20260625,S007
93221006,1146,600,2,20260625,S007
93222006,1147,700,0,20260625,S007
93223006,1148,800,1,20260625,S007
93224006,1149,100,2,20260625,S007
93225006,1150,200,0,20260625,S007
93226006,1151,300,1,20260625,S007
93227006,1152,400,2,20260625,S007
93228006,1153,500,0,20260625,S007
93229006,1154,600,1,20260625,S007
93230006,1155,700,2,20260625,S007
93231006,1145,800,0,20260625,S007
93232006,1146,100,1,20260625,S007
93233006,1147,200,2,20260625,S007
93234006,1148,300,0,20260625,S007
93235006,1149,400,1,20260625,S007
93236006,1150,500,2,20260625,S007
93237006,1151,600,0,20260625,S007
93238006,1152,700,1,20260625,S007
93239006,1153,800,2,20260625,S007
93240006,1154,100,0,20260625,S007
93241006,1155,200,1,20260625,S007
93242006,1145,300,2,20260625,S007
93243006,1146,400,0,20260625,S007
93244006,1147,500,1,20260625,S007
93245006,1148,600,2,20260625,S007
93246006,1149,700,0,20260625,S007
93247006,1150,800,1,20260625,S007
93248006,1151,100,2,20260625,S007
93249006,1152,200,0,20260625,S007
93000007,1170,100,0,20260625,S008
93001007,1171,200,1,20260625,S008
93002007,1172,300,2,20260625,S008
93003007,1173,400,0,20260625,S008
93004007,1174,500,1,20260625,S008
93005007,1175,600,2,20260625,S008
93006007,1176,700,0,20260625,S008
93007007,1177,800,1,20260625,S008
93008007,1178,100,2,20260625,S008
93009007,1179,200,0,20260625,S008
93010007,1180,300,1,20260625,S008
93011007,1170,400,2,20260625,S008
93012007,1171,500,0,20260625,S008
93013007,1172,600,1,20260625,S008
93014007,1173,700,2,20260625,S008
93015007,1174,800,0,20260625,S008
93016007,1175,100,1,20260625,S008
93017007,1176,200,2,20260625,S008
93018007,1177,300,0,20260625,S008
93019007,1178,400,1,20260625,S008
93020007,1179,500,2,20260625,S008
93021007,1180,600,0,20260625,S008
93022007,1170,700,1,20260625,S008
93023007,1171,800,2,20260625,S008
93024007,1172,100,0,20260625,S008
93025007,1173,200,1,20260625,S008
93026007,1174,300,2,20260625,S008
93027007,1175,400,0,20260625,S008
93028007,1176,500,1,20260625,S008
93029007,1177,600,2,20260625,S008
93030007,1178,700,0,20260625,S008
93031007,1179,800,1,20260625,S008
93032007,1180,100,2,20260625,S008
93033007,1170,200,0,20260625,S008
93034007,1171,300,1,20260625,S008
93035007,1172,400,2,20260625,S008
93036007,1173,500,0,20260625,S008
93037007,1174,600,1,20260625,S008
93038007,1175,700,2,20260625,S008
93039007,1176,800,0,20260625,S008
93040007,1177,100,1,20260625,S008
93041007,1178,200,2,20260625,S008
93042007,1179,300,0,20260625,S008
93043007,1180,400,1,20260625,S008
93044007,1170,500,2,20260625,S008
93045007,1171,600,0,20260625,S008
93046007,1172,700,1,20260625,S008
93047007,1173,800,2,20260625,S008
93048007,1174,100,0,20260625,S008
93049007,1175,200,1,20260625,S008
93050007,1176,300,2,20260625,S008
93051007,1177,400,0,20260625,S008
93052007,1178,500,1,20260625,S008
93053007,1179,600,2,20260625,S008
93054007,1180,700,0,20260625,S008
93055007,1170,800,1,20260625,S008
93056007,1171,100,2,20260625,S008
93057007,1172,200,0,20260625,S008
93058007,1173,300,1,20260625,S008
93059007,1174,400,2,20260625,S008
93060007,1175,500,0,20260625,S008
93061007,1176,600,1,20260625,S008
93062007,1177,700,2,20260625,S008
93063007,1178,800,0,20260625,S008
93064007,1179,100,1,20260625,S008
93065007,1180,200,2,20260625,S008
93066007,1170,300,0,20260625,S008
93067007,1171,400,1,20260625,S008
93068007,1172,500,2,20260625,S008
93069007,1173,600,0,20260625,S008
93070007,1174,700,1,20260625,S008
93071007,1175,800,2,20260625,S008
93072007,1176,100,0,20260625,S008
93073007,1177,200,1,20260625,S008
93074007,1178,300,2,20260625,S008
93075007,1179,400,0,20260625,S008
93076007,1180,500,1,20260625,S008
93077007,1170,600,2,20260625,S008
93078007,1171,700,0,20260625,S008
93079007,1172,800,1,20260625,S008
93080007,1173,100,2,20260625,S008
93081007,1174,200,0,20260625,S008
93082007,1175,300,1,20260625,S008
93083007,1176,400,2,20260625,S008
93084007,1177,500,0,20260625,S008
93085007,1178,600,1,20260625,S008
93086007,1179,700,2,20260625,S008
93087007,1180,800,0,20260625,S008
93088007,1170,100,1,20260625,S008
93089007,1171,200,2,20260625,S008
93090007,1172,300,0,20260625,S008
93091007,1173,400,1,20260625,S008
93092007,1174,500,2,20260625,S008
93093007,1175,600,0,20260625,S008
93094007,1176,700,1,20260625,S008
93095007,1177,800,2,20260625,S008
93096007,1178,100,0,20260625,S008
93097007,1179,200,1,20260625,S008
93098007,1180,300,2,20260625,S008
93099007,1170,400,0,20260625,S008
93100007,1171,500,1,20260625,S008
93101007,1172,600,2,20260625,S008
93102007,1173,700,0,20260625,S008
93103007,1174,800,1,20260625,S008
93104007,1175,100,2,20260625,S008
93105007,1176,200,0,20260625,S008
93106007,1177,300,1,20260625,S008
93107007,1178,400,2,20260625,S008
93108007,1179,500,0,20260625,S008
93109007,1180,600,1,20260625,S008
93110007,1170,700,2,20260625,S008
93111007,1171,800,0,20260625,S008
93112007,1172,100,1,20260625,S008
93113007,1173,200,2,20260625,S008
93114007,1174,300,0,20260625,S008
93115007,1175,400,1,20260625,S008
93116007,1176,500,2,20260625,S008
93117007,1177,600,0,20260625,S008
93118007,1178,700,1,20260625,S008
93119007,1179,800,2,20260625,S008
93120007,1180,100,0,20260625,S008
93121007,1170,200,1,20260625,S008
93122007,1171,300,2,20260625,S008
93123007,1172,400,0,20260625,S008
93124007,1173,500,1,20260625,S008
93125007,1174,600,2,20260625,S008
93126007,1175,700,0,20260625,S008
93127007,1176,800,1,20260625,S008
93128007,1177,100,2,20260625,S008
93129007,1178,200,0,20260625,S008
93130007,1179,300,1,20260625,S008
93131007,1180,400,2,20260625,S008
93132007,1170,500,0,20260625,S008
93133007,1171,600,1,20260625,S008
93134007,1172,700,2,20260625,S008
93135007,1173,800,0,20260625,S008
93136007,1174,100,1,20260625,S008
93137007,1175,200,2,20260625,S008
93138007,1176,300,0,20260625,S008
93139007,1177,400,1,20260625,S008
93140007,1178,500,2,20260625,S008
93141007,1179,600,0,20260625,S008
93142007,1180,700,1,20260625,S008
93143007,1170,800,2,20260625,S008
93144007,1171,100,0,20260625,S008
93145007,1172,200,1,20260625,S008
93146007,1173,300,2,20260625,S008
93147007,1174,400,0,20260625,S008
93148007,1175,500,1,20260625,S008
93149007,1176,600,2,20260625,S008
93150007,1177,700,0,20260625,S008
93151007,1178,800,1,20260625,S008
93152007,1179,100,2,20260625,S008
93153007,1180,200,0,20260625,S008
93154007,1170,300,1,20260625,S008
93155007,1171,400,2,20260625,S008
93156007,1172,500,0,20260625,S008
93157007,1173,600,1,20260625,S008
93158007,1174,700,2,20260625,S008
93159007,1175,800,0,20260625,S008
93160007,1176,100,1,20260625,S008
93161007,1177,200,2,20260625,S008
93162007,1178,300,0,20260625,S008
93163007,1179,400,1,20260625,S008
93164007,1180,500,2,20260625,S008
93165007,1170,600,0,20260625,S008
93166007,1171,700,1,20260625,S008
93167007,1172,800,2,20260625,S008
93168007,1173,100,0,20260625,S008
93169007,1174,200,1,20260625,S008
93170007,1175,300,2,20260625,S008
93171007,1176,400,0,20260625,S008
93172007,1177,500,1,20260625,S008
93173007,1178,600,2,20260625,S008
93174007,1179,700,0,20260625,S008
93175007,1180,800,1,20260625,S008
93176007,1170,100,2,20260625,S008
93177007,1171,200,0,20260625,S008
93178007,1172,300,1,20260625,S008
93179007,1173,400,2,20260625,S008
93180007,1174,500,0,20260625,S008
93181007,1175,600,1,20260625,S008
93182007,1176,700,2,20260625,S008
93183007,1177,800,0,20260625,S008
93184007,1178,100,1,20260625,S008
93185007,1179,200,2,20260625,S008
93186007,1180,300,0,20260625,S008
93187007,1170,400,1,20260625,S008
93188007,1171,500,2,20260625,S008
93189007,1172,600,0,20260625,S008
93190007,1173,700,1,20260625,S008
93191007,1174,800,2,20260625,S008
93192007,1175,100,0,20260625,S008
93193007,1176,200,1,20260625,S008
93194007,1177,300,2,20260625,S008
93195007,1178,400,0,20260625,S008
93196007,1179,500,1,20260625,S008
93197007,1180,600,2,20260625,S008
93198007,1170,700,0,20260625,S008
93199007,1171,800,1,20260625,S008
93200007,1172,100,2,20260625,S008
93201007,1173,200,0,20260625,S008
93202007,1174,300,1,20260625,S008
93203007,1175,400,2,20260625,S008
93204007,1176,500,0,20260625,S008
93205007,1177,600,1,20260625,S008
93206007,1178,700,2,20260625,S008
93207007,1179,800,0,20260625,S008
93208007,1180,100,1,20260625,S008
93209007,1170,200,2,20260625,S008
93210007,1171,300,0,20260625,S008
93211007,1172,400,1,20260625,S008
93212007,1173,500,2,20260625,S008
93213007,1174,600,0,20260625,S008
93214007,1175,700,1,20260625,S008
93215007,1176,800,2,20260625,S008
93216007,1177,100,0,20260625,S008
93217007,1178,200,1,20260625,S008
93218007,1179,300,2,20260625,S008
93219007,1180,400,0,20260625,S008
93220007,1170,500,1,20260625,S008
93221007,1171,600,2,20260625,S008
93222007,1172,700,0,20260625,S008
93223007,1173,800,1,20260625,S008
93224007,1174,100,2,20260625,S008
93225007,1175,200,0,20260625,S008
93226007,1176,300,1,20260625,S008
93227007,1177,400,2,20260625,S008
93228007,1178,500,0,20260625,S008
93229007,1179,600,1,20260625,S008
93230007,1180,700,2,20260625,S008
93231007,1170,800,0,20260625,S008
93232007,1171,100,1,20260625,S008
93233007,1172,200,2,20260625,S008
93234007,1173,300,0,20260625,S008
93235007,1174,400,1,20260625,S008
93236007,1175,500,2,20260625,S008
93237007,1176,600,0,20260625,S008
93238007,1177,700,1,20260625,S008
93239007,1178,800,2,20260625,S008
93240007,1179,100,0,20260625,S008
93241007,1180,200,1,20260625,S008
93242007,1170,300,2,20260625,S008
93243007,1171,400,0,20260625,S008
93244007,1172,500,1,20260625,S008
93245007,1173,600,2,20260625,S008
93246007,1174,700,0,20260625,S008
93247007,1175,800,1,20260625,S008
93248007,1176,100,2,20260625,S008
93249007,1177,200,0,20260625,S008
93000000,998,100,0,20260626,S001
93001000,999,200,1,20260626,S001
93002000,1000,300,2,20260626,S001
93003000,1001,400,0,20260626,S001
93004000,1002,500,1,20260626,S001
93005000,1003,600,2,20260626,S001
93006000,1004,700,0,20260626,S001
93007000,1005,800,1,20260626,S001
93008000,1006,100,2,20260626,S001
93009000,1007,200,0,20260626,S001
93010000,1008,300,1,20260626,S001
93011000,998,400,2,20260626,S001
93012000,999,500,0,20260626,S001
93013000,1000,600,1,20260626,S001
93014000,1001,700,2,20260626,S001
93015000,1002,800,0,20260626,S001
93016000,1003,100,1,20260626,S001
93017000,1004,200,2,20260626,S001
93018000,1005,300,0,20260626,S001
93019000,1006,400,1,20260626,S001
93020000,1007,500,2,20260626,S001
93021000,1008,600,0,20260626,S001
93022000,998,700,1,20260626,S001
93023000,999,800,2,20260626,S001
93024000,1000,100,0,20260626,S001
93025000,1001,200,1,20260626,S001
93026000,1002,300,2,20260626,S001
93027000,1003,400,0,20260626,S001
93028000,1004,500,1,20260626,S001
93029000,1005,600,2,20260626,S001
93030000,1006,700,0,20260626,S001
93031000,1007,800,1,20260626,S001
93032000,1008,100,2,20260626,S001
93033000,998,200,0,20260626,S001
93034000,999,300,1,20260626,S001
93035000,1000,400,2,20260626,S001
93036000,1001,500,0,20260626,S001
93037000,1002,600,1,20260626,S001
93038000,1003,700,2,20260626,S001
93039000,1004,800,0,20260626,S001
93040000,1005,100,1,20260626,S001
93041000,1006,200,2,20260626,S001
93042000,1007,300,0,20260626,S001
93043000,1008,400,1,20260626,S001
93044000,998,500,2,20260626,S001
93045000,999,600,0,20260626,S001
93046000,1000,700,1,20260626,S001
93047000,1001,800,2,20260626,S001
93048000,1002,100,0,20260626,S001
93049000,1003,200,1,20260626,S001
93050000,1004,300,2,20260626,S001
93051000,1005,400,0,20260626,S001
93052000,1006,500,1,20260626,S001
93053000,1007,600,2,20260626,S001
93054000,1008,700,0,20260626,S001
93055000,998,800,1,20260626,S001
93056000,999,100,2,20260626,S001
93057000,1000,200,0,20260626,S001
93058000,1001,300,1,20260626,S001
93059000,1002,400,2,20260626,S001
93060000,1003,500,0,20260626,S001
93061000,1004,600,1,20260626,S001
93062000,1005,700,2,20260626,S001
93063000,1006,800,0,20260626,S001
93064000,1007,100,1,20260626,S001
93065000,1008,200,2,20260626,S001
93066000,998,300,0,20260626,S001
93067000,999,400,1,20260626,S001
93068000,1000,500,2,20260626,S001
93069000,1001,600,0,20260626,S001
93070000,1002,700,1,20260626,S001
93071000,1003,800,2,20260626,S001
93072000,1004,100,0,20260626,S001
93073000,1005,200,1,20260626,S001
93074000,1006,300,2,20260626,S001
93075000,1007,400,0,20260626,S001
93076000,1008,500,1,20260626,S001
93077000,998,600,2,20260626,S001
93078000,999,700,0,20260626,S001
93079000,1000,800,1,20260626,S001
93080000,1001,100,2,20260626,S001
93081000,1002,200,0,20260626,S001
93082000,1003,300,1,20260626,S001
93083000,1004,400,2,20260626,S001
93084000,1005,500,0,20260626,S001
93085000,1006,600,1,20260626,S001
93086000,1007,700,2,20260626,S001
93087000,1008,800,0,20260626,S001
93088000,998,100,1,20260626,S001
93089000,999,200,2,20260626,S001
93090000,1000,300,0,20260626,S001
93091000,1001,400,1,20260626,S001
93092000,1002,500,2,20260626,S001
93093000,1003,600,0,20260626,S001
93094000,1004,700,1,20260626,S001
93095000,1005,800,2,20260626,S001
93096000,1006,100,0,20260626,S001
93097000,1007,200,1,20260626,S001
93098000,1008,300,2,20260626,S001
93099000,998,400,0,20260626,S001
93100000,999,500,1,20260626,S001
93101000,1000,600,2,20260626,S001
93102000,1001,700,0,20260626,S001
93103000,1002,800,1,20260626,S001
93104000,1003,100,2,20260626,S001
93105000,1004,200,0,20260626,S001
93106000,1005,300,1,20260626,S001
93107000,1006,400,2,20260626,S001
93108000,1007,500,0,20260626,S001
93109000,1008,600,1,20260626,S001
93110000,998,700,2,20260626,S001
93111000,999,800,0,20260626,S001
93112000,1000,100,1,20260626,S001
93113000,1001,200,2,20260626,S001
93114000,1002,300,0,20260626,S001
93115000,1003,400,1,20260626,S001
93116000,1004,500,2,20260626,S001
93117000,1005,600,0,20260626,S001
93118000,1006,700,1,20260626,S001
93119000,1007,800,2,20260626,S001
93120000,1008,100,0,20260626,S001
93121000,998,200,1,20260626,S001
93122000,999,300,2,20260626,S001
93123000,1000,400,0,20260626,S001
93124000,1001,500,1,20260626,S001
93125000,1002,600,2,20260626,S001
93126000,1003,700,0,20260626,S001
93127000,1004,800,1,20260626,S001
93128000,1005,100,2,20260626,S001
93129000,1006,200,0,20260626,S001
93130000,1007,300,1,20260626,S001
93131000,1008,400,2,20260626,S001
93132000,998,500,0,20260626,S001
93133000,999,600,1,20260626,S001
93134000,1000,700,2,20260626,S001
93135000,1001,800,0,20260626,S001
93136000,1002,100,1,20260626,S001
93137000,1003,200,2,20260626,S001
93138000,1004,300,0,20260626,S001
93139000,1005,400,1,20260626,S001
93140000,1006,500,2,20260626,S001
93141000,1007,600,0,20260626,S001
93142000,1008,700,1,20260626,S001
93143000,998,800,2,20260626,S001
93144000,999,100,0,20260626,S001
93145000,1000,200,1,20260626,S001
93146000,1001,300,2,20260626,S001
93147000,1002,400,0,20260626,S001
93148000,1003,500,1,20260626,S001
93149000,1004,600,2,20260626,S001
93150000,1005,700,0,20260626,S001
93151000,1006,800,1,20260626,S001
93152000,1007,100,2,20260626,S001
93153000,1008,200,0,20260626,S001
93154000,998,300,1,20260626,S001
93155000,999,400,2,20260626,S001
93156000,1000,500,0,20260626,S001
93157000,1001,600,1,20260626,S001
93158000,1002,700,2,20260626,S001
93159000,1003,800,0,20260626,S001
93160000,1004,100,1,20260626,S001
93161000,1005,200,2,20260626,S001
93162000,1006,300,0,20260626,S001
93163000,1007,400,1,20260626,S001
93164000,1008,500,2,20260626,S001
93165000,998,600,0,20260626,S001
93166000,999,700,1,20260626,S001
93167000,1000,800,2,20260626,S001
93168000,1001,100,0,20260626,S001
93169000,1002,200,1,20260626,S001
93170000,1003,300,2,20260626,S001
93171000,1004,400,0,20260626,S001
93172000,1005,500,1,20260626,S001
93173000,1006,600,2,20260626,S001
93174000,1007,700,0,20260626,S001
93175000,1008,800,1,20260626,S001
93176000,998,100,2,20260626,S001
93177000,999,200,0,20260626,S001
93178000,1000,300,1,20260626,S001
93179000,1001,400,2,20260626,S001
93180000,1002,500,0,20260626,S001
93181000,1003,600,1,20260626,S001
93182000,1004,700,2,20260626,S001
93183000,1005,800,0,20260626,S001
93184000,1006,100,1,20260626,S001
93185000,1007,200,2,20260626,S001
93186000,1008,300,0,20260626,S001
93187000,998,400,1,20260626,S001
93188000,999,500,2,20260626,S001
93189000,1000,600,0,20260626,S001
93190000,1001,700,1,20260626,S001
93191000,1002,800,2,20260626,S001
93192000,1003,100,0,20260626,S001
93193000,1004,200,1,20260626,S001
93194000,1005,300,2,20260626,S001
93195000,1006,400,0,20260626,S001
93196000,1007,500,1,20260626,S001
93197000,1008,600,2,20260626,S001
93198000,998,700,0,20260626,S001
93199000,999,800,1,20260626,S001
93200000,1000,100,2,20260626,S001
93201000,1001,200,0,20260626,S001
93202000,1002,300,1,20260626,S001
93203000,1003,400,2,20260626,S001
93204000,1004,500,0,20260626,S001
93205000,1005,600,1,20260626,S001
93206000,1006,700,2,20260626,S001
93207000,1007,800,0,20260626,S001
93208000,1008,100,1,20260626,S001
93209000,998,200,2,20260626,S001
93210000,999,300,0,20260626,S001
93211000,1000,400,1,20260626,S001
93212000,1001,500,2,20260626,S001
93213000,1002,600,0,20260626,S001
93214000,1003,700,1,20260626,S001
93215000,1004,800,2,20260626,S001
93216000,1005,100,0,20260626,S001
93217000,1006,200,1,20260626,S001
93218000,1007,300,2,20260626,S001
93219000,1008,400,0,20260626,S001
93220000,998,500,1,20260626,S001
93221000,999,600,2,20260626,S001
93222000,1000,700,0,20260626,S001
93223000,1001,800,1,20260626,S001
93224000,1002,100,2,20260626,S001
93225000,1003,200,0,20260626,S001
93226000,1004,300,1,20260626,S001
93227000,1005,400,2,20260626,S001
93228000,1006,500,0,20260626,S001
93229000,1007,600,1,20260626,S001
93230000,1008,700,2,20260626,S001
93231000,998,800,0,20260626,S001
93232000,999,100,1,20260626,S001
93233000,1000,200,2,20260626,S001
93234000,1001,300,0,20260626,S001
93235000,1002,400,1,20260626,S001
93236000,1003,500,2,20260626,S001
93237000,1004,600,0,20260626,S001
93238000,1005,700,1,20260626,S001
93239000,1006,800,2,20260626,S001
93240000,1007,100,0,20260626,S001
93241000,1008,200,1,20260626,S001
93242000,998,300,2,20260626,S001
93243000,999,400,0,20260626,S001
93244000,1000,500,1,20260626,S001
93245000,1001,600,2,20260626,S001
93246000,1002,700,0,20260626,S001
93247000,1003,800,1,20260626,S001
93248000,1004,100,2,20260626,S001
93249000,1005,200,0,20260626,S001
93000001,1023,100,0,20260626,S002
93001001,1024,200,1,20260626,S002
93002001,1025,300,2,20260626,S002
93003001,1026,400,0,20260626,S002
93004001,1027,500,1,20260626,S002
93005001,1028,600,2,20260626,S002
93006001,1029,700,0,20260626,S002
93007001,1030,800,1,20260626,S002
93008001,1031,100,2,20260626,S002
93009001,1032,200,0,20260626,S002
93010001,1033,300,1,20260626,S002
93011001,1023,400,2,20260626,S002
93012001,1024,500,0,20260626,S002
93013001,1025,600,1,20260626,S002
93014001,1026,700,2,20260626,S002
93015001,1027,800,0,20260626,S002
93016001,1028,100,1,20260626,S002
93017001,1029,200,2,20260626,S002
93018001,1030,300,0,20260626,S002
93019001,1031,400,1,20260626,S002
93020001,1032,500,2,20260626,S002
93021001,1033,600,0,20260626,S002
93022001,1023,700,1,20260626,S002
93023001,1024,800,2,20260626,S002
93024001,1025,100,0,20260626,S002
93025001,1026,200,1,20260626,S002
93026001,1027,300,2,20260626,S002
93027001,1028,400,0,20260626,S002
93028001,1029,500,1,20260626,S002
93029001,1030,600,2,20260626,S002
93030001,1031,700,0,20260626,S002
93031001,1032,800,1,20260626,S002
93032001,1033,100,2,20260626,S002
93033001,1023,200,0,20260626,S002
93034001,1024,300,1,20260626,S002
93035001,1025,400,2,20260626,S002
93036001,1026,500,0,20260626,S002
93037001,1027,600,1,20260626,S002
93038001,1028,700,2,20260626,S002
93039001,1029,800,0,20260626,S002
93040001,1030,100,1,20260626,S002
93041001,1031,200,2,20260626,S002
93042001,1032,300,0,20260626,S002
93043001,1033,400,1,20260626,S002
93044001,1023,500,2,20260626,S002
93045001,1024,600,0,20260626,S002
93046001,1025,700,1,20260626,S002
93047001,1026,800,2,20260626,S002
93048001,1027,100,0,20260626,S002
93049001,1028,200,1,20260626,S002
93050001,1029,300,2,20260626,S002
93051001,1030,400,0,20260626,S002
93052001,1031,500,1,20260626,S002
93053001,1032,600,2,20260626,S002
93054001,1033,700,0,20260626,S002
93055001,1023,800,1,20260626,S002
93056001,1024,100,2,20260626,S002
93057001,1025,200,0,20260626,S002
93058001,1026,300,1,20260626,S002
93059001,1027,400,2,20260626,S002
93060001,1028,500,0,20260626,S002
93061001,1029,600,1,20260626,S002
93062001,1030,700,2,20260626,S002
93063001,1031,800,0,20260626,S002
93064001,1032,100,1,20260626,S002
93065001,1033,200,2,20260626,S002
93066001,1023,300,0,20260626,S002
93067001,1024,400,1,20260626,S002
93068001,1025,500,2,20260626,S002
93069001,1026,600,0,20260626,S002
93070001,1027,700,1,20260626,S002
93071001,1028,800,2,20260626,S002
93072001,1029,100,0,20260626,S002
93073001,1030,200,1,20260626,S002
93074001,1031,300,2,20260626,S002
93075001,1032,400,0,20260626,S002
93076001,1033,500,1,20260626,S002
93077001,1023,600,2,20260626,S002
93078001,1024,700,0,20260626,S002
93079001,1025,800,1,20260626,S002
93080001,1026,100,2,20260626,S002
93081001,1027,200,0,20260626,S002
93082001,1028,300,1,20260626,S002
93083001,1029,400,2,20260626,S002
93084001,1030,500,0,20260626,S002
93085001,1031,600,1,20260626,S002
93086001,1032,700,2,20260626,S002
93087001,1033,800,0,20260626,S002
93088001,1023,100,1,20260626,S002
93089001,1024,200,2,20260626,S002
93090001,1025,300,0,20260626,S002
93091001,1026,400,1,20260626,S002
93092001,1027,500,2,20260626,S002
93093001,1028,600,0,20260626,S002
93094001,1029,700,1,20260626,S002
93095001,1030,800,2,20260626,S002
93096001,1031,100,0,20260626,S002
93097001,1032,200,1,20260626,S002
93098001,1033,300,2,20260626,S002
93099001,1023,400,0,20260626,S002
93100001,1024,500,1,20260626,S002
93101001,1025,600,2,20260626,S002
93102001,1026,700,0,20260626,S002
93103001,1027,800,1,20260626,S002
93104001,1028,100,2,20260626,S002
93105001,1029,200,0,20260626,S002
93106001,1030,300,1,20260626,S002
93107001,1031,400,2,20260626,S002
93108001,1032,500,0,20260626,S002
93109001,1033,600,1,20260626,S002
93110001,1023,700,2,20260626,S002
93111001,1024,800,0,20260626,S002
93112001,1025,100,1,20260626,S002
93113001,1026,200,2,20260626,S002
93114001,1027,300,0,20260626,S002
93115001,1028,400,1,20260626,S002
93116001,1029,500,2,20260626,S002
93117001,1030,600,0,20260626,S002
93118001,1031,700,1,20260626,S002
93119001,1032,800,2,20260626,S002
93120001,1033,100,0,20260626,S002
93121001,1023,200,1,20260626,S002
93122001,1024,300,2,20260626,S002
93123001,1025,400,0,20260626,S002
93124001,1026,500,1,20260626,S002
93125001,1027,600,2,20260626,S002
93126001,1028,700,0,20260626,S002
93127001,1029,800,1,20260626,S002
93128001,1030,100,2,20260626,S002
93129001,1031,200,0,20260626,S002
93130001,1032,300,1,20260626,S002
93131001,1033,400,2,20260626,S002
93132001,1023,500,0,20260626,S002
93133001,1024,600,1,20260626,S002
93134001,1025,700,2,20260626,S002
93135001,1026,800,0,20260626,S002
93136001,1027,100,1,20260626,S002
93137001,1028,200,2,20260626,S002
93138001,1029,300,0,20260626,S002
93139001,1030,400,1,20260626,S002
93140001,1031,500,2,20260626,S002
93141001,1032,600,0,20260626,S002
93142001,1033,700,1,20260626,S002
93143001,1023,800,2,20260626,S002
93144001,1024,100,0,20260626,S002
93145001,1025,200,1,20260626,S002
93146001,1026,300,2,20260626,S002
93147001,1027,400,0,20260626,S002
93148001,1028,500,1,20260626,S002
93149001,1029,600,2,20260626,S002
93150001,1030,700,0,20260626,S002
93151001,1031,800,1,20260626,S002
93152001,1032,100,2,20260626,S002
93153001,1033,200,0,20260626,S002
93154001,1023,300,1,20260626,S002
93155001,1024,400,2,20260626,S002
93156001,1025,500,0,20260626,S002
93157001,1026,600,1,20260626,S002
93158001,1027,700,2,20260626,S002
93159001,1028,800,0,20260626,S002
93160001,1029,100,1,20260626,S002
93161001,1030,200,2,20260626,S002
93162001,1031,300,0,20260626,S002
93163001,1032,400,1,20260626,S002
93164001,1033,500,2,20260626,S002
93165001,1023,600,0,20260626,S002
93166001,1024,700,1,20260626,S002
93167001,1025,800,2,20260626,S002
93168001,1026,100,0,20260626,S002
93169001,1027,200,1,20260626,S002
93170001,1028,300,2,20260626,S002
93171001,1029,400,0,20260626,S002
93172001,1030,500,1,20260626,S002
93173001,1031,600,2,20260626,S002
93174001,1032,700,0,20260626,S002
93175001,1033,800,1,20260626,S002
93176001,1023,100,2,20260626,S002
93177001,1024,200,0,20260626,S002
93178001,1025,300,1,20260626,S002
93179001,1026,400,2,20260626,S002
93180001,1027,500,0,20260626,S002
93181001,1028,600,1,20260626,S002
93182001,1029,700,2,20260626,S002
93183001,1030,800,0,20260626,S002
93184001,1031,100,1,20260626,S002
93185001,1032,200,2,20260626,S002
93186001,1033,300,0,20260626,S002
93187001,1023,400,1,20260626,S002
93188001,1024,500,2,20260626,S002
93189001,1025,600,0,20260626,S002
93190001,1026,700,1,20260626,S002
93191001,1027,800,2,20260626,S002
93192001,1028,100,0,20260626,S002
93193001,1029,200,1,20260626,S002
93194001,1030,300,2,20260626,S002
93195001,1031,400,0,20260626,S002
93196001,1032,500,1,20260626,S002
93197001,1033,600,2,20260626,S002
93198001,1023,700,0,20260626,S002
93199001,1024,800,1,20260626,S002
93200001,1025,100,2,20260626,S002
93201001,1026,200,0,20260626,S002
93202001,1027,300,1,20260626,S002
93203001,1028,400,2,20260626,S002
93204001,1029,500,0,20260626,S002
93205001,1030,600,1,20260626,S002
93206001,1031,700,2,20260626,S002
93207001,1032,800,0,20260626,S002
93208001,1033,100,1,20260626,S002
93209001,1023,200,2,20260626,S002
93210001,1024,300,0,20260626,S002
93211001,1025,400,1,20260626,S002
93212001,1026,500,2,20260626,S002
93213001,1027,600,0,20260626,S002
93214001,1028,700,1,20260626,S002
93215001,1029,800,2,20260626,S002
93216001,1030,100,0,20260626,S002
93217001,1031,200,1,20260626,S002
93218001,1032,300,2,20260626,S002
93219001,1033,400,0,20260626,S002
93220001,1023,500,1,20260626,S002
93221001,1024,600,2,20260626,S002
93222001,1025,700,0,20260626,S002
93223001,1026,800,1,20260626,S002
93224001,1027,100,2,20260626,S002
93225001,1028,200,0,20260626,S002
93226001,1029,300,1,20260626,S002
93227001,1030,400,2,20260626,S002
93228001,1031,500,0,20260626,S002
93229001,1032,600,1,20260626,S002
93230001,1033,700,2,20260626,S002
93231001,1023,800,0,20260626,S002
93232001,1024,100,1,20260626,S002
93233001,1025,200,2,20260626,S002
93234001,1026,300,0,20260626,S002
93235001,1027,400,1,20260626,S002
93236001,1028,500,2,20260626,S002
93237001,1029,600,0,20260626,S002
93238001,1030,700,1,20260626,S002
93239001,1031,800,2,20260626,S002
93240001,1032,100,0,20260626,S002
93241001,1033,200,1,20260626,S002
93242001,1023,300,2,20260626,S002
93243001,1024,400,0,20260626,S002
93244001,1025,500,1,20260626,S002
93245001,1026,600,2,20260626,S002
93246001,1027,700,0,20260626,S002
93247001,1028,800,1,20260626,S002
93248001,1029,100,2,20260626,S002
93249001,1030,200,0,20260626,S002
93000002,1048,100,0,20260626,S003
93001002,1049,200,1,20260626,S003
93002002,1050,300,2,20260626,S003
93003002,1051,400,0,20260626,S003
93004002,1052,500,1,20260626,S003
93005002,1053,600,2,20260626,S003
93006002,1054,700,0,20260626,S003
93007002,1055,800,1,20260626,S003
93008002,1056,100,2,20260626,S003
93009002,1057,200,0,20260626,S003
93010002,1058,300,1,20260626,S003
93011002,1048,400,2,20260626,S003
93012002,1049,500,0,20260626,S003
93013002,1050,600,1,20260626,S003
93014002,1051,700,2,20260626,S003
93015002,1052,800,0,20260626,S003
93016002,1053,100,1,20260626,S003
93017002,1054,200,2,20260626,S003
93018002,1055,300,0,20260626,S003
93019002,1056,400,1,20260626,S003
93020002,1057,500,2,20260626,S003
93021002,1058,600,0,20260626,S003
93022002,1048,700,1,20260626,S003
93023002,1049,800,2,20260626,S003
93024002,1050,100,0,20260626,S003
93025002,1051,200,1,20260626,S003
93026002,1052,300,2,20260626,S003
93027002,1053,400,0,20260626,S003
93028002,1054,500,1,20260626,S003
93029002,1055,600,2,20260626,S003
93030002,1056,700,0,20260626,S003
93031002,1057,800,1,20260626,S003
93032002,1058,100,2,20260626,S003
93033002,1048,200,0,20260626,S003
93034002,1049,300,1,20260626,S003
93035002,1050,400,2,20260626,S003
93036002,1051,500,0,20260626,S003
93037002,1052,600,1,20260626,S003
93038002,1053,700,2,20260626,S003
93039002,1054,800,0,20260626,S003
93040002,1055,100,1,20260626,S003
93041002,1056,200,2,20260626,S003
93042002,1057,300,0,20260626,S003
93043002,1058,400,1,20260626,S003
93044002,1048,500,2,20260626,S003
93045002,1049,600,0,20260626,S003
93046002,1050,700,1,20260626,S003
93047002,1051,800,2,20260626,S003
93048002,1052,100,0,20260626,S003
93049002,1053,200,1,20260626,S003
93050002,1054,300,2,20260626,S003
93051002,1055,400,0,20260626,S003
93052002,1056,500,1,20260626,S003
93053002,1057,600,2,20260626,S003
93054002,1058,700,0,20260626,S003
93055002,1048,800,1,20260626,S003
93056002,1049,100,2,20260626,S003
93057002,1050,200,0,20260626,S003
93058002,1051,300,1,20260626,S003
93059002,1052,400,2,20260626,S003
93060002,1053,500,0,20260626,S003
93061002,1054,600,1,20260626,S003
93062002,1055,700,2,20260626,S003
93063002,1056,800,0,20260626,S003
93064002,1057,100,1,20260626,S003
93065002,1058,200,2,20260626,S003
93066002,1048,300,0,20260626,S003
93067002,1049,400,1,20260626,S003
93068002,1050,500,2,20260626,S003
93069002,1051,600,0,20260626,S003
93070002,1052,700,1,20260626,S003
93071002,1053,800,2,20260626,S003
93072002,1054,100,0,20260626,S003
93073002,1055,200,1,20260626,S003
93074002,1056,300,2,20260626,S003
93075002,1057,400,0,20260626,S003
93076002,1058,500,1,20260626,S003
93077002,1048,600,2,20260626,S003
93078002,1049,700,0,20260626,S003
93079002,1050,800,1,20260626,S003
93080002,1051,100,2,20260626,S003
93081002,1052,200,0,20260626,S003
93082002,1053,300,1,20260626,S003
93083002,1054,400,2,20260626,S003
93084002,1055,500,0,20260626,S003
93085002,1056,600,1,20260626,S003
93086002,1057,700,2,20260626,S003
93087002,1058,800,0,20260626,S003
93088002,1048,100,1,20260626,S003
93089002,1049,200,2,20260626,S003
93090002,1050,300,0,20260626,S003
93091002,1051,400,1,20260626,S003
93092002,1052,500,2,20260626,S003
93093002,1053,600,0,20260626,S003
93094002,1054,700,1,20260626,S003
93095002,1055,800,2,20260626,S003
93096002,1056,100,0,20260626,S003
93097002,1057,200,1,20260626,S003
93098002,1058,300,2,20260626,S003
93099002,1048,400,0,20260626,S003
93100002,1049,500,1,20260626,S003
93101002,1050,600,2,20260626,S003
93102002,1051,700,0,20260626,S003
93103002,1052,800,1,20260626,S003
93104002,1053,100,2,20260626,S003
93105002,1054,200,0,20260626,S003
93106002,1055,300,1,20260626,S003
93107002,1056,400,2,20260626,S003
93108002,1057,500,0,20260626,S003
93109002,1058,600,1,20260626,S003
93110002,1048,700,2,20260626,S003
93111002,1049,800,0,20260626,S003
93112002,1050,100,1,20260626,S003
93113002,1051,200,2,20260626,S003
93114002,1052,300,0,20260626,S003
93115002,1053,400,1,20260626,S003
93116002,1054,500,2,20260626,S003
93117002,1055,600,0,20260626,S003
93118002,1056,700,1,20260626,S003
93119002,1057,800,2,20260626,S003
93120002,1058,100,0,20260626,S003
93121002,1048,200,1,20260626,S003
93122002,1049,300,2,20260626,S003
93123002,1050,400,0,20260626,S003
93124002,1051,500,1,20260626,S003
93125002,1052,600,2,20260626,S003
93126002,1053,700,0,20260626,S003
93127002,1054,800,1,20260626,S003
93128002,1055,100,2,20260626,S003
93129002,1056,200,0,20260626,S003
93130002,1057,300,1,20260626,S003
93131002,1058,400,2,20260626,S003
93132002,1048,500,0,20260626,S003
93133002,1049,600,1,20260626,S003
93134002,1050,700,2,20260626,S003
93135002,1051,800,0,20260626,S003
93136002,1052,100,1,20260626,S003
93137002,1053,200,2,20260626,S003
93138002,1054,300,0,20260626,S003
93139002,1055,400,1,20260626,S003
93140002,1056,500,2,20260626,S003
93141002,1057,600,0,20260626,S003
93142002,1058,700,1,20260626,S003
93143002,1048,800,2,20260626,S003
93144002,1049,100,0,20260626,S003
93145002,1050,200,1,20260626,S003
93146002,1051,300,2,20260626,S003
93147002,1052,400,0,20260626,S003
93148002,1053,500,1,20260626,S003
93149002,1054,600,2,20260626,S003
93150002,1055,700,0,20260626,S003
93151002,1056,800,1,20260626,S003
93152002,1057,100,2,20260626,S003
93153002,1058,200,0,20260626,S003
93154002,1048,300,1,20260626,S003
93155002,1049,400,2,20260626,S003
93156002,1050,500,0,20260626,S003
93157002,1051,600,1,20260626,S003
93158002,1052,700,2,20260626,S003
93159002,1053,800,0,20260626,S003
93160002,1054,100,1,20260626,S003
93161002,1055,200,2,20260626,S003
93162002,1056,300,0,20260626,S003
93163002,1057,400,1,20260626,S003
93164002,1058,500,2,20260626,S003
93165002,1048,600,0,20260626,S003
93166002,1049,700,1,20260626,S003
93167002,1050,800,2,20260626,S003
93168002,1051,100,0,20260626,S003
93169002,1052,200,1,20260626,S003
93170002,1053,300,2,20260626,S003
93171002,1054,400,0,20260626,S003
93172002,1055,500,1,20260626,S003
93173002,1056,600,2,20260626,S003
93174002,1057,700,0,20260626,S003
93175002,1058,800,1,20260626,S003
93176002,1048,100,2,20260626,S003
93177002,1049,200,0,20260626,S003
93178002,1050,300,1,20260626,S003
93179002,1051,400,2,20260626,S003
93180002,1052,500,0,20260626,S003
93181002,1053,600,1,20260626,S003
93182002,1054,700,2,20260626,S003
93183002,1055,800,0,20260626,S003
93184002,1056,100,1,20260626,S003
93185002,1057,200,2,20260626,S003
93186002,1058,300,0,20260626,S003
93187002,1048,400,1,20260626,S003
93188002,1049,500,2,20260626,S003
93189002,1050,600,0,20260626,S003
93190002,1051,700,1,20260626,S003
93191002,1052,800,2,20260626,S003
93192002,1053,100,0,20260626,S003
93193002,1054,200,1,20260626,S003
93194002,1055,300,2,20260626,S003
93195002,1056,400,0,20260626,S003
93196002,1057,500,1,20260626,S003
93197002,1058,600,2,20260626,S003
93198002,1048,700,0,20260626,S003
93199002,1049,800,1,20260626,S003
93200002,1050,100,2,20260626,S003
93201002,1051,200,0,20260626,S003
93202002,1052,300,1,20260626,S003
93203002,1053,400,2,20260626,S003
93204002,1054,500,0,20260626,S003
93205002,1055,600,1,20260626,S003
93206002,1056,700,2,20260626,S003
93207002,1057,800,0,20260626,S003
93208002,1058,100,1,20260626,S003
93209002,1048,200,2,20260626,S003
93210002,1049,300,0,20260626,S003
93211002,1050,400,1,20260626,S003
93212002,1051,500,2,20260626,S003
93213002,1052,600,0,20260626,S003
93214002,1053,700,1,20260626,S003
93215002,1054,800,2,20260626,S003
93216002,1055,100,0,20260626,S003
93217002,1056,200,1,20260626,S003
93218002,1057,300,2,20260626,S003
93219002,1058,400,0,20260626,S003
93220002,1048,500,1,20260626,S003
93221002,1049,600,2,20260626,S003
93222002,1050,700,0,20260626,S003
93223002,1051,800,1,20260626,S003
93224002,1052,100,2,20260626,S003
93225002,1053,200,0,20260626,S003
93226002,1054,300,1,20260626,S003
93227002,1055,400,2,20260626,S003
93228002,1056,500,0,20260626,S003
93229002,1057,600,1,20260626,S003
93230002,1058,700,2,20260626,S003
93231002,1048,800,0,20260626,S003
93232002,1049,100,1,20260626,S003
93233002,1050,200,2,20260626,S003
93234002,1051,300,0,20260626,S003
93235002,1052,400,1,20260626,S003
93236002,1053,500,2,20260626,S003
93237002,1054,600,0,20260626,S003
93238002,1055,700,1,20260626,S003
93239002,1056,800,2,20260626,S003
93240002,1057,100,0,20260626,S003
93241002,1058,200,1,20260626,S003
93242002,1048,300,2,20260626,S003
93243002,1049,400,0,20260626,S003
93244002,1050,500,1,20260626,S003
93245002,1051,600,2,20260626,S003
93246002,1052,700,0,20260626,S003
93247002,1053,800,1,20260626,S003
93248002,1054,100,2,20260626,S003
93249002,1055,200,0,20260626,S003
93000003,1073,100,0,20260626,S004
93001003,1074,200,1,20260626,S004
93002003,1075,300,2,20260626,S004
93003003,1076,400,0,20260626,S004
93004003,1077,500,1,20260626,S004
93005003,1078,600,2,20260626,S004
93006003,1079,700,0,20260626,S004
93007003,1080,800,1,20260626,S004
93008003,1081,100,2,20260626,S004
93009003,1082,200,0,20260626,S004
93010003,1083,300,1,20260626,S004
93011003,1073,400,2,20260626,S004
93012003,1074,500,0,20260626,S004
93013003,1075,600,1,20260626,S004
93014003,1076,700,2,20260626,S004
93015003,1077,800,0,20260626,S004
93016003,1078,100,1,20260626,S004
93017003,1079,200,2,20260626,S004
93018003,1080,300,0,20260626,S004
93019003,1081,400,1,20260626,S004
93020003,1082,500,2,20260626,S004
93021003,1083,600,0,20260626,S004
93022003,1073,700,1,20260626,S004
93023003,1074,800,2,20260626,S004
93024003,1075,100,0,20260626,S004
93025003,1076,200,1,20260626,S004
93026003,1077,300,2,20260626,S004
93027003,1078,400,0,20260626,S004
93028003,1079,500,1,20260626,S004
93029003,1080,600,2,20260626,S004
93030003,1081,700,0,20260626,S004
93031003,1082,800,1,20260626,S004
93032003,1083,100,2,20260626,S004
93033003,1073,200,0,20260626,S004
93034003,1074,300,1,20260626,S004
93035003,1075,400,2,20260626,S004
93036003,1076,500,0,20260626,S004
93037003,1077,600,1,20260626,S004
93038003,1078,700,2,20260626,S004
93039003,1079,800,0,20260626,S004
93040003,1080,100,1,20260626,S004
93041003,1081,200,2,20260626,S004
93042003,1082,300,0,20260626,S004
93043003,1083,400,1,20260626,S004
93044003,1073,500,2,20260626,S004
93045003,1074,600,0,20260626,S004
93046003,1075,700,1,20260626,S004
93047003,1076,800,2,20260626,S004
93048003,1077,100,0,20260626,S004
93049003,1078,200,1,20260626,S004
93050003,1079,300,2,20260626,S004
93051003,1080,400,0,20260626,S004
93052003,1081,500,1,20260626,S004
93053003,1082,600,2,20260626,S004
93054003,1083,700,0,20260626,S004
93055003,1073,800,1,20260626,S004
93056003,1074,100,2,20260626,S004
93057003,1075,200,0,20260626,S004
93058003,1076,300,1,20260626,S004
93059003,1077,400,2,20260626,S004
93060003,1078,500,0,20260626,S004
93061003,1079,600,1,20260626,S004
93062003,1080,700,2,20260626,S004
93063003,1081,800,0,20260626,S004
93064003,1082,100,1,20260626,S004
93065003,1083,200,2,20260626,S004
93066003,1073,300,0,20260626,S004
93067003,1074,400,1,20260626,S004
93068003,1075,500,2,20260626,S004
93069003,1076,600,0,20260626,S004
93070003,1077,700,1,20260626,S004
93071003,1078,800,2,20260626,S004
93072003,1079,100,0,20260626,S004
93073003,1080,200,1,20260626,S004
93074003,1081,300,2,20260626,S004
93075003,1082,400,0,20260626,S004
93076003,1083,500,1,20260626,S004
93077003,1073,600,2,20260626,S004
93078003,1074,700,0,20260626,S004
93079003,1075,800,1,20260626,S004
93080003,1076,100,2,20260626,S004
93081003,1077,200,0,20260626,S004
93082003,1078,300,1,20260626,S004
93083003,1079,400,2,20260626,S004
93084003,1080,500,0,20260626,S004
93085003,1081,600,1,20260626,S004
93086003,1082,700,2,20260626,S004
93087003,1083,800,0,20260626,S004
93088003,1073,100,1,20260626,S004
93089003,1074,200,2,20260626,S004
93090003,1075,300,0,20260626,S004
93091003,1076,400,1,20260626,S004
93092003,1077,500,2,20260626,S004
93093003,1078,600,0,20260626,S004
93094003,1079,700,1,20260626,S004
93095003,1080,800,2,20260626,S004
93096003,1081,100,0,20260626,S004
93097003,1082,200,1,20260626,S004
93098003,1083,300,2,20260626,S004
93099003,1073,400,0,20260626,S004
93100003,1074,500,1,20260626,S004
93101003,1075,600,2,20260626,S004
93102003,1076,700,0,20260626,S004
93103003,1077,800,1,20260626,S004
93104003,1078,100,2,20260626,S004
93105003,1079,200,0,20260626,S004
93106003,1080,300,1,20260626,S004
93107003,1081,400,2,20260626,S004
93108003,1082,500,0,20260626,S004
93109003,1083,600,1,20260626,S004
93110003,1073,700,2,20260626,S004
93111003,1074,800,0,20260626,S004
93112003,1075,100,1,20260626,S004
93113003,1076,200,2,20260626,S004
93114003,1077,300,0,20260626,S004
93115003,1078,400,1,20260626,S004
93116003,1079,500,2,20260626,S004
93117003,1080,600,0,20260626,S004
93118003,1081,700,1,20260626,S004
93119003,1082,800,2,20260626,S004
93120003,1083,100,0,20260626,S004
93121003,1073,200,1,20260626,S004
93122003,1074,300,2,20260626,S004
93123003,1075,400,0,20260626,S004
93124003,1076,500,1,20260626,S004
93125003,1077,600,2,20260626,S004
93126003,1078,700,0,20260626,S004
93127003,1079,800,1,20260626,S004
93128003,1080,100,2,20260626,S004
93129003,1081,200,0,20260626,S004
93130003,1082,300,1,20260626,S004
93131003,1083,400,2,20260626,S004
93132003,1073,500,0,20260626,S004
93133003,1074,600,1,20260626,S004
93134003,1075,700,2,20260626,S004
93135003,1076,800,0,20260626,S004
93136003,1077,100,1,20260626,S004
93137003,1078,200,2,20260626,S004
93138003,1079,300,0,20260626,S004
93139003,1080,400,1,20260626,S004
93140003,1081,500,2,20260626,S004
93141003,1082,600,0,20260626,S004
93142003,1083,700,1,20260626,S004
93143003,1073,800,2,20260626,S004
93144003,1074,100,0,20260626,S004
93145003,1075,200,1,20260626,S004
93146003,1076,300,2,20260626,S004
93147003,1077,400,0,20260626,S004
93148003,1078,500,1,20260626,S004
93149003,1079,600,2,20260626,S004
93150003,1080,700,0,20260626,S004
93151003,1081,800,1,20260626,S004
93152003,1082,100,2,20260626,S004
93153003,1083,200,0,20260626,S004
93154003,1073,300,1,20260626,S004
93155003,1074,400,2,20260626,S004
93156003,1075,500,0,20260626,S004
93157003,1076,600,1,20260626,S004
93158003,1077,700,2,20260626,S004
93159003,1078,800,0,20260626,S004
93160003,1079,100,1,20260626,S004
93161003,1080,200,2,20260626,S004
93162003,1081,300,0,20260626,S004
93163003,1082,400,1,20260626,S004
93164003,1083,500,2,20260626,S004
93165003,1073,600,0,20260626,S004
93166003,1074,700,1,20260626,S004
93167003,1075,800,2,20260626,S004
93168003,1076,100,0,20260626,S004
93169003,1077,200,1,20260626,S004
93170003,1078,300,2,20260626,S004
93171003,1079,400,0,20260626,S004
93172003,1080,500,1,20260626,S004
93173003,1081,600,2,20260626,S004
93174003,1082,700,0,20260626,S004
93175003,1083,800,1,20260626,S004
93176003,1073,100,2,20260626,S004
93177003,1074,200,0,20260626,S004
93178003,1075,300,1,20260626,S004
93179003,1076,400,2,20260626,S004
93180003,1077,500,0,20260626,S004
93181003,1078,600,1,20260626,S004
93182003,1079,700,2,20260626,S004
93183003,1080,800,0,20260626,S004
93184003,1081,100,1,20260626,S004
93185003,1082,200,2,20260626,S004
93186003,1083,300,0,20260626,S004
93187003,1073,400,1,20260626,S004
93188003,1074,500,2,20260626,S004
93189003,1075,600,0,20260626,S004
93190003,1076,700,1,20260626,S004
93191003,1077,800,2,20260626,S004
93192003,1078,100,0,20260626,S004
93193003,1079,200,1,20260626,S004
93194003,1080,300,2,20260626,S004
93195003,1081,400,0,20260626,S004
93196003,1082,500,1,20260626,S004
93197003,1083,600,2,20260626,S004
93198003,1073,700,0,20260626,S004
93199003,1074,800,1,20260626,S004
93200003,1075,100,2,20260626,S004
93201003,1076,200,0,20260626,S004
93202003,1077,300,1,20260626,S004
93203003,1078,400,2,20260626,S004
93204003,1079,500,0,20260626,S004
93205003,1080,600,1,20260626,S004
93206003,1081,700,2,20260626,S004
93207003,1082,800,0,20260626,S004
93208003,1083,100,1,20260626,S004
93209003,1073,200,2,20260626,S004
93210003,1074,300,0,20260626,S004
93211003,1075,400,1,20260626,S004
93212003,1076,500,2,20260626,S004
93213003,1077,600,0,20260626,S004
93214003,1078,700,1,20260626,S004
93215003,1079,800,2,20260626,S004
93216003,1080,100,0,20260626,S004
93217003,1081,200,1,20260626,S004
93218003,1082,300,2,20260626,S004
93219003,1083,400,0,20260626,S004
93220003,1073,500,1,20260626,S004
93221003,1074,600,2,20260626,S004
93222003,1075,700,0,20260626,S004
93223003,1076,800,1,20260626,S004
93224003,1077,100,2,20260626,S004
93225003,1078,200,0,20260626,S004
93226003,1079,300,1,20260626,S004
93227003,1080,400,2,20260626,S004
93228003,1081,500,0,20260626,S004
93229003,1082,600,1,20260626,S004
93230003,1083,700,2,20260626,S004
93231003,1073,800,0,20260626,S004
93232003,1074,100,1,20260626,S004
93233003,1075,200,2,20260626,S004
93234003,1076,300,0,20260626,S004
93235003,1077,400,1,20260626,S004
93236003,1078,500,2,20260626,S004
93237003,1079,600,0,20260626,S004
93238003,1080,700,1,20260626,S004
93239003,1081,800,2,20260626,S004
93240003,1082,100,0,20260626,S004
93241003,1083,200,1,20260626,S004
93242003,1073,300,2,20260626,S004
93243003,1074,400,0,20260626,S004
93244003,1075,500,1,20260626,S004
93245003,1076,600,2,20260626,S004
93246003,1077,700,0,20260626,S004
93247003,1078,800,1,20260626,S004
93248003,1079,100,2,20260626,S004
93249003,1080,200,0,20260626,S004
93000004,1098,100,0,20260626,S005
93001004,1099,200,1,20260626,S005
93002004,1100,300,2,20260626,S005
93003004,1101,400,0,20260626,S005
93004004,1102,500,1,20260626,S005
93005004,1103,600,2,20260626,S005
93006004,1104,700,0,20260626,S005
93007004,1105,800,1,20260626,S005
93008004,1106,100,2,20260626,S005
93009004,1107,200,0,20260626,S005
93010004,1108,300,1,20260626,S005
93011004,1098,400,2,20260626,S005
93012004,1099,500,0,20260626,S005
93013004,1100,600,1,20260626,S005
93014004,1101,700,2,20260626,S005
93015004,1102,800,0,20260626,S005
93016004,1103,100,1,20260626,S005
93017004,1104,200,2,20260626,S005
93018004,1105,300,0,20260626,S005
93019004,1106,400,1,20260626,S005
93020004,1107,500,2,20260626,S005
93021004,1108,600,0,20260626,S005
93022004,1098,700,1,20260626,S005
93023004,1099,800,2,20260626,S005
93024004,1100,100,0,20260626,S005
93025004,1101,200,1,20260626,S005
93026004,1102,300,2,20260626,S005
93027004,1103,400,0,20260626,S005
93028004,1104,500,1,20260626,S005
93029004,1105,600,2,20260626,S005
93030004,1106,700,0,20260626,S005
93031004,1107,800,1,20260626,S005
93032004,1108,100,2,20260626,S005
93033004,1098,200,0,20260626,S005
93034004,1099,300,1,20260626,S005
93035004,1100,400,2,20260626,S005
93036004,1101,500,0,20260626,S005
93037004,1102,600,1,20260626,S005
93038004,1103,700,2,20260626,S005
93039004,1104,800,0,20260626,S005
93040004,1105,100,1,20260626,S005
93041004,1106,200,2,20260626,S005
93042004,1107,300,0,20260626,S005
93043004,1108,400,1,20260626,S005
93044004,1098,500,2,20260626,S005
93045004,1099,600,0,20260626,S005
93046004,1100,700,1,20260626,S005
93047004,1101,800,2,20260626,S005
93048004,1102,100,0,20260626,S005
93049004,1103,200,1,20260626,S005
93050004,1104,300,2,20260626,S005
93051004,1105,400,0,20260626,S005
93052004,1106,500,1,20260626,S005
93053004,1107,600,2,20260626,S005
93054004,1108,700,0,20260626,S005
93055004,1098,800,1,20260626,S005
93056004,1099,100,2,20260626,S005
93057004,1100,200,0,20260626,S005
93058004,1101,300,1,20260626,S005
93059004,1102,400,2,20260626,S005
93060004,1103,500,0,20260626,S005
93061004,1104,600,1,20260626,S005
93062004,1105,700,2,20260626,S005
93063004,1106,800,0,20260626,S005
93064004,1107,100,1,20260626,S005
93065004,1108,200,2,20260626,S005
93066004,1098,300,0,20260626,S005
93067004,1099,400,1,20260626,S005
93068004,1100,500,2,20260626,S005
93069004,1101,600,0,20260626,S005
93070004,1102,700,1,20260626,S005
93071004,1103,800,2,20260626,S005
93072004,1104,100,0,20260626,S005
93073004,1105,200,1,20260626,S005
93074004,1106,300,2,20260626,S005
93075004,1107,400,0,20260626,S005
93076004,1108,500,1,20260626,S005
93077004,1098,600,2,20260626,S005
93078004,1099,700,0,20260626,S005
93079004,1100,800,1,20260626,S005
93080004,1101,100,2,20260626,S005
93081004,1102,200,0,20260626,S005
93082004,1103,300,1,20260626,S005
93083004,1104,400,2,20260626,S005
93084004,1105,500,0,20260626,S005
93085004,1106,600,1,20260626,S005
93086004,1107,700,2,20260626,S005
93087004,1108,800,0,20260626,S005
93088004,1098,100,1,20260626,S005
93089004,1099,200,2,20260626,S005
93090004,1100,300,0,20260626,S005
93091004,1101,400,1,20260626,S005
93092004,1102,500,2,20260626,S005
93093004,1103,600,0,20260626,S005
93094004,1104,700,1,20260626,S005
93095004,1105,800,2,20260626,S005
93096004,1106,100,0,20260626,S005
93097004,1107,200,1,20260626,S005
93098004,1108,300,2,20260626,S005
93099004,1098,400,0,20260626,S005
93100004,1099,500,1,20260626,S005
93101004,1100,600,2,20260626,S005
93102004,1101,700,0,20260626,S005
93103004,1102,800,1,20260626,S005
93104004,1103,100,2,20260626,S005
93105004,1104,200,0,20260626,S005
93106004,1105,300,1,20260626,S005
93107004,1106,400,2,20260626,S005
93108004,1107,500,0,20260626,S005
93109004,1108,600,1,20260626,S005
93110004,1098,700,2,20260626,S005
93111004,1099,800,0,20260626,S005
93112004,1100,100,1,20260626,S005
93113004,1101,200,2,20260626,S005
93114004,1102,300,0,20260626,S005
93115004,1103,400,1,20260626,S005
93116004,1104,500,2,20260626,S005
93117004,1105,600,0,20260626,S005
93118004,1106,700,1,20260626,S005
93119004,1107,800,2,20260626,S005
93120004,1108,100,0,20260626,S005
93121004,1098,200,1,20260626,S005
93122004,1099,300,2,20260626,S005
93123004,1100,400,0,20260626,S005
93124004,1101,500,1,20260626,S005
93125004,1102,600,2,20260626,S005
93126004,1103,700,0,20260626,S005
93127004,1104,800,1,20260626,S005
93128004,1105,100,2,20260626,S005
93129004,1106,200,0,20260626,S005
93130004,1107,300,1,20260626,S005
93131004,1108,400,2,20260626,S005
93132004,1098,500,0,20260626,S005
93133004,1099,600,1,20260626,S005
93134004,1100,700,2,20260626,S005
93135004,1101,800,0,20260626,S005
93136004,1102,100,1,20260626,S005
93137004,1103,200,2,20260626,S005
93138004,1104,300,0,20260626,S005
93139004,1105,400,1,20260626,S005
93140004,1106,500,2,20260626,S005
93141004,1107,600,0,20260626,S005
93142004,1108,700,1,20260626,S005
93143004,1098,800,2,20260626,S005
93144004,1099,100,0,20260626,S005
93145004,1100,200,1,20260626,S005
93146004,1101,300,2,20260626,S005
93147004,1102,400,0,20260626,S005
93148004,1103,500,1,20260626,S005
93149004,1104,600,2,20260626,S005
93150004,1105,700,0,20260626,S005
93151004,1106,800,1,20260626,S005
93152004,1107,100,2,20260626,S005
93153004,1108,200,0,20260626,S005
93154004,1098,300,1,20260626,S005
93155004,1099,400,2,20260626,S005
93156004,1100,500,0,20260626,S005
93157004,1101,600,1,20260626,S005
93158004,1102,700,2,20260626,S005
93159004,1103,800,0,20260626,S005
93160004,1104,100,1,20260626,S005
93161004,1105,200,2,20260626,S005
93162004,1106,300,0,20260626,S005
93163004,1107,400,1,20260626,S005
93164004,1108,500,2,20260626,S005
93165004,1098,600,0,20260626,S005
93166004,1099,700,1,20260626,S005
93167004,1100,800,2,20260626,S005
93168004,1101,100,0,20260626,S005
93169004,1102,200,1,20260626,S005
93170004,1103,300,2,20260626,S005
93171004,1104,400,0,20260626,S005
93172004,1105,500,1,20260626,S005
93173004,1106,600,2,20260626,S005
93174004,1107,700,0,20260626,S005
93175004,1108,800,1,20260626,S005
93176004,1098,100,2,20260626,S005
93177004,1099,200,0,20260626,S005
93178004,1100,300,1,20260626,S005
93179004,1101,400,2,20260626,S005
93180004,1102,500,0,20260626,S005
93181004,1103,600,1,20260626,S005
93182004,1104,700,2,20260626,S005
93183004,1105,800,0,20260626,S005
93184004,1106,100,1,20260626,S005
93185004,1107,200,2,20260626,S005
93186004,1108,300,0,20260626,S005
93187004,1098,400,1,20260626,S005
93188004,1099,500,2,20260626,S005
93189004,1100,600,0,20260626,S005
93190004,1101,700,1,20260626,S005
93191004,1102,800,2,20260626,S005
93192004,1103,100,0,20260626,S005
93193004,1104,200,1,20260626,S005
93194004,1105,300,2,20260626,S005
93195004,1106,400,0,20260626,S005
93196004,1107,500,1,20260626,S005
93197004,1108,600,2,20260626,S005
93198004,1098,700,0,20260626,S005
93199004,1099,800,1,20260626,S005
93200004,1100,100,2,20260626,S005
93201004,1101,200,0,20260626,S005
93202004,1102,300,1,20260626,S005
93203004,1103,400,2,20260626,S005
93204004,1104,500,0,20260626,S005
93205004,1105,600,1,20260626,S005
93206004,1106,700,2,20260626,S005
93207004,1107,800,0,20260626,S005
93208004,1108,100,1,20260626,S005
93209004,1098,200,2,20260626,S005
93210004,1099,300,0,20260626,S005
93211004,1100,400,1,20260626,S005
93212004,1101,500,2,20260626,S005
93213004,1102,600,0,20260626,S005
93214004,1103,700,1,20260626,S005
93215004,1104,800,2,20260626,S005
93216004,1105,100,0,20260626,S005
93217004,1106,200,1,20260626,S005
93218004,1107,300,2,20260626,S005
93219004,1108,400,0,20260626,S005
93220004,1098,500,1,20260626,S005
93221004,1099,600,2,20260626,S005
93222004,1100,700,0,20260626,S005
93223004,1101,800,1,20260626,S005
93224004,1102,100,2,20260626,S005
93225004,1103,200,0,20260626,S005
93226004,1104,300,1,20260626,S005
93227004,1105,400,2,20260626,S005
93228004,1106,500,0,20260626,S005
93229004,1107,600,1,20260626,S005
93230004,1108,700,2,20260626,S005
93231004,1098,800,0,20260626,S005
93232004,1099,100,1,20260626,S005
93233004,1100,200,2,20260626,S005
93234004,1101,300,0,20260626,S005
93235004,1102,400,1,20260626,S005
93236004,1103,500,2,20260626,S005
93237004,1104,600,0,20260626,S005
93238004,1105,700,1,20260626,S005
93239004,1106,800,2,20260626,S005
93240004,1107,100,0,20260626,S005
93241004,1108,200,1,20260626,S005
93242004,1098,300,2,20260626,S005
93243004,1099,400,0,20260626,S005
93244004,1100,500,1,20260626,S005
93245004,1101,600,2,20260626,S005
93246004,1102,700,0,20260626,S005
93247004,1103,800,1,20260626,S005
93248004,1104,100,2,20260626,S005
93249004,1105,200,0,20260626,S005
93000005,1123,100,0,20260626,S006
93001005,1124,200,1,20260626,S006
93002005,1125,300,2,20260626,S006
93003005,1126,400,0,20260626,S006
93004005,1127,500,1,20260626,S006
93005005,1128,600,2,20260626,S006
93006005,1129,700,0,20260626,S006
93007005,1130,800,1,20260626,S006
93008005,1131,100,2,20260626,S006
93009005,1132,200,0,20260626,S006
93010005,1133,300,1,20260626,S006
93011005,1123,400,2,20260626,S006
93012005,1124,500,0,20260626,S006
93013005,1125,600,1,20260626,S006
93014005,1126,700,2,20260626,S006
93015005,1127,800,0,20260626,S006
93016005,1128,100,1,20260626,S006
93017005,1129,200,2,20260626,S006
93018005,1130,300,0,20260626,S006
93019005,1131,400,1,20260626,S006
93020005,1132,500,2,20260626,S006
93021005,1133,600,0,20260626,S006
93022005,1123,700,1,20260626,S006
93023005,1124,800,2,20260626,S006
93024005,1125,100,0,20260626,S006
93025005,1126,200,1,20260626,S006
93026005,1127,300,2,20260626,S006
93027005,1128,400,0,20260626,S006
93028005,1129,500,1,20260626,S006
93029005,1130,600,2,20260626,S006
93030005,1131,700,0,20260626,S006
93031005,1132,800,1,20260626,S006
93032005,1133,100,2,20260626,S006
93033005,1123,200,0,20260626,S006
93034005,1124,300,1,20260626,S006
93035005,1125,400,2,20260626,S006
93036005,1126,500,0,20260626,S006
93037005,1127,600,1,20260626,S006
93038005,1128,700,2,20260626,S006
93039005,1129,800,0,20260626,S006
93040005,1130,100,1,20260626,S006
93041005,1131,200,2,20260626,S006
93042005,1132,300,0,20260626,S006
93043005,1133,400,1,20260626,S006
93044005,1123,500,2,20260626,S006
93045005,1124,600,0,20260626,S006
93046005,1125,700,1,20260626,S006
93047005,1126,800,2,20260626,S006
93048005,1127,100,0,20260626,S006
93049005,1128,200,1,20260626,S006
93050005,1129,300,2,20260626,S006
93051005,1130,400,0,20260626,S006
93052005,1131,500,1,20260626,S006
93053005,1132,600,2,20260626,S006
93054005,1133,700,0,20260626,S006
93055005,1123,800,1,20260626,S006
93056005,1124,100,2,20260626,S006
93057005,1125,200,0,20260626,S006
93058005,1126,300,1,20260626,S006
93059005,1127,400,2,20260626,S006
93060005,1128,500,0,20260626,S006
93061005,1129,600,1,20260626,S006
93062005,1130,700,2,20260626,S006
93063005,1131,800,0,20260626,S006
93064005,1132,100,1,20260626,S006
93065005,1133,200,2,20260626,S006
93066005,1123,300,0,20260626,S006
93067005,1124,400,1,20260626,S006
93068005,1125,500,2,20260626,S006
93069005,1126,600,0,20260626,S006
93070005,1127,700,1,20260626,S006
93071005,1128,800,2,20260626,S006
93072005,1129,100,0,20260626,S006
93073005,1130,200,1,20260626,S006
93074005,1131,300,2,20260626,S006
93075005,1132,400,0,20260626,S006
93076005,1133,500,1,20260626,S006
93077005,1123,600,2,20260626,S006
93078005,1124,700,0,20260626,S006
93079005,1125,800,1,20260626,S006
93080005,1126,100,2,20260626,S006
93081005,1127,200,0,20260626,S006
93082005,1128,300,1,20260626,S006
93083005,1129,400,2,20260626,S006
93084005,1130,500,0,20260626,S006
93085005,1131,600,1,20260626,S006
93086005,1132,700,2,20260626,S006
93087005,1133,800,0,20260626,S006
93088005,1123,100,1,20260626,S006
93089005,1124,200,2,20260626,S006
93090005,1125,300,0,20260626,S006
93091005,1126,400,1,20260626,S006
93092005,1127,500,2,20260626,S006
93093005,1128,600,0,20260626,S006
93094005,1129,700,1,20260626,S006
93095005,1130,800,2,20260626,S006
93096005,1131,100,0,20260626,S006
93097005,1132,200,1,20260626,S006
93098005,1133,300,2,20260626,S006
93099005,1123,400,0,20260626,S006
93100005,1124,500,1,20260626,S006
93101005,1125,600,2,20260626,S006
93102005,1126,700,0,20260626,S006
93103005,1127,800,1,20260626,S006
93104005,1128,100,2,20260626,S006
93105005,1129,200,0,20260626,S006
93106005,1130,300,1,20260626,S006
93107005,1131,400,2,20260626,S006
93108005,1132,500,0,20260626,S006
93109005,1133,600,1,20260626,S006
93110005,1123,700,2,20260626,S006
93111005,1124,800,0,20260626,S006
93112005,1125,100,1,20260626,S006
93113005,1126,200,2,20260626,S006
93114005,1127,300,0,20260626,S006
93115005,1128,400,1,20260626,S006
93116005,1129,500,2,20260626,S006
93117005,1130,600,0,20260626,S006
93118005,1131,700,1,20260626,S006
93119005,1132,800,2,20260626,S006
93120005,1133,100,0,20260626,S006
93121005,1123,200,1,20260626,S006
93122005,1124,300,2,20260626,S006
93123005,1125,400,0,20260626,S006
93124005,1126,500,1,20260626,S006
93125005,1127,600,2,20260626,S006
93126005,1128,700,0,20260626,S006
93127005,1129,800,1,20260626,S006
93128005,1130,100,2,20260626,S006
93129005,1131,200,0,20260626,S006
93130005,1132,300,1,20260626,S006
93131005,1133,400,2,20260626,S006
93132005,1123,500,0,20260626,S006
93133005,1124,600,1,20260626,S006
93134005,1125,700,2,20260626,S006
93135005,1126,800,0,20260626,S006
93136005,1127,100,1,20260626,S006
93137005,1128,200,2,20260626,S006
93138005,1129,300,0,20260626,S006
93139005,1130,400,1,20260626,S006
93140005,1131,500,2,20260626,S006
93141005,1132,600,0,20260626,S006
93142005,1133,700,1,20260626,S006
93143005,1123,800,2,20260626,S006
93144005,1124,100,0,20260626,S006
93145005,1125,200,1,20260626,S006
93146005,1126,300,2,20260626,S006
93147005,1127,400,0,20260626,S006
93148005,1128,500,1,20260626,S006
93149005,1129,600,2,20260626,S006
93150005,1130,700,0,20260626,S006
93151005,1131,800,1,20260626,S006
93152005,1132,100,2,20260626,S006
93153005,1133,200,0,20260626,S006
93154005,1123,300,1,20260626,S006
93155005,1124,400,2,20260626,S006
93156005,1125,500,0,20260626,S006
93157005,1126,600,1,20260626,S006
93158005,1127,700,2,20260626,S006
93159005,1128,800,0,20260626,S006
93160005,1129,100,1,20260626,S006
93161005,1130,200,2,20260626,S006
93162005,1131,300,0,20260626,S006
93163005,1132,400,1,20260626,S006
93164005,1133,500,2,20260626,S006
93165005,1123,600,0,20260626,S006
93166005,1124,700,1,20260626,S006
93167005,1125,800,2,20260626,S006
93168005,1126,100,0,20260626,S006
93169005,1127,200,1,20260626,S006
93170005,1128,300,2,20260626,S006
93171005,1129,400,0,20260626,S006
93172005,1130,500,1,20260626,S006
93173005,1131,600,2,20260626,S006
93174005,1132,700,0,20260626,S006
93175005,1133,800,1,20260626,S006
93176005,1123,100,2,20260626,S006
93177005,1124,200,0,20260626,S006
93178005,1125,300,1,20260626,S006
93179005,1126,400,2,20260626,S006
93180005,1127,500,0,20260626,S006
93181005,1128,600,1,20260626,S006
93182005,1129,700,2,20260626,S006
93183005,1130,800,0,20260626,S006
93184005,1131,100,1,20260626,S006
93185005,1132,200,2,20260626,S006
93186005,1133,300,0,20260626,S006
93187005,1123,400,1,20260626,S006
93188005,1124,500,2,20260626,S006
93189005,1125,600,0,20260626,S006
93190005,1126,700,1,20260626,S006
93191005,1127,800,2,20260626,S006
93192005,1128,100,0,20260626,S006
93193005,1129,200,1,20260626,S006
93194005,1130,300,2,20260626,S006
93195005,1131,400,0,20260626,S006
93196005,1132,500,1,20260626,S006
93197005,1133,600,2,20260626,S006
93198005,1123,700,0,20260626,S006
93199005,1124,800,1,20260626,S006
93200005,1125,100,2,20260626,S006
93201005,1126,200,0,20260626,S006
93202005,1127,300,1,20260626,S006
93203005,1128,400,2,20260626,S006
93204005,1129,500,0,20260626,S006
93205005,1130,600,1,20260626,S006
93206005,1131,700,2,20260626,S006
93207005,1132,800,0,20260626,S006
93208005,1133,100,1,20260626,S006
93209005,1123,200,2,20260626,S006
93210005,1124,300,0,20260626,S006
93211005,1125,400,1,20260626,S006
93212005,1126,500,2,20260626,S006
93213005,1127,600,0,20260626,S006
93214005,1128,700,1,20260626,S006
93215005,1129,800,2,20260626,S006
93216005,1130,100,0,20260626,S006
93217005,1131,200,1,20260626,S006
93218005,1132,300,2,20260626,S006
93219005,1133,400,0,20260626,S006
93220005,1123,500,1,20260626,S006
93221005,1124,600,2,20260626,S006
93222005,1125,700,0,20260626,S006
93223005,1126,800,1,20260626,S006
93224005,1127,100,2,20260626,S006
93225005,1128,200,0,20260626,S006
93226005,1129,300,1,20260626,S006
93227005,1130,400,2,20260626,S006
93228005,1131,500,0,20260626,S006
93229005,1132,600,1,20260626,S006
93230005,1133,700,2,20260626,S006
93231005,1123,800,0,20260626,S006
93232005,1124,100,1,20260626,S006
93233005,1125,200,2,20260626,S006
93234005,1126,300,0,20260626,S006
93235005,1127,400,1,20260626,S006
93236005,1128,500,2,20260626,S006
93237005,1129,600,0,20260626,S006
93238005,1130,700,1,20260626,S006
93239005,1131,800,2,20260626,S006
93240005,1132,100,0,20260626,S006
93241005,1133,200,1,20260626,S006
93242005,1123,300,2,20260626,S006
93243005,1124,400,0,20260626,S006
93244005,1125,500,1,20260626,S006
93245005,1126,600,2,20260626,S006
93246005,1127,700,0,20260626,S006
93247005,1128,800,1,20260626,S006
93248005,1129,100,2,20260626,S006
93249005,1130,200,0,20260626,S006
93000006,1148,100,0,20260626,S007
93001006,1149,200,1,20260626,S007
93002006,1150,300,2,20260626,S007
93003006,1151,400,0,20260626,S007
93004006,1152,500,1,20260626,S007
93005006,1153,600,2,20260626,S007
93006006,1154,700,0,20260626,S007
93007006,1155,800,1,20260626,S007
93008006,1156,100,2,20260626,S007
93009006,1157,200,0,20260626,S007
93010006,1158,300,1,20260626,S007
93011006,1148,400,2,20260626,S007
93012006,1149,500,0,20260626,S007
93013006,1150,600,1,20260626,S007
93014006,1151,700,2,20260626,S007
93015006,1152,800,0,20260626,S007
93016006,1153,100,1,20260626,S007
93017006,1154,200,2,20260626,S007
93018006,1155,300,0,20260626,S007
93019006,1156,400,1,20260626,S007
93020006,1157,500,2,20260626,S007
93021006,1158,600,0,20260626,S007
93022006,1148,700,1,20260626,S007
93023006,1149,800,2,20260626,S007
93024006,1150,100,0,20260626,S007
93025006,1151,200,1,20260626,S007
93026006,1152,300,2,20260626,S007
93027006,1153,400,0,20260626,S007
93028006,1154,500,1,20260626,S007
93029006,1155,600,2,20260626,S007
93030006,1156,700,0,20260626,S007
93031006,1157,800,1,20260626,S007
93032006,1158,100,2,20260626,S007
93033006,1148,200,0,20260626,S007
93034006,1149,300,1,20260626,S007
93035006,1150,400,2,20260626,S007
93036006,1151,500,0,20260626,S007
93037006,1152,600,1,20260626,S007
93038006,1153,700,2,20260626,S007
93039006,1154,800,0,20260626,S007
93040006,1155,100,1,20260626,S007
93041006,1156,200,2,20260626,S007
93042006,1157,300,0,20260626,S007
93043006,1158,400,1,20260626,S007
93044006,1148,500,2,20260626,S007
93045006,1149,600,0,20260626,S007
93046006,1150,700,1,20260626,S007
93047006,1151,800,2,20260626,S007
93048006,1152,100,0,20260626,S007
93049006,1153,200,1,20260626,S007
93050006,1154,300,2,20260626,S007
93051006,1155,400,0,20260626,S007
93052006,1156,500,1,20260626,S007
93053006,1157,600,2,20260626,S007
93054006,1158,700,0,20260626,S007
93055006,1148,800,1,20260626,S007
93056006,1149,100,2,20260626,S007
93057006,1150,200,0,20260626,S007
93058006,1151,300,1,20260626,S007
93059006,1152,400,2,20260626,S007
93060006,1153,500,0,20260626,S007
93061006,1154,600,1,20260626,S007
93062006,1155,700,2,20260626,S007
93063006,1156,800,0,20260626,S007
93064006,1157,100,1,20260626,S007
93065006,1158,200,2,20260626,S007
93066006,1148,300,0,20260626,S007
93067006,1149,400,1,20260626,S007
93068006,1150,500,2,20260626,S007
93069006,1151,600,0,20260626,S007
93070006,1152,700,1,20260626,S007
93071006,1153,800,2,20260626,S007
93072006,1154,100,0,20260626,S007
93073006,1155,200,1,20260626,S007
93074006,1156,300,2,20260626,S007
93075006,1157,400,0,20260626,S007
93076006,1158,500,1,20260626,S007
93077006,1148,600,2,20260626,S007
93078006,1149,700,0,20260626,S007
93079006,1150,800,1,20260626,S007
93080006,1151,100,2,20260626,S007
93081006,1152,200,0,20260626,S007
93082006,1153,300,1,20260626,S007
93083006,1154,400,2,20260626,S007
93084006,1155,500,0,20260626,S007
93085006,1156,600,1,20260626,S007
93086006,1157,700,2,20260626,S007
93087006,1158,800,0,20260626,S007
93088006,1148,100,1,20260626,S007
93089006,1149,200,2,20260626,S007
93090006,1150,300,0,20260626,S007
93091006,1151,400,1,20260626,S007
93092006,1152,500,2,20260626,S007
93093006,1153,600,0,20260626,S007
93094006,1154,700,1,20260626,S007
93095006,1155,800,2,20260626,S007
93096006,1156,100,0,20260626,S007
93097006,1157,200,1,20260626,S007
93098006,1158,300,2,20260626,S007
93099006,1148,400,0,20260626,S007
93100006,1149,500,1,20260626,S007
93101006,1150,600,2,20260626,S007
93102006,1151,700,0,20260626,S007
93103006,1152,800,1,20260626,S007
93104006,1153,100,2,20260626,S007
93105006,1154,200,0,20260626,S007
93106006,1155,300,1,20260626,S007
93107006,1156,400,2,20260626,S007
93108006,1157,500,0,20260626,S007
93109006,1158,600,1,20260626,S007
93110006,1148,700,2,20260626,S007
93111006,1149,800,0,20260626,S007
93112006,1150,100,1,20260626,S007
93113006,1151,200,2,20260626,S007
93114006,1152,300,0,20260626,S007
93115006,1153,400,1,20260626,S007
93116006,1154,500,2,20260626,S007
93117006,1155,600,0,20260626,S007
93118006,1156,700,1,20260626,S007
93119006,1157,800,2,20260626,S007
93120006,1158,100,0,20260626,S007
93121006,1148,200,1,20260626,S007
93122006,1149,300,2,20260626,S007
93123006,1150,400,0,20260626,S007
93124006,1151,500,1,20260626,S007
93125006,1152,600,2,20260626,S007
93126006,1153,700,0,20260626,S007
93127006,1154,800,1,20260626,S007
93128006,1155,100,2,20260626,S007
93129006,1156,200,0,20260626,S007
93130006,1157,300,1,20260626,S007
93131006,1158,400,2,20260626,S007
93132006,1148,500,0,20260626,S007
93133006,1149,600,1,20260626,S007
93134006,1150,700,2,20260626,S007
93135006,1151,800,0,20260626,S007
93136006,1152,100,1,20260626,S007
93137006,1153,200,2,20260626,S007
93138006,1154,300,0,20260626,S007
93139006,1155,400,1,20260626,S007
93140006,1156,500,2,20260626,S007
93141006,1157,600,0,20260626,S007
93142006,1158,700,1,20260626,S007
93143006,1148,800,2,20260626,S007
93144006,1149,100,0,20260626,S007
93145006,1150,200,1,20260626,S007
93146006,1151,300,2,20260626,S007
93147006,1152,400,0,20260626,S007
93148006,1153,500,1,20260626,S007
93149006,1154,600,2,20260626,S007
93150006,1155,700,0,20260626,S007
93151006,1156,800,1,20260626,S007
93152006,1157,100,2,20260626,S007
93153006,1158,200,0,20260626,S007
93154006,1148,300,1,20260626,S007
93155006,1149,400,2,20260626,S007
93156006,1150,500,0,20260626,S007
93157006,1151,600,1,20260626,S007
93158006,1152,700,2,20260626,S007
93159006,1153,800,0,20260626,S007
93160006,1154,100,1,20260626,S007
93161006,1155,200,2,20260626,S007
93162006,1156,300,0,20260626,S007
93163006,1157,400,1,20260626,S007
93164006,1158,500,2,20260626,S007
93165006,1148,600,0,20260626,S007
93166006,1149,700,1,20260626,S007
93167006,1150,800,2,20260626,S007
93168006,1151,100,0,20260626,S007
93169006,1152,200,1,20260626,S007
93170006,1153,300,2,20260626,S007
93171006,1154,400,0,20260626,S007
93172006,1155,500,1,20260626,S007
93173006,1156,600,2,20260626,S007
93174006,1157,700,0,20260626,S007
93175006,1158,800,1,20260626,S007
93176006,1148,100,2,20260626,S007
93177006,1149,200,0,20260626,S007
93178006,1150,300,1,20260626,S007
93179006,1151,400,2,20260626,S007
93180006,1152,500,0,20260626,S007
93181006,1153,600,1,20260626,S007
93182006,1154,700,2,20260626,S007
93183006,1155,800,0,20260626,S007
93184006,1156,100,1,20260626,S007
93185006,1157,200,2,20260626,S007
93186006,1158,300,0,20260626,S007
93187006,1148,400,1,20260626,S007
93188006,1149,500,2,20260626,S007
93189006,1150,600,0,20260626,S007
93190006,1151,700,1,20260626,S007
93191006,1152,800,2,20260626,S007
93192006,1153,100,0,20260626,S007
93193006,1154,200,1,20260626,S007
93194006,1155,300,2,20260626,S007
93195006,1156,400,0,20260626,S007
93196006,1157,500,1,20260626,S007
93197006,1158,600,2,20260626,S007
93198006,1148,700,0,20260626,S007
93199006,1149,800,1,20260626,S007
93200006,1150,100,2,20260626,S007
93201006,1151,200,0,20260626,S007
93202006,1152,300,1,20260626,S007
93203006,1153,400,2,20260626,S007
93204006,1154,500,0,20260626,S007
93205006,1155,600,1,20260626,S007
93206006,1156,700,2,20260626,S007
93207006,1157,800,0,20260626,S007
93208006,1158,100,1,20260626,S007
93209006,1148,200,2,20260626,S007
93210006,1149,300,0,20260626,S007
93211006,1150,400,1,20260626,S007
93212006,1151,500,2,20260626,S007
93213006,1152,600,0,20260626,S007
93214006,1153,700,1,20260626,S007
93215006,1154,800,2,20260626,S007
93216006,1155,100,0,20260626,S007
93217006,1156,200,1,20260626,S007
93218006,1157,300,2,20260626,S007
93219006,1158,400,0,20260626,S007
93220006,1148,500,1,20260626,S007
93221006,1149,600,2,20260626,S007
93222006,1150,700,0,20260626,S007
93223006,1151,800,1,20260626,S007
93224006,1152,100,2,20260626,S007
93225006,1153,200,0,20260626,S007
93226006,1154,300,1,20260626,S007
93227006,1155,400,2,20260626,S007
93228006,1156,500,0,20260626,S007
93229006,1157,600,1,20260626,S007
93230006,1158,700,2,20260626,S007
93231006,1148,800,0,20260626,S007
93232006,1149,100,1,20260626,S007
93233006,1150,200,2,20260626,S007
93234006,1151,300,0,20260626,S007
93235006,1152,400,1,20260626,S007
93236006,1153,500,2,20260626,S007
93237006,1154,600,0,20260626,S007
93238006,1155,700,1,20260626,S007
93239006,1156,800,2,20260626,S007
93240006,1157,100,0,20260626,S007
93241006,1158,200,1,20260626,S007
93242006,1148,300,2,20260626,S007
93243006,1149,400,0,20260626,S007
93244006,1150,500,1,20260626,S007
93245006,1151,600,2,20260626,S007
93246006,1152,700,0,20260626,S007
93247006,1153,800,1,20260626,S007
93248006,1154,100,2,20260626,S007
93249006,1155,200,0,20260626,S007
93000007,1173,100,0,20260626,S008
93001007,1174,200,1,20260626,S008
93002007,1175,300,2,20260626,S008
93003007,1176,400,0,20260626,S008
93004007,1177,500,1,20260626,S008
93005007,1178,600,2,20260626,S008
93006007,1179,700,0,20260626,S008
93007007,1180,800,1,20260626,S008
93008007,1181,100,2,20260626,S008
93009007,1182,200,0,20260626,S008
93010007,1183,300,1,20260626,S008
93011007,1173,400,2,20260626,S008
93012007,1174,500,0,20260626,S008
93013007,1175,600,1,20260626,S008
93014007,1176,700,2,20260626,S008
93015007,1177,800,0,20260626,S008
93016007,1178,100,1,20260626,S008
93017007,1179,200,2,20260626,S008
93018007,1180,300,0,20260626,S008
93019007,1181,400,1,20260626,S008
93020007,1182,500,2,20260626,S008
93021007,1183,600,0,20260626,S008
93022007,1173,700,1,20260626,S008
93023007,1174,800,2,20260626,S008
93024007,1175,100,0,20260626,S008
93025007,1176,200,1,20260626,S008
93026007,1177,300,2,20260626,S008
93027007,1178,400,0,20260626,S008
93028007,1179,500,1,20260626,S008
93029007,1180,600,2,20260626,S008
93030007,1181,700,0,20260626,S008
93031007,1182,800,1,20260626,S008
93032007,1183,100,2,20260626,S008
93033007,1173,200,0,20260626,S008
93034007,1174,300,1,20260626,S008
93035007,1175,400,2,20260626,S008
93036007,1176,500,0,20260626,S008
93037007,1177,600,1,20260626,S008
93038007,1178,700,2,20260626,S008
93039007,1179,800,0,20260626,S008
93040007,1180,100,1,20260626,S008
93041007,1181,200,2,20260626,S008
93042007,1182,300,0,20260626,S008
93043007,1183,400,1,20260626,S008
93044007,1173,500,2,20260626,S008
93045007,1174,600,0,20260626,S008
93046007,1175,700,1,20260626,S008
93047007,1176,800,2,20260626,S008
93048007,1177,100,0,20260626,S008
93049007,1178,200,1,20260626,S008
93050007,1179,300,2,20260626,S008
93051007,1180,400,0,20260626,S008
93052007,1181,500,1,20260626,S008
93053007,1182,600,2,20260626,S008
93054007,1183,700,0,20260626,S008
93055007,1173,800,1,20260626,S008
93056007,1174,100,2,20260626,S008
93057007,1175,200,0,20260626,S008
93058007,1176,300,1,20260626,S008
93059007,1177,400,2,20260626,S008
93060007,1178,500,0,20260626,S008
93061007,1179,600,1,20260626,S008
93062007,1180,700,2,20260626,S008
93063007,1181,800,0,20260626,S008
93064007,1182,100,1,20260626,S008
93065007,1183,200,2,20260626,S008
93066007,1173,300,0,20260626,S008
93067007,1174,400,1,20260626,S008
93068007,1175,500,2,20260626,S008
93069007,1176,600,0,20260626,S008
93070007,1177,700,1,20260626,S008
93071007,1178,800,2,20260626,S008
93072007,1179,100,0,20260626,S008
93073007,1180,200,1,20260626,S008
93074007,1181,300,2,20260626,S008
93075007,1182,400,0,20260626,S008
93076007,1183,500,1,20260626,S008
93077007,1173,600,2,20260626,S008
93078007,1174,700,0,20260626,S008
93079007,1175,800,1,20260626,S008
93080007,1176,100,2,20260626,S008
93081007,1177,200,0,20260626,S008
93082007,1178,300,1,20260626,S008
93083007,1179,400,2,20260626,S008
93084007,1180,500,0,20260626,S008
93085007,1181,600,1,20260626,S008
93086007,1182,700,2,20260626,S008
93087007,1183,800,0,20260626,S008
93088007,1173,100,1,20260626,S008
93089007,1174,200,2,20260626,S008
93090007,1175,300,0,20260626,S008
93091007,1176,400,1,20260626,S008
93092007,1177,500,2,20260626,S008
93093007,1178,600,0,20260626,S008
93094007,1179,700,1,20260626,S008
93095007,1180,800,2,20260626,S008
93096007,1181,100,0,20260626,S008
93097007,1182,200,1,20260626,S008
93098007,1183,300,2,20260626,S008
93099007,1173,400,0,20260626,S008
93100007,1174,500,1,20260626,S008
93101007,1175,600,2,20260626,S008
93102007,1176,700,0,20260626,S008
93103007,1177,800,1,20260626,S008
93104007,1178,100,2,20260626,S008
93105007,1179,200,0,20260626,S008
93106007,1180,300,1,20260626,S008
93107007,1181,400,2,20260626,S008
93108007,1182,500,0,20260626,S008
93109007,1183,600,1,20260626,S008
93110007,1173,700,2,20260626,S008
93111007,1174,800,0,20260626,S008
93112007,1175,100,1,20260626,S008
93113007,1176,200,2,20260626,S008
93114007,1177,300,0,20260626,S008
93115007,1178,400,1,20260626,S008
93116007,1179,500,2,20260626,S008
93117007,1180,600,0,20260626,S008
93118007,1181,700,1,20260626,S008
93119007,1182,800,2,20260626,S008
93120007,1183,100,0,20260626,S008
93121007,1173,200,1,20260626,S008
93122007,1174,300,2,20260626,S008
93123007,1175,400,0,20260626,S008
93124007,1176,500,1,20260626,S008
93125007,1177,600,2,20260626,S008
93126007,1178,700,0,20260626,S008
93127007,1179,800,1,20260626,S008
93128007,1180,100,2,20260626,S008
93129007,1181,200,0,20260626,S008
93130007,1182,300,1,20260626,S008
93131007,1183,400,2,20260626,S008
93132007,1173,500,0,20260626,S008
93133007,1174,600,1,20260626,S008
93134007,1175,700,2,20260626,S008
93135007,1176,800,0,20260626,S008
93136007,1177,100,1,20260626,S008
93137007,1178,200,2,20260626,S008
93138007,1179,300,0,20260626,S008
93139007,1180,400,1,20260626,S008
93140007,1181,500,2,20260626,S008
93141007,1182,600,0,20260626,S008
93142007,1183,700,1,20260626,S008
93143007,1173,800,2,20260626,S008
93144007,1174,100,0,20260626,S008
93145007,1175,200,1,20260626,S008
93146007,1176,300,2,20260626,S008
93147007,1177,400,0,20260626,S008
93148007,1178,500,1,20260626,S008
93149007,1179,600,2,20260626,S008
93150007,1180,700,0,20260626,S008
93151007,1181,800,1,20260626,S008
93152007,1182,100,2,20260626,S008
93153007,1183,200,0,20260626,S008
93154007,1173,300,1,20260626,S008
93155007,1174,400,2,20260626,S008
93156007,1175,500,0,20260626,S008
93157007,1176,600,1,20260626,S008
93158007,1177,700,2,20260626,S008
93159007,1178,800,0,20260626,S008
93160007,1179,100,1,20260626,S008
93161007,1180,200,2,20260626,S008
93162007,1181,300,0,20260626,S008
93163007,1182,400,1,20260626,S008
93164007,1183,500,2,20260626,S008
93165007,1173,600,0,20260626,S008
93166007,1174,700,1,20260626,S008
93167007,1175,800,2,20260626,S008
93168007,1176,100,0,20260626,S008
93169007,1177,200,1,20260626,S008
93170007,1178,300,2,20260626,S008
93171007,1179,400,0,20260626,S008
93172007,1180,500,1,20260626,S008
93173007,1181,600,2,20260626,S008
93174007,1182,700,0,20260626,S008
93175007,1183,800,1,20260626,S008
93176007,1173,100,2,20260626,S008
93177007,1174,200,0,20260626,S008
93178007,1175,300,1,20260626,S008
93179007,1176,400,2,20260626,S008
93180007,1177,500,0,20260626,S008
93181007,1178,600,1,20260626,S008
93182007,1179,700,2,20260626,S008
93183007,1180,800,0,20260626,S008
93184007,1181,100,1,20260626,S008
93185007,1182,200,2,20260626,S008
93186007,1183,300,0,20260626,S008
93187007,1173,400,1,20260626,S008
93188007,1174,500,2,20260626,S008
93189007,1175,600,0,20260626,S008
93190007,1176,700,1,20260626,S008
93191007,1177,800,2,20260626,S008
93192007,1178,100,0,20260626,S008
93193007,1179,200,1,20260626,S008
93194007,1180,300,2,20260626,S008
93195007,1181,400,0,20260626,S008
93196007,1182,500,1,20260626,S008
93197007,1183,600,2,20260626,S008
93198007,1173,700,0,20260626,S008
93199007,1174,800,1,20260626,S008
93200007,1175,100,2,20260626,S008
93201007,1176,200,0,20260626,S008
93202007,1177,300,1,20260626,S008
93203007,1178,400,2,20260626,S008
93204007,1179,500,0,20260626,S008
93205007,1180,600,1,20260626,S008
93206007,1181,700,2,20260626,S008
93207007,1182,800,0,20260626,S008
93208007,1183,100,1,20260626,S008
93209007,1173,200,2,20260626,S008
93210007,1174,300,0,20260626,S008
93211007,1175,400,1,20260626,S008
93212007,1176,500,2,20260626,S008
93213007,1177,600,0,20260626,S008
93214007,1178,700,1,20260626,S008
93215007,1179,800,2,20260626,S008
93216007,1180,100,0,20260626,S008
93217007,1181,200,1,20260626,S008
93218007,1182,300,2,20260626,S008
93219007,1183,400,0,20260626,S008
93220007,1173,500,1,20260626,S008
93221007,1174,600,2,20260626,S008
93222007,1175,700,0,20260626,S008
93223007,1176,800,1,20260626,S008
93224007,1177,100,2,20260626,S008
93225007,1178,200,0,20260626,S008
93226007,1179,300,1,20260626,S008
93227007,1180,400,2,20260626,S008
93228007,1181,500,0,20260626,S008
93229007,1182,600,1,20260626,S008
93230007,1183,700,2,20260626,S008
93231007,1173,800,0,20260626,S008
93232007,1174,100,1,20260626,S008
93233007,1175,200,2,20260626,S008
93234007,1176,300,0,20260626,S008
93235007,1177,400,1,20260626,S008
93236007,1178,500,2,20260626,S008
93237007,1179,600,0,20260626,S008
93238007,1180,700,1,20260626,S008
93239007,1181,800,2,20260626,S008
93240007,1182,100,0,20260626,S008
93241007,1183,200,1,20260626,S008
93242007,1173,300,2,20260626,S008
93243007,1174,400,0,20260626,S008
93244007,1175,500,1,20260626,S008
93245007,1176,600,2,20260626,S008
93246007,1177,700,0,20260626,S008
93247007,1178,800,1,20260626,S008
93248007,1179,100,2,20260626,S008
93249007,1180,200,0,20260626,S008
93000000,1001,100,0,20260627,S001
93001000,1002,200,1,20260627,S001
93002000,1003,300,2,20260627,S001
93003000,1004,400,0,20260627,S001
93004000,1005,500,1,20260627,S001
93005000,1006,600,2,20260627,S001
93006000,1007,700,0,20260627,S001
93007000,1008,800,1,20260627,S001
93008000,1009,100,2,20260627,S001
93009000,1010,200,0,20260627,S001
93010000,1011,300,1,20260627,S001
93011000,1001,400,2,20260627,S001
93012000,1002,500,0,20260627,S001
93013000,1003,600,1,20260627,S001
93014000,1004,700,2,20260627,S001
93015000,1005,800,0,20260627,S001
93016000,1006,100,1,20260627,S001
93017000,1007,200,2,20260627,S001
93018000,1008,300,0,20260627,S001
93019000,1009,400,1,20260627,S001
93020000,1010,500,2,20260627,S001
93021000,1011,600,0,20260627,S001
93022000,1001,700,1,20260627,S001
93023000,1002,800,2,20260627,S001
93024000,1003,100,0,20260627,S001
93025000,1004,200,1,20260627,S001
93026000,1005,300,2,20260627,S001
93027000,1006,400,0,20260627,S001
93028000,1007,500,1,20260627,S001
93029000,1008,600,2,20260627,S001
93030000,1009,700,0,20260627,S001
93031000,1010,800,1,20260627,S001
93032000,1011,100,2,20260627,S001
93033000,1001,200,0,20260627,S001
93034000,1002,300,1,20260627,S001
93035000,1003,400,2,20260627,S001
93036000,1004,500,0,20260627,S001
93037000,1005,600,1,20260627,S001
93038000,1006,700,2,20260627,S001
93039000,1007,800,0,20260627,S001
93040000,1008,100,1,20260627,S001
93041000,1009,200,2,20260627,S001
93042000,1010,300,0,20260627,S001
93043000,1011,400,1,20260627,S001
93044000,1001,500,2,20260627,S001
93045000,1002,600,0,20260627,S001
93046000,1003,700,1,20260627,S001
93047000,1004,800,2,20260627,S001
93048000,1005,100,0,20260627,S001
93049000,1006,200,1,20260627,S001
93050000,1007,300,2,20260627,S001
93051000,1008,400,0,20260627,S001
93052000,1009,500,1,20260627,S001
93053000,1010,600,2,20260627,S001
93054000,1011,700,0,20260627,S001
93055000,1001,800,1,20260627,S001
93056000,1002,100,2,20260627,S001
93057000,1003,200,0,20260627,S001
93058000,1004,300,1,20260627,S001
93059000,1005,400,2,20260627,S001
93060000,1006,500,0,20260627,S001
93061000,1007,600,1,20260627,S001
93062000,1008,700,2,20260627,S001
93063000,1009,800,0,20260627,S001
93064000,1010,100,1,20260627,S001
93065000,1011,200,2,20260627,S001
93066000,1001,300,0,20260627,S001
93067000,1002,400,1,20260627,S001
93068000,1003,500,2,20260627,S001
93069000,1004,600,0,20260627,S001
93070000,1005,700,1,20260627,S001
93071000,1006,800,2,20260627,S001
93072000,1007,100,0,20260627,S001
93073000,1008,200,1,20260627,S001
93074000,1009,300,2,20260627,S001
93075000,1010,400,0,20260627,S001
93076000,1011,500,1,20260627,S001
93077000,1001,600,2,20260627,S001
93078000,1002,700,0,20260627,S001
93079000,1003,800,1,20260627,S001
93080000,1004,100,2,20260627,S001
93081000,1005,200,0,20260627,S001
93082000,1006,300,1,20260627,S001
93083000,1007,400,2,20260627,S001
93084000,1008,500,0,20260627,S001
93085000,1009,600,1,20260627,S001
93086000,1010,700,2,20260627,S001
93087000,1011,800,0,20260627,S001
93088000,1001,100,1,20260627,S001
93089000,1002,200,2,20260627,S001
93090000,1003,300,0,20260627,S001
93091000,1004,400,1,20260627,S001
93092000,1005,500,2,20260627,S001
93093000,1006,600,0,20260627,S001
93094000,1007,700,1,20260627,S001
93095000,1008,800,2,20260627,S001
93096000,1009,100,0,20260627,S001
93097000,1010,200,1,20260627,S001
93098000,1011,300,2,20260627,S001
93099000,1001,400,0,20260627,S001
93100000,1002,500,1,20260627,S001
93101000,1003,600,2,20260627,S001
93102000,1004,700,0,20260627,S001
93103000,1005,800,1,20260627,S001
93104000,1006,100,2,20260627,S001
93105000,1007,200,0,20260627,S001
93106000,1008,300,1,20260627,S001
93107000,1009,400,2,20260627,S001
93108000,1010,500,0,20260627,S001
93109000,1011,600,1,20260627,S001
93110000,1001,700,2,20260627,S001
93111000,1002,800,0,20260627,S001
93112000,1003,100,1,20260627,S001
93113000,1004,200,2,20260627,S001
93114000,1005,300,0,20260627,S001
93115000,1006,400,1,20260627,S001
93116000,1007,500,2,20260627,S001
93117000,1008,600,0,20260627,S001
93118000,1009,700,1,20260627,S001
93119000,1010,800,2,20260627,S001
93120000,1011,100,0,20260627,S001
93121000,1001,200,1,20260627,S001
93122000,1002,300,2,20260627,S001
93123000,1003,400,0,20260627,S001
93124000,1004,500,1,20260627,S001
93125000,1005,600,2,20260627,S001
93126000,1006,700,0,20260627,S001
93127000,1007,800,1,20260627,S001
93128000,1008,100,2,20260627,S001
93129000,1009,200,0,20260627,S001
93130000,1010,300,1,20260627,S001
93131000,1011,400,2,20260627,S001
93132000,1001,500,0,20260627,S001
93133000,1002,600,1,20260627,S001
93134000,1003,700,2,20260627,S001
93135000,1004,800,0,20260627,S001
93136000,1005,100,1,20260627,S001
93137000,1006,200,2,20260627,S001
93138000,1007,300,0,20260627,S001
93139000,1008,400,1,20260627,S001
93140000,1009,500,2,20260627,S001
93141000,1010,600,0,20260627,S001
93142000,1011,700,1,20260627,S001
93143000,1001,800,2,20260627,S001
93144000,1002,100,0,20260627,S001
93145000,1003,200,1,20260627,S001
93146000,1004,300,2,20260627,S001
93147000,1005,400,0,20260627,S001
93148000,1006,500,1,20260627,S001
93149000,1007,600,2,20260627,S001
93150000,1008,700,0,20260627,S001
93151000,1009,800,1,20260627,S001
93152000,1010,100,2,20260627,S001
93153000,1011,200,0,20260627,S001
93154000,1001,300,1,20260627,S001
93155000,1002,400,2,20260627,S001
93156000,1003,500,0,20260627,S001
93157000,1004,600,1,20260627,S001
93158000,1005,700,2,20260627,S001
93159000,1006,800,0,20260627,S001
93160000,1007,100,1,20260627,S001
93161000,1008,200,2,20260627,S001
93162000,1009,300,0,20260627,S001
93163000,1010,400,1,20260627,S001
93164000,1011,500,2,20260627,S001
93165000,1001,600,0,20260627,S001
93166000,1002,700,1,20260627,S001
93167000,1003,800,2,20260627,S001
93168000,1004,100,0,20260627,S001
93169000,1005,200,1,20260627,S001
93170000,1006,300,2,20260627,S001
93171000,1007,400,0,20260627,S001
93172000,1008,500,1,20260627,S001
93173000,1009,600,2,20260627,S001
93174000,1010,700,0,20260627,S001
93175000,1011,800,1,20260627,S001
93176000,1001,100,2,20260627,S001
93177000,1002,200,0,20260627,S001
93178000,1003,300,1,20260627,S001
93179000,1004,400,2,20260627,S001
93180000,1005,500,0,20260627,S001
93181000,1006,600,1,20260627,S001
93182000,1007,700,2,20260627,S001
93183000,1008,800,0,20260627,S001
93184000,1009,100,1,20260627,S001
93185000,1010,200,2,20260627,S001
93186000,1011,300,0,20260627,S001
93187000,1001,400,1,20260627,S001
93188000,1002,500,2,20260627,S001
93189000,1003,600,0,20260627,S001
93190000,1004,700,1,20260627,S001
93191000,1005,800,2,20260627,S001
93192000,1006,100,0,20260627,S001
93193000,1007,200,1,20260627,S001
93194000,1008,300,2,20260627,S001
93195000,1009,400,0,20260627,S001
93196000,1010,500,1,20260627,S001
93197000,1011,600,2,20260627,S001
93198000,1001,700,0,20260627,S001
93199000,1002,800,1,20260627,S001
93200000,1003,100,2,20260627,S001
93201000,1004,200,0,20260627,S001
93202000,1005,300,1,20260627,S001
93203000,1006,400,2,20260627,S001
93204000,1007,500,0,20260627,S001
93205000,1008,600,1,20260627,S001
93206000,1009,700,2,20260627,S001
93207000,1010,800,0,20260627,S001
93208000,1011,100,1,20260627,S001
93209000,1001,200,2,20260627,S001
93210000,1002,300,0,20260627,S001
93211000,1003,400,1,20260627,S001
93212000,1004,500,2,20260627,S001
93213000,1005,600,0,20260627,S001
93214000,1006,700,1,20260627,S001
93215000,1007,800,2,20260627,S001
93216000,1008,100,0,20260627,S001
93217000,1009,200,1,20260627,S001
93218000,1010,300,2,20260627,S001
93219000,1011,400,0,20260627,S001
93220000,1001,500,1,20260627,S001
93221000,1002,600,2,20260627,S001
93222000,1003,700,0,20260627,S001
93223000,1004,800,1,20260627,S001
93224000,1005,100,2,20260627,S001
93225000,1006,200,0,20260627,S001
93226000,1007,300,1,20260627,S001
93227000,1008,400,2,20260627,S001
93228000,1009,500,0,20260627,S001
93229000,1010,600,1,20260627,S001
93230000,1011,700,2,20260627,S001
93231000,1001,800,0,20260627,S001
93232000,1002,100,1,20260627,S001
93233000,1003,200,2,20260627,S001
93234000,1004,300,0,20260627,S001
93235000,1005,400,1,20260627,S001
93236000,1006,500,2,20260627,S001
93237000,1007,600,0,20260627,S001
93238000,1008,700,1,20260627,S001
93239000,1009,800,2,20260627,S001
93240000,1010,100,0,20260627,S001
93241000,1011,200,1,20260627,S001
93242000,1001,300,2,20260627,S001
93243000,1002,400,0,20260627,S001
93244000,1003,500,1,20260627,S001
93245000,1004,600,2,20260627,S001
93246000,1005,700,0,20260627,S001
93247000,1006,800,1,20260627,S001
93248000,1007,100,2,20260627,S001
93249000,1008,200,0,20260627,S001
93000001,1026,100,0,20260627,S002
93001001,1027,200,1,20260627,S002
93002001,1028,300,2,20260627,S002
93003001,1029,400,0,20260627,S002
93004001,1030,500,1,20260627,S002
93005001,1031,600,2,20260627,S002
93006001,1032,700,0,20260627,S002
93007001,1033,800,1,20260627,S002
93008001,1034,100,2,20260627,S002
93009001,1035,200,0,20260627,S002
93010001,1036,300,1,20260627,S002
93011001,1026,400,2,20260627,S002
93012001,1027,500,0,20260627,S002
93013001,1028,600,1,20260627,S002
93014001,1029,700,2,20260627,S002
93015001,1030,800,0,20260627,S002
93016001,1031,100,1,20260627,S002
93017001,1032,200,2,20260627,S002
93018001,1033,300,0,20260627,S002
93019001,1034,400,1,20260627,S002
93020001,1035,500,2,20260627,S002
93021001,1036,600,0,20260627,S002
93022001,1026,700,1,20260627,S002
93023001,1027,800,2,20260627,S002
93024001,1028,100,0,20260627,S002
93025001,1029,200,1,20260627,S002
93026001,1030,300,2,20260627,S002
93027001,1031,400,0,20260627,S002
93028001,1032,500,1,20260627,S002
93029001,1033,600,2,20260627,S002
93030001,1034,700,0,20260627,S002
93031001,1035,800,1,20260627,S002
93032001,1036,100,2,20260627,S002
93033001,1026,200,0,20260627,S002
93034001,1027,300,1,20260627,S002
93035001,1028,400,2,20260627,S002
93036001,1029,500,0,20260627,S002
93037001,1030,600,1,20260627,S002
93038001,1031,700,2,20260627,S002
93039001,1032,800,0,20260627,S002
93040001,1033,100,1,20260627,S002
93041001,1034,200,2,20260627,S002
93042001,1035,300,0,20260627,S002
93043001,1036,400,1,20260627,S002
93044001,1026,500,2,20260627,S002
93045001,1027,600,0,20260627,S002
93046001,1028,700,1,20260627,S002
93047001,1029,800,2,20260627,S002
93048001,1030,100,0,20260627,S002
93049001,1031,200,1,20260627,S002
93050001,1032,300,2,20260627,S002
93051001,1033,400,0,20260627,S002
93052001,1034,500,1,20260627,S002
93053001,1035,600,2,20260627,S002
93054001,1036,700,0,20260627,S002
93055001,1026,800,1,20260627,S002
93056001,1027,100,2,20260627,S002
93057001,1028,200,0,20260627,S002
93058001,1029,300,1,20260627,S002
93059001,1030,400,2,20260627,S002
93060001,1031,500,0,20260627,S002
93061001,1032,600,1,20260627,S002
93062001,1033,700,2,20260627,S002
93063001,1034,800,0,20260627,S002
93064001,1035,100,1,20260627,S002
93065001,1036,200,2,20260627,S002
93066001,1026,300,0,20260627,S002
93067001,1027,400,1,20260627,S002
93068001,1028,500,2,20260627,S002
93069001,1029,600,0,20260627,S002
93070001,1030,700,1,20260627,S002
93071001,1031,800,2,20260627,S002
93072001,1032,100,0,20260627,S002
93073001,1033,200,1,20260627,S002
93074001,1034,300,2,20260627,S002
93075001,1035,400,0,20260627,S002
93076001,1036,500,1,20260627,S002
93077001,1026,600,2,20260627,S002
93078001,1027,700,0,20260627,S002
93079001,1028,800,1,20260627,S002
93080001,1029,100,2,20260627,S002
93081001,1030,200,0,20260627,S002
93082001,1031,300,1,20260627,S002
93083001,1032,400,2,20260627,S002
93084001,1033,500,0,20260627,S002
93085001,1034,600,1,20260627,S002
93086001,1035,700,2,20260627,S002
93087001,1036,800,0,20260627,S002
93088001,1026,100,1,20260627,S002
93089001,1027,200,2,20260627,S002
93090001,1028,300,0,20260627,S002
93091001,1029,400,1,20260627,S002
93092001,1030,500,2,20260627,S002
93093001,1031,600,0,20260627,S002
93094001,1032,700,1,20260627,S002
93095001,1033,800,2,20260627,S002
93096001,1034,100,0,20260627,S002
93097001,1035,200,1,20260627,S002
93098001,1036,300,2,20260627,S002
93099001,1026,400,0,20260627,S002
93100001,1027,500,1,20260627,S002
93101001,1028,600,2,20260627,S002
93102001,1029,700,0,20260627,S002
93103001,1030,800,1,20260627,S002
93104001,1031,100,2,20260627,S002
93105001,1032,200,0,20260627,S002
93106001,1033,300,1,20260627,S002
93107001,1034,400,2,20260627,S002
93108001,1035,500,0,20260627,S002
93109001,1036,600,1,20260627,S002
93110001,1026,700,2,20260627,S002
93111001,1027,800,0,20260627,S002
93112001,1028,100,1,20260627,S002
93113001,1029,200,2,20260627,S002
93114001,1030,300,0,20260627,S002
93115001,1031,400,1,20260627,S002
93116001,1032,500,2,20260627,S002
93117001,1033,600,0,20260627,S002
93118001,1034,700,1,20260627,S002
93119001,1035,800,2,20260627,S002
93120001,1036,100,0,20260627,S002
93121001,1026,200,1,20260627,S002
93122001,1027,300,2,20260627,S002
93123001,1028,400,0,20260627,S002
93124001,1029,500,1,20260627,S002
93125001,1030,600,2,20260627,S002
93126001,1031,700,0,20260627,S002
93127001,1032,800,1,20260627,S002
93128001,1033,100,2,20260627,S002
93129001,1034,200,0,20260627,S002
93130001,1035,300,1,20260627,S002
93131001,1036,400,2,20260627,S002
93132001,1026,500,0,20260627,S002
93133001,1027,600,1,20260627,S002
93134001,1028,700,2,20260627,S002
93135001,1029,800,0,20260627,S002
93136001,1030,100,1,20260627,S002
93137001,1031,200,2,20260627,S002
93138001,1032,300,0,20260627,S002
93139001,1033,400,1,20260627,S002
93140001,1034,500,2,20260627,S002
93141001,1035,600,0,20260627,S002
93142001,1036,700,1,20260627,S002
93143001,1026,800,2,20260627,S002
93144001,1027,100,0,20260627,S002
93145001,1028,200,1,20260627,S002
93146001,1029,300,2,20260627,S002
93147001,1030,400,0,20260627,S002
93148001,1031,500,1,20260627,S002
93149001,1032,600,2,20260627,S002
93150001,1033,700,0,20260627,S002
93151001,1034,800,1,20260627,S002
93152001,1035,100,2,20260627,S002
93153001,1036,200,0,20260627,S002
93154001,1026,300,1,20260627,S002
93155001,1027,400,2,20260627,S002
93156001,1028,500,0,20260627,S002
93157001,1029,600,1,20260627,S002
93158001,1030,700,2,20260627,S002
93159001,1031,800,0,20260627,S002
93160001,1032,100,1,20260627,S002
93161001,1033,200,2,20260627,S002
93162001,1034,300,0,20260627,S002
93163001,1035,400,1,20260627,S002
93164001,1036,500,2,20260627,S002
93165001,1026,600,0,20260627,S002
93166001,1027,700,1,20260627,S002
93167001,1028,800,2,20260627,S002
93168001,1029,100,0,20260627,S002
93169001,1030,200,1,20260627,S002
93170001,1031,300,2,20260627,S002
93171001,1032,400,0,20260627,S002
93172001,1033,500,1,20260627,S002
93173001,1034,600,2,20260627,S002
93174001,1035,700,0,20260627,S002
93175001,1036,800,1,20260627,S002
93176001,1026,100,2,20260627,S002
93177001,1027,200,0,20260627,S002
93178001,1028,300,1,20260627,S002
93179001,1029,400,2,20260627,S002
93180001,1030,500,0,20260627,S002
93181001,1031,600,1,20260627,S002
93182001,1032,700,2,20260627,S002
93183001,1033,800,0,20260627,S002
93184001,1034,100,1,20260627,S002
93185001,1035,200,2,20260627,S002
93186001,1036,300,0,20260627,S002
93187001,1026,400,1,20260627,S002
93188001,1027,500,2,20260627,S002
93189001,1028,600,0,20260627,S002
93190001,1029,700,1,20260627,S002
93191001,1030,800,2,20260627,S002
93192001,1031,100,0,20260627,S002
93193001,1032,200,1,20260627,S002
93194001,1033,300,2,20260627,S002
93195001,1034,400,0,20260627,S002
93196001,1035,500,1,20260627,S002
93197001,1036,600,2,20260627,S002
93198001,1026,700,0,20260627,S002
93199001,1027,800,1,20260627,S002
93200001,1028,100,2,20260627,S002
93201001,1029,200,0,20260627,S002
93202001,1030,300,1,20260627,S002
93203001,1031,400,2,20260627,S002
93204001,1032,500,0,20260627,S002
93205001,1033,600,1,20260627,S002
93206001,1034,700,2,20260627,S002
93207001,1035,800,0,20260627,S002
93208001,1036,100,1,20260627,S002
93209001,1026,200,2,20260627,S002
93210001,1027,300,0,20260627,S002
93211001,1028,400,1,20260627,S002
93212001,1029,500,2,20260627,S002
93213001,1030,600,0,20260627,S002
93214001,1031,700,1,20260627,S002
93215001,1032,800,2,20260627,S002
93216001,1033,100,0,20260627,S002
93217001,1034,200,1,20260627,S002
93218001,1035,300,2,20260627,S002
93219001,1036,400,0,20260627,S002
93220001,1026,500,1,20260627,S002
93221001,1027,600,2,20260627,S002
93222001,1028,700,0,20260627,S002
93223001,1029,800,1,20260627,S002
93224001,1030,100,2,20260627,S002
93225001,1031,200,0,20260627,S002
93226001,1032,300,1,20260627,S002
93227001,1033,400,2,20260627,S002
93228001,1034,500,0,20260627,S002
93229001,1035,600,1,20260627,S002
93230001,1036,700,2,20260627,S002
93231001,1026,800,0,20260627,S002
93232001,1027,100,1,20260627,S002
93233001,1028,200,2,20260627,S002
93234001,1029,300,0,20260627,S002
93235001,1030,400,1,20260627,S002
93236001,1031,500,2,20260627,S002
93237001,1032,600,0,20260627,S002
93238001,1033,700,1,20260627,S002
93239001,1034,800,2,20260627,S002
93240001,1035,100,0,20260627,S002
93241001,1036,200,1,20260627,S002
93242001,1026,300,2,20260627,S002
93243001,1027,400,0,20260627,S002
93244001,1028,500,1,20260627,S002
93245001,1029,600,2,20260627,S002
93246001,1030,700,0,20260627,S002
93247001,1031,800,1,20260627,S002
93248001,1032,100,2,20260627,S002
93249001,1033,200,0,20260627,S002
93000002,1051,100,0,20260627,S003
93001002,1052,200,1,20260627,S003
93002002,1053,300,2,20260627,S003
93003002,1054,400,0,20260627,S003
93004002,1055,500,1,20260627,S003
93005002,1056,600,2,20260627,S003
93006002,1057,700,0,20260627,S003
93007002,1058,800,1,20260627,S003
93008002,1059,100,2,20260627,S003
93009002,1060,200,0,20260627,S003
93010002,1061,300,1,20260627,S003
93011002,1051,400,2,20260627,S003
93012002,1052,500,0,20260627,S003
93013002,1053,600,1,20260627,S003
93014002,1054,700,2,20260627,S003
93015002,1055,800,0,20260627,S003
93016002,1056,100,1,20260627,S003
93017002,1057,200,2,20260627,S003
93018002,1058,300,0,20260627,S003
93019002,1059,400,1,20260627,S003
93020002,1060,500,2,20260627,S003
93021002,1061,600,0,20260627,S003
93022002,1051,700,1,20260627,S003
93023002,1052,800,2,20260627,S003
93024002,1053,100,0,20260627,S003
93025002,1054,200,1,20260627,S003
93026002,1055,300,2,20260627,S003
93027002,1056,400,0,20260627,S003
93028002,1057,500,1,20260627,S003
93029002,1058,600,2,20260627,S003
93030002,1059,700,0,20260627,S003
93031002,1060,800,1,20260627,S003
93032002,1061,100,2,20260627,S003
93033002,1051,200,0,20260627,S003
93034002,1052,300,1,20260627,S003
93035002,1053,400,2,20260627,S003
93036002,1054,500,0,20260627,S003
93037002,1055,600,1,20260627,S003
93038002,1056,700,2,20260627,S003
93039002,1057,800,0,20260627,S003
93040002,1058,100,1,20260627,S003
93041002,1059,200,2,20260627,S003
93042002,1060,300,0,20260627,S003
93043002,1061,400,1,20260627,S003
93044002,1051,500,2,20260627,S003
93045002,1052,600,0,20260627,S003
93046002,1053,700,1,20260627,S003
93047002,1054,800,2,20260627,S003
93048002,1055,100,0,20260627,S003
93049002,1056,200,1,20260627,S003
93050002,1057,300,2,20260627,S003
93051002,1058,400,0,20260627,S003
93052002,1059,500,1,20260627,S003
93053002,1060,600,2,20260627,S003
93054002,1061,700,0,20260627,S003
93055002,1051,800,1,20260627,S003
93056002,1052,100,2,20260627,S003
93057002,1053,200,0,20260627,S003
93058002,1054,300,1,20260627,S003
93059002,1055,400,2,20260627,S003
93060002,1056,500,0,20260627,S003
93061002,1057,600,1,20260627,S003
93062002,1058,700,2,20260627,S003
93063002,1059,800,0,20260627,S003
93064002,1060,100,1,20260627,S003
93065002,1061,200,2,20260627,S003
93066002,1051,300,0,20260627,S003
93067002,1052,400,1,20260627,S003
93068002,1053,500,2,20260627,S003
93069002,1054,600,0,20260627,S003
93070002,1055,700,1,20260627,S003
93071002,1056,800,2,20260627,S003
93072002,1057,100,0,20260627,S003
93073002,1058,200,1,20260627,S003
93074002,1059,300,2,20260627,S003
93075002,1060,400,0,20260627,S003
93076002,1061,500,1,20260627,S003
93077002,1051,600,2,20260627,S003
93078002,1052,700,0,20260627,S003
93079002,1053,800,1,20260627,S003
93080002,1054,100,2,20260627,S003
93081002,1055,200,0,20260627,S003
93082002,1056,300,1,20260627,S003
93083002,1057,400,2,20260627,S003
93084002,1058,500,0,20260627,S003
93085002,1059,600,1,20260627,S003
93086002,1060,700,2,20260627,S003
93087002,1061,800,0,20260627,S003
93088002,1051,100,1,20260627,S003
93089002,1052,200,2,20260627,S003
93090002,1053,300,0,20260627,S003
93091002,1054,400,1,20260627,S003
93092002,1055,500,2,20260627,S003
93093002,1056,600,0,20260627,S003
93094002,1057,700,1,20260627,S003
93095002,1058,800,2,20260627,S003
93096002,1059,100,0,20260627,S003
93097002,1060,200,1,20260627,S003
93098002,1061,300,2,20260627,S003
93099002,1051,400,0,20260627,S003
93100002,1052,500,1,20260627,S003
93101002,1053,600,2,20260627,S003
93102002,1054,700,0,20260627,S003
93103002,1055,800,1,20260627,S003
93104002,1056,100,2,20260627,S003
93105002,1057,200,0,20260627,S003
93106002,1058,300,1,20260627,S003
93107002,1059,400,2,20260627,S003
93108002,1060,500,0,20260627,S003
93109002,1061,600,1,20260627,S003
93110002,1051,700,2,20260627,S003
93111002,1052,800,0,20260627,S003
93112002,1053,100,1,20260627,S003
93113002,1054,200,2,20260627,S003
93114002,1055,300,0,20260627,S003
93115002,1056,400,1,20260627,S003
93116002,1057,500,2,20260627,S003
93117002,1058,600,0,20260627,S003
93118002,1059,700,1,20260627,S003
93119002,1060,800,2,20260627,S003
93120002,1061,100,0,20260627,S003
93121002,1051,200,1,20260627,S003
93122002,1052,300,2,20260627,S003
93123002,1053,400,0,20260627,S003
93124002,1054,500,1,20260627,S003
93125002,1055,600,2,20260627,S003
93126002,1056,700,0,20260627,S003
93127002,1057,800,1,20260627,S003
93128002,1058,100,2,20260627,S003
93129002,1059,200,0,20260627,S003
93130002,1060,300,1,20260627,S003
93131002,1061,400,2,20260627,S003
93132002,1051,500,0,20260627,S003
93133002,1052,600,1,20260627,S003
93134002,1053,700,2,20260627,S003
93135002,1054,800,0,20260627,S003
93136002,1055,100,1,20260627,S003
93137002,1056,200,2,20260627,S003
93138002,1057,300,0,20260627,S003
93139002,1058,400,1,20260627,S003
93140002,1059,500,2,20260627,S003
93141002,1060,600,0,20260627,S003
93142002,1061,700,1,20260627,S003
93143002,1051,800,2,20260627,S003
93144002,1052,100,0,20260627,S003
93145002,1053,200,1,20260627,S003
93146002,1054,300,2,20260627,S003
93147002,1055,400,0,20260627,S003
93148002,1056,500,1,20260627,S003
93149002,1057,600,2,20260627,S003
93150002,1058,700,0,20260627,S003
93151002,1059,800,1,20260627,S003
93152002,1060,100,2,20260627,S003
93153002,1061,200,0,20260627,S003
93154002,1051,300,1,20260627,S003
93155002,1052,400,2,20260627,S003
93156002,1053,500,0,20260627,S003
93157002,1054,600,1,20260627,S003
93158002,1055,700,2,20260627,S003
93159002,1056,800,0,20260627,S003
93160002,1057,100,1,20260627,S003
93161002,1058,200,2,20260627,S003
93162002,1059,300,0,20260627,S003
93163002,1060,400,1,20260627,S003
93164002,1061,500,2,20260627,S003
93165002,1051,600,0,20260627,S003
93166002,1052,700,1,20260627,S003
93167002,1053,800,2,20260627,S003
93168002,1054,100,0,20260627,S003
93169002,1055,200,1,20260627,S003
93170002,1056,300,2,20260627,S003
93171002,1057,400,0,20260627,S003
93172002,1058,500,1,20260627,S003
93173002,1059,600,2,20260627,S003
93174002,1060,700,0,20260627,S003
93175002,1061,800,1,20260627,S003
93176002,1051,100,2,20260627,S003
93177002,1052,200,0,20260627,S003
93178002,1053,300,1,20260627,S003
93179002,1054,400,2,20260627,S003
93180002,1055,500,0,20260627,S003
93181002,1056,600,1,20260627,S003
93182002,1057,700,2,20260627,S003
93183002,1058,800,0,20260627,S003
93184002,1059,100,1,20260627,S003
93185002,1060,200,2,20260627,S003
93186002,1061,300,0,20260627,S003
93187002,1051,400,1,20260627,S003
93188002,1052,500,2,20260627,S003
93189002,1053,600,0,20260627,S003
93190002,1054,700,1,20260627,S003
93191002,1055,800,2,20260627,S003
93192002,1056,100,0,20260627,S003
93193002,1057,200,1,20260627,S003
93194002,1058,300,2,20260627,S003
93195002,1059,400,0,20260627,S003
93196002,1060,500,1,20260627,S003
93197002,1061,600,2,20260627,S003
93198002,1051,700,0,20260627,S003
93199002,1052,800,1,20260627,S003
93200002,1053,100,2,20260627,S003
93201002,1054,200,0,20260627,S003
93202002,1055,300,1,20260627,S003
93203002,1056,400,2,20260627,S003
93204002,1057,500,0,20260627,S003
93205002,1058,600,1,20260627,S003
93206002,1059,700,2,20260627,S003
93207002,1060,800,0,20260627,S003
93208002,1061,100,1,20260627,S003
93209002,1051,200,2,20260627,S003
93210002,1052,300,0,20260627,S003
93211002,1053,400,1,20260627,S003
93212002,1054,500,2,20260627,S003
93213002,1055,600,0,20260627,S003
93214002,1056,700,1,20260627,S003
93215002,1057,800,2,20260627,S003
93216002,1058,100,0,20260627,S003
93217002,1059,200,1,20260627,S003
93218002,1060,300,2,20260627,S003
93219002,1061,400,0,20260627,S003
93220002,1051,500,1,20260627,S003
93221002,1052,600,2,20260627,S003
93222002,1053,700,0,20260627,S003
93223002,1054,800,1,20260627,S003
93224002,1055,100,2,20260627,S003
93225002,1056,200,0,20260627,S003
93226002,1057,300,1,20260627,S003
93227002,1058,400,2,20260627,S003
93228002,1059,500,0,20260627,S003
93229002,1060,600,1,20260627,S003
93230002,1061,700,2,20260627,S003
93231002,1051,800,0,20260627,S003
93232002,1052,100,1,20260627,S003
93233002,1053,200,2,20260627,S003
93234002,1054,300,0,20260627,S003
93235002,1055,400,1,20260627,S003
93236002,1056,500,2,20260627,S003
93237002,1057,600,0,20260627,S003
93238002,1058,700,1,20260627,S003
93239002,1059,800,2,20260627,S003
93240002,1060,100,0,20260627,S003
93241002,1061,200,1,20260627,S003
93242002,1051,300,2,20260627,S003
93243002,1052,400,0,20260627,S003
93244002,1053,500,1,20260627,S003
93245002,1054,600,2,20260627,S003
93246002,1055,700,0,20260627,S003
93247002,1056,800,1,20260627,S003
93248002,1057,100,2,20260627,S003
93249002,1058,200,0,20260627,S003
93000003,1076,100,0,20260627,S004
93001003,1077,200,1,20260627,S004
93002003,1078,300,2,20260627,S004
93003003,1079,400,0,20260627,S004
93004003,1080,500,1,20260627,S004
93005003,1081,600,2,20260627,S004
93006003,1082,700,0,20260627,S004
93007003,1083,800,1,20260627,S004
93008003,1084,100,2,20260627,S004
93009003,1085,200,0,20260627,S004
93010003,1086,300,1,20260627,S004
93011003,1076,400,2,20260627,S004
93012003,1077,500,0,20260627,S004
93013003,1078,600,1,20260627,S004
93014003,1079,700,2,20260627,S004
93015003,1080,800,0,20260627,S004
93016003,1081,100,1,20260627,S004
93017003,1082,200,2,20260627,S004
93018003,1083,300,0,20260627,S004
93019003,1084,400,1,20260627,S004
93020003,1085,500,2,20260627,S004
93021003,1086,600,0,20260627,S004
93022003,1076,700,1,20260627,S004
93023003,1077,800,2,20260627,S004
93024003,1078,100,0,20260627,S004
93025003,1079,200,1,20260627,S004
93026003,1080,300,2,20260627,S004
93027003,1081,400,0,20260627,S004
93028003,1082,500,1,20260627,S004
93029003,1083,600,2,20260627,S004
93030003,1084,700,0,20260627,S004
93031003,1085,800,1,20260627,S004
93032003,1086,100,2,20260627,S004
93033003,1076,200,0,20260627,S004
93034003,1077,300,1,20260627,S004
93035003,1078,400,2,20260627,S004
93036003,1079,500,0,20260627,S004
93037003,1080,600,1,20260627,S004
93038003,1081,700,2,20260627,S004
93039003,1082,800,0,20260627,S004
93040003,1083,100,1,20260627,S004
93041003,1084,200,2,20260627,S004
93042003,1085,300,0,20260627,S004
93043003,1086,400,1,20260627,S004
93044003,1076,500,2,20260627,S004
93045003,1077,600,0,20260627,S004
93046003,1078,700,1,20260627,S004
93047003,1079,800,2,20260627,S004
93048003,1080,100,0,20260627,S004
93049003,1081,200,1,20260627,S004
93050003,1082,300,2,20260627,S004
93051003,1083,400,0,20260627,S004
93052003,1084,500,1,20260627,S004
93053003,1085,600,2,20260627,S004
93054003,1086,700,0,20260627,S004
93055003,1076,800,1,20260627,S004
93056003,1077,100,2,20260627,S004
93057003,1078,200,0,20260627,S004
93058003,1079,300,1,20260627,S004
93059003,1080,400,2,20260627,S004
93060003,1081,500,0,20260627,S004
93061003,1082,600,1,20260627,S004
93062003,1083,700,2,20260627,S004
93063003,1084,800,0,20260627,S004
93064003,1085,100,1,20260627,S004
93065003,1086,200,2,20260627,S004
93066003,1076,300,0,20260627,S004
93067003,1077,400,1,20260627,S004
93068003,1078,500,2,20260627,S004
93069003,1079,600,0,20260627,S004
93070003,1080,700,1,20260627,S004
93071003,1081,800,2,20260627,S004
93072003,1082,100,0,20260627,S004
93073003,1083,200,1,20260627,S004
93074003,1084,300,2,20260627,S004
93075003,1085,400,0,20260627,S004
93076003,1086,500,1,20260627,S004
93077003,1076,600,2,20260627,S004
93078003,1077,700,0,20260627,S004
93079003,1078,800,1,20260627,S004
93080003,1079,100,2,20260627,S004
93081003,1080,200,0,20260627,S004
93082003,1081,300,1,20260627,S004
93083003,1082,400,2,20260627,S004
93084003,1083,500,0,20260627,S004
93085003,1084,600,1,20260627,S004
93086003,1085,700,2,20260627,S004
93087003,1086,800,0,20260627,S004
93088003,1076,100,1,20260627,S004
93089003,1077,200,2,20260627,S004
93090003,1078,300,0,20260627,S004
93091003,1079,400,1,20260627,S004
93092003,1080,500,2,20260627,S004
93093003,1081,600,0,20260627,S004
93094003,1082,700,1,20260627,S004
93095003,1083,800,2,20260627,S004
93096003,1084,100,0,20260627,S004
93097003,1085,200,1,20260627,S004
93098003,1086,300,2,20260627,S004
93099003,1076,400,0,20260627,S004
93100003,1077,500,1,20260627,S004
93101003,1078,600,2,20260627,S004
93102003,1079,700,0,20260627,S004
93103003,1080,800,1,20260627,S004
93104003,1081,100,2,20260627,S004
93105003,1082,200,0,20260627,S004
93106003,1083,300,1,20260627,S004
93107003,1084,400,2,20260627,S004
93108003,1085,500,0,20260627,S004
93109003,1086,600,1,20260627,S004
93110003,1076,700,2,20260627,S004
93111003,1077,800,0,20260627,S004
93112003,1078,100,1,20260627,S004
93113003,1079,200,2,20260627,S004
93114003,1080,300,0,20260627,S004
93115003,1081,400,1,20260627,S004
93116003,1082,500,2,20260627,S004
93117003,1083,600,0,20260627,S004
93118003,1084,700,1,20260627,S004
93119003,1085,800,2,20260627,S004
93120003,1086,100,0,20260627,S004
93121003,1076,200,1,20260627,S004
93122003,1077,300,2,20260627,S004
93123003,1078,400,0,20260627,S004
93124003,1079,500,1,20260627,S004
93125003,1080,600,2,20260627,S004
93126003,1081,700,0,20260627,S004
93127003,1082,800,1,20260627,S004
93128003,1083,100,2,20260627,S004
93129003,1084,200,0,20260627,S004
93130003,1085,300,1,20260627,S004
93131003,1086,400,2,20260627,S004
93132003,1076,500,0,20260627,S004
93133003,1077,600,1,20260627,S004
93134003,1078,700,2,20260627,S004
93135003,1079,800,0,20260627,S004
93136003,1080,100,1,20260627,S004
93137003,1081,200,2,20260627,S004
93138003,1082,300,0,20260627,S004
93139003,1083,400,1,20260627,S004
93140003,1084,500,2,20260627,S004
93141003,1085,600,0,20260627,S004
93142003,1086,700,1,20260627,S004
93143003,1076,800,2,20260627,S004
93144003,1077,100,0,20260627,S004
93145003,1078,200,1,20260627,S004
93146003,1079,300,2,20260627,S004
93147003,1080,400,0,20260627,S004
93148003,1081,500,1,20260627,S004
93149003,1082,600,2,20260627,S004
93150003,1083,700,0,20260627,S004
93151003,1084,800,1,20260627,S004
93152003,1085,100,2,20260627,S004
93153003,1086,200,0,20260627,S004
93154003,1076,300,1,20260627,S004
93155003,1077,400,2,20260627,S004
93156003,1078,500,0,20260627,S004
93157003,1079,600,1,20260627,S004
93158003,1080,700,2,20260627,S004
93159003,1081,800,0,20260627,S004
93160003,1082,100,1,20260627,S004
93161003,1083,200,2,20260627,S004
93162003,1084,300,0,20260627,S004
93163003,1085,400,1,20260627,S004
93164003,1086,500,2,20260627,S004
93165003,1076,600,0,20260627,S004
93166003,1077,700,1,20260627,S004
93167003,1078,800,2,20260627,S004
93168003,1079,100,0,20260627,S004
93169003,1080,200,1,20260627,S004
93170003,1081,300,2,20260627,S004
93171003,1082,400,0,20260627,S004
93172003,1083,500,1,20260627,S004
93173003,1084,600,2,20260627,S004
93174003,1085,700,0,20260627,S004
93175003,1086,800,1,20260627,S004
93176003,1076,100,2,20260627,S004
93177003,1077,200,0,20260627,S004
93178003,1078,300,1,20260627,S004
93179003,1079,400,2,20260627,S004
93180003,1080,500,0,20260627,S004
93181003,1081,600,1,20260627,S004
93182003,1082,700,2,20260627,S004
93183003,1083,800,0,20260627,S004
93184003,1084,100,1,20260627,S004
93185003,1085,200,2,20260627,S004
93186003,1086,300,0,20260627,S004
93187003,1076,400,1,20260627,S004
93188003,1077,500,2,20260627,S004
93189003,1078,600,0,20260627,S004
93190003,1079,700,1,20260627,S004
93191003,1080,800,2,20260627,S004
93192003,1081,100,0,20260627,S004
93193003,1082,200,1,20260627,S004
93194003,1083,300,2,20260627,S004
93195003,1084,400,0,20260627,S004
93196003,1085,500,1,20260627,S004
93197003,1086,600,2,20260627,S004
93198003,1076,700,0,20260627,S004
93199003,1077,800,1,20260627,S004
93200003,1078,100,2,20260627,S004
93201003,1079,200,0,20260627,S004
93202003,1080,300,1,20260627,S004
93203003,1081,400,2,20260627,S004
93204003,1082,500,0,20260627,S004
93205003,1083,600,1,20260627,S004
93206003,1084,700,2,20260627,S004
93207003,1085,800,0,20260627,S004
93208003,1086,100,1,20260627,S004
93209003,1076,200,2,20260627,S004
93210003,1077,300,0,20260627,S004
93211003,1078,400,1,20260627,S004
93212003,1079,500,2,20260627,S004
93213003,1080,600,0,20260627,S004
93214003,1081,700,1,20260627,S004
93215003,1082,800,2,20260627,S004
93216003,1083,100,0,20260627,S004
93217003,1084,200,1,20260627,S004
93218003,1085,300,2,20260627,S004
93219003,1086,400,0,20260627,S004
93220003,1076,500,1,20260627,S004
93221003,1077,600,2,20260627,S004
93222003,1078,700,0,20260627,S004
93223003,1079,800,1,20260627,S004
93224003,1080,100,2,20260627,S004
93225003,1081,200,0,20260627,S004
93226003,1082,300,1,20260627,S004
93227003,1083,400,2,20260627,S004
93228003,1084,500,0,20260627,S004
93229003,1085,600,1,20260627,S004
93230003,1086,700,2,20260627,S004
93231003,1076,800,0,20260627,S004
93232003,1077,100,1,20260627,S004
93233003,1078,200,2,20260627,S004
93234003,1079,300,0,20260627,S004
93235003,1080,400,1,20260627,S004
93236003,1081,500,2,20260627,S004
93237003,1082,600,0,20260627,S004
93238003,1083,700,1,20260627,S004
93239003,1084,800,2,20260627,S004
93240003,1085,100,0,20260627,S004
93241003,1086,200,1,20260627,S004
93242003,1076,300,2,20260627,S004
93243003,1077,400,0,20260627,S004
93244003,1078,500,1,20260627,S004
93245003,1079,600,2,20260627,S004
93246003,1080,700,0,20260627,S004
93247003,1081,800,1,20260627,S004
93248003,1082,100,2,20260627,S004
93249003,1083,200,0,20260627,S004
93000004,1101,100,0,20260627,S005
93001004,1102,200,1,20260627,S005
93002004,1103,300,2,20260627,S005
93003004,1104,400,0,20260627,S005
93004004,1105,500,1,20260627,S005
93005004,1106,600,2,20260627,S005
93006004,1107,700,0,20260627,S005
93007004,1108,800,1,20260627,S005
93008004,1109,100,2,20260627,S005
93009004,1110,200,0,20260627,S005
93010004,1111,300,1,20260627,S005
93011004,1101,400,2,20260627,S005
93012004,1102,500,0,20260627,S005
93013004,1103,600,1,20260627,S005
93014004,1104,700,2,20260627,S005
93015004,1105,800,0,20260627,S005
93016004,1106,100,1,20260627,S005
93017004,1107,200,2,20260627,S005
93018004,1108,300,0,20260627,S005
93019004,1109,400,1,20260627,S005
93020004,1110,500,2,20260627,S005
93021004,1111,600,0,20260627,S005
93022004,1101,700,1,20260627,S005
93023004,1102,800,2,20260627,S005
93024004,1103,100,0,20260627,S005
93025004,1104,200,1,20260627,S005
93026004,1105,300,2,20260627,S005
93027004,1106,400,0,20260627,S005
93028004,1107,500,1,20260627,S005
93029004,1108,600,2,20260627,S005
93030004,1109,700,0,20260627,S005
93031004,1110,800,1,20260627,S005
93032004,1111,100,2,20260627,S005
93033004,1101,200,0,20260627,S005
93034004,1102,300,1,20260627,S005
93035004,1103,400,2,20260627,S005
93036004,1104,500,0,20260627,S005
93037004,1105,600,1,20260627,S005
93038004,1106,700,2,20260627,S005
93039004,1107,800,0,20260627,S005
93040004,1108,100,1,20260627,S005
93041004,1109,200,2,20260627,S005
93042004,1110,300,0,20260627,S005
93043004,1111,400,1,20260627,S005
93044004,1101,500,2,20260627,S005
93045004,1102,600,0,20260627,S005
93046004,1103,700,1,20260627,S005
93047004,1104,800,2,20260627,S005
93048004,1105,100,0,20260627,S005
93049004,1106,200,1,20260627,S005
93050004,1107,300,2,20260627,S005
93051004,1108,400,0,20260627,S005
93052004,1109,500,1,20260627,S005
93053004,1110,600,2,20260627,S005
93054004,1111,700,0,20260627,S005
93055004,1101,800,1,20260627,S005
93056004,1102,100,2,20260627,S005
93057004,1103,200,0,20260627,S005
93058004,1104,300,1,20260627,S005
93059004,1105,400,2,20260627,S005
93060004,1106,500,0,20260627,S005
93061004,1107,600,1,20260627,S005
93062004,1108,700,2,20260627,S005
93063004,1109,800,0,20260627,S005
93064004,1110,100,1,20260627,S005
93065004,1111,200,2,20260627,S005
93066004,1101,300,0,20260627,S005
93067004,1102,400,1,20260627,S005
93068004,1103,500,2,20260627,S005
93069004,1104,600,0,20260627,S005
93070004,1105,700,1,20260627,S005
93071004,1106,800,2,20260627,S005
93072004,1107,100,0,20260627,S005
93073004,1108,200,1,20260627,S005
93074004,1109,300,2,20260627,S005
93075004,1110,400,0,20260627,S005
93076004,1111,500,1,20260627,S005
93077004,1101,600,2,20260627,S005
93078004,1102,700,0,20260627,S005
93079004,1103,800,1,20260627,S005
93080004,1104,100,2,20260627,S005
93081004,1105,200,0,20260627,S005
93082004,1106,300,1,20260627,S005
93083004,1107,400,2,20260627,S005
93084004,1108,500,0,20260627,S005
93085004,1109,600,1,20260627,S005
93086004,1110,700,2,20260627,S005
93087004,1111,800,0,20260627,S005
93088004,1101,100,1,20260627,S005
93089004,1102,200,2,20260627,S005
93090004,1103,300,0,20260627,S005
93091004,1104,400,1,20260627,S005
93092004,1105,500,2,20260627,S005
93093004,1106,600,0,20260627,S005
93094004,1107,700,1,20260627,S005
93095004,1108,800,2,20260627,S005
93096004,1109,100,0,20260627,S005
93097004,1110,200,1,20260627,S005
93098004,1111,300,2,20260627,S005
93099004,1101,400,0,20260627,S005
93100004,1102,500,1,20260627,S005
93101004,1103,600,2,20260627,S005
93102004,1104,700,0,20260627,S005
93103004,1105,800,1,20260627,S005
93104004,1106,100,2,20260627,S005
93105004,1107,200,0,20260627,S005
93106004,1108,300,1,20260627,S005
93107004,1109,400,2,20260627,S005
93108004,1110,500,0,20260627,S005
93109004,1111,600,1,20260627,S005
93110004,1101,700,2,20260627,S005
93111004,1102,800,0,20260627,S005
93112004,1103,100,1,20260627,S005
93113004,1104,200,2,20260627,S005
93114004,1105,300,0,20260627,S005
93115004,1106,400,1,20260627,S005
93116004,1107,500,2,20260627,S005
93117004,1108,600,0,20260627,S005
93118004,1109,700,1,20260627,S005
93119004,1110,800,2,20260627,S005
93120004,1111,100,0,20260627,S005
93121004,1101,200,1,20260627,S005
93122004,1102,300,2,20260627,S005
93123004,1103,400,0,20260627,S005
93124004,1104,500,1,20260627,S005
93125004,1105,600,2,20260627,S005
93126004,1106,700,0,20260627,S005
93127004,1107,800,1,20260627,S005
93128004,1108,100,2,20260627,S005
93129004,1109,200,0,20260627,S005
93130004,1110,300,1,20260627,S005
93131004,1111,400,2,20260627,S005
93132004,1101,500,0,20260627,S005
93133004,1102,600,1,20260627,S005
93134004,1103,700,2,20260627,S005
93135004,1104,800,0,20260627,S005
93136004,1105,100,1,20260627,S005
93137004,1106,200,2,20260627,S005
93138004,1107,300,0,20260627,S005
93139004,1108,400,1,20260627,S005
93140004,1109,500,2,20260627,S005
93141004,1110,600,0,20260627,S005
93142004,1111,700,1,20260627,S005
93143004,1101,800,2,20260627,S005
93144004,1102,100,0,20260627,S005
93145004,1103,200,1,20260627,S005
93146004,1104,300,2,20260627,S005
93147004,1105,400,0,20260627,S005
93148004,1106,500,1,20260627,S005
93149004,1107,600,2,20260627,S005
93150004,1108,700,0,20260627,S005
93151004,1109,800,1,20260627,S005
93152004,1110,100,2,20260627,S005
93153004,1111,200,0,20260627,S005
93154004,1101,300,1,20260627,S005
93155004,1102,400,2,20260627,S005
93156004,1103,500,0,20260627,S005
93157004,1104,600,1,20260627,S005
93158004,1105,700,2,20260627,S005
93159004,1106,800,0,20260627,S005
93160004,1107,100,1,20260627,S005
93161004,1108,200,2,20260627,S005
93162004,1109,300,0,20260627,S005
93163004,1110,400,1,20260627,S005
93164004,1111,500,2,20260627,S005
93165004,1101,600,0,20260627,S005
93166004,1102,700,1,20260627,S005
93167004,1103,800,2,20260627,S005
93168004,1104,100,0,20260627,S005
93169004,1105,200,1,20260627,S005
93170004,1106,300,2,20260627,S005
93171004,1107,400,0,20260627,S005
93172004,1108,500,1,20260627,S005
93173004,1109,600,2,20260627,S005
93174004,1110,700,0,20260627,S005
93175004,1111,800,1,20260627,S005
93176004,1101,100,2,20260627,S005
93177004,1102,200,0,20260627,S005
93178004,1103,300,1,20260627,S005
93179004,1104,400,2,20260627,S005
93180004,1105,500,0,20260627,S005
93181004,1106,600,1,20260627,S005
93182004,1107,700,2,20260627,S005
93183004,1108,800,0,20260627,S005
93184004,1109,100,1,20260627,S005
93185004,1110,200,2,20260627,S005
93186004,1111,300,0,20260627,S005
93187004,1101,400,1,20260627,S005
93188004,1102,500,2,20260627,S005
93189004,1103,600,0,20260627,S005
93190004,1104,700,1,20260627,S005
93191004,1105,800,2,20260627,S005
93192004,1106,100,0,20260627,S005
93193004,1107,200,1,20260627,S005
93194004,1108,300,2,20260627,S005
93195004,1109,400,0,20260627,S005
93196004,1110,500,1,20260627,S005
93197004,1111,600,2,20260627,S005
93198004,1101,700,0,20260627,S005
93199004,1102,800,1,20260627,S005
93200004,1103,100,2,20260627,S005
93201004,1104,200,0,20260627,S005
93202004,1105,300,1,20260627,S005
93203004,1106,400,2,20260627,S005
93204004,1107,500,0,20260627,S005
93205004,1108,600,1,20260627,S005
93206004,1109,700,2,20260627,S005
93207004,1110,800,0,20260627,S005
93208004,1111,100,1,20260627,S005
93209004,1101,200,2,20260627,S005
93210004,1102,300,0,20260627,S005
93211004,1103,400,1,20260627,S005
93212004,1104,500,2,20260627,S005
93213004,1105,600,0,20260627,S005
93214004,1106,700,1,20260627,S005
93215004,1107,800,2,20260627,S005
93216004,1108,100,0,20260627,S005
93217004,1109,200,1,20260627,S005
93218004,1110,300,2,20260627,S005
93219004,1111,400,0,20260627,S005
93220004,1101,500,1,20260627,S005
93221004,1102,600,2,20260627,S005
93222004,1103,700,0,20260627,S005
93223004,1104,800,1,20260627,S005
93224004,1105,100,2,20260627,S005
93225004,1106,200,0,20260627,S005
93226004,1107,300,1,20260627,S005
93227004,1108,400,2,20260627,S005
93228004,1109,500,0,20260627,S005
93229004,1110,600,1,20260627,S005
93230004,1111,700,2,20260627,S005
93231004,1101,800,0,20260627,S005
93232004,1102,100,1,20260627,S005
93233004,1103,200,2,20260627,S005
93234004,1104,300,0,20260627,S005
93235004,1105,400,1,20260627,S005
93236004,1106,500,2,20260627,S005
93237004,1107,600,0,20260627,S005
93238004,1108,700,1,20260627,S005
93239004,1109,800,2,20260627,S005
93240004,1110,100,0,20260627,S005
93241004,1111,200,1,20260627,S005
93242004,1101,300,2,20260627,S005
93243004,1102,400,0,20260627,S005
93244004,1103,500,1,20260627,S005
93245004,1104,600,2,20260627,S005
93246004,1105,700,0,20260627,S005
93247004,1106,800,1,20260627,S005
93248004,1107,100,2,20260627,S005
93249004,1108,200,0,20260627,S005
93000005,1126,100,0,20260627,S006
93001005,1127,200,1,20260627,S006
93002005,1128,300,2,20260627,S006
93003005,1129,400,0,20260627,S006
93004005,1130,500,1,20260627,S006
93005005,1131,600,2,20260627,S006
93006005,1132,700,0,20260627,S006
93007005,1133,800,1,20260627,S006
93008005,1134,100,2,20260627,S006
93009005,1135,200,0,20260627,S006
93010005,1136,300,1,20260627,S006
93011005,1126,400,2,20260627,S006
93012005,1127,500,0,20260627,S006
93013005,1128,600,1,20260627,S006
93014005,1129,700,2,20260627,S006
93015005,1130,800,0,20260627,S006
93016005,1131,100,1,20260627,S006
93017005,1132,200,2,20260627,S006
93018005,1133,300,0,20260627,S006
93019005,1134,400,1,20260627,S006
93020005,1135,500,2,20260627,S006
93021005,1136,600,0,20260627,S006
93022005,1126,700,1,20260627,S006
93023005,1127,800,2,20260627,S006
93024005,1128,100,0,20260627,S006
93025005,1129,200,1,20260627,S006
93026005,1130,300,2,20260627,S006
93027005,1131,400,0,20260627,S006
93028005,1132,500,1,20260627,S006
93029005,1133,600,2,20260627,S006
93030005,1134,700,0,20260627,S006
93031005,1135,800,1,20260627,S006
93032005,1136,100,2,20260627,S006
93033005,1126,200,0,20260627,S006
93034005,1127,300,1,20260627,S006
93035005,1128,400,2,20260627,S006
93036005,1129,500,0,20260627,S006
93037005,1130,600,1,20260627,S006
93038005,1131,700,2,20260627,S006
93039005,1132,800,0,20260627,S006
93040005,1133,100,1,20260627,S006
93041005,1134,200,2,20260627,S006
93042005,1135,300,0,20260627,S006
93043005,1136,400,1,20260627,S006
93044005,1126,500,2,20260627,S006
93045005,1127,600,0,20260627,S006
93046005,1128,700,1,20260627,S006
93047005,1129,800,2,20260627,S006
93048005,1130,100,0,20260627,S006
93049005,1131,200,1,20260627,S006
93050005,1132,300,2,20260627,S006
93051005,1133,400,0,20260627,S006
93052005,1134,500,1,20260627,S006
93053005,1135,600,2,20260627,S006
93054005,1136,700,0,20260627,S006
93055005,1126,800,1,20260627,S006
93056005,1127,100,2,20260627,S006
93057005,1128,200,0,20260627,S006
93058005,1129,300,1,20260627,S006
93059005,1130,400,2,20260627,S006
93060005,1131,500,0,20260627,S006
93061005,1132,600,1,20260627,S006
93062005,1133,700,2,20260627,S006
93063005,1134,800,0,20260627,S006
93064005,1135,100,1,20260627,S006
93065005,1136,200,2,20260627,S006
93066005,1126,300,0,20260627,S006
93067005,1127,400,1,20260627,S006
93068005,1128,500,2,20260627,S006
93069005,1129,600,0,20260627,S006
93070005,1130,700,1,20260627,S006
93071005,1131,800,2,20260627,S006
93072005,1132,100,0,20260627,S006
93073005,1133,200,1,20260627,S006
93074005,1134,300,2,20260627,S006
93075005,1135,400,0,20260627,S006
93076005,1136,500,1,20260627,S006
93077005,1126,600,2,20260627,S006
93078005,1127,700,0,20260627,S006
93079005,1128,800,1,20260627,S006
93080005,1129,100,2,20260627,S006
93081005,1130,200,0,20260627,S006
93082005,1131,300,1,20260627,S006
93083005,1132,400,2,20260627,S006
93084005,1133,500,0,20260627,S006
93085005,1134,600,1,20260627,S006
93086005,1135,700,2,20260627,S006
93087005,1136,800,0,20260627,S006
93088005,1126,100,1,20260627,S006
93089005,1127,200,2,20260627,S006
93090005,1128,300,0,20260627,S006
93091005,1129,400,1,20260627,S006
93092005,1130,500,2,20260627,S006
93093005,1131,600,0,20260627,S006
93094005,1132,700,1,20260627,S006
93095005,1133,800,2,20260627,S006
93096005,1134,100,0,20260627,S006
93097005,1135,200,1,20260627,S006
93098005,1136,300,2,20260627,S006
93099005,1126,400,0,20260627,S006
93100005,1127,500,1,20260627,S006
93101005,1128,600,2,20260627,S006
93102005,1129,700,0,20260627,S006
93103005,1130,800,1,20260627,S006
93104005,1131,100,2,20260627,S006
93105005,1132,200,0,20260627,S006
93106005,1133,300,1,20260627,S006
93107005,1134,400,2,20260627,S006
93108005,1135,500,0,20260627,S006
93109005,1136,600,1,20260627,S006
93110005,1126,700,2,20260627,S006
93111005,1127,800,0,20260627,S006
93112005,1128,100,1,20260627,S006
93113005,1129,200,2,20260627,S006
93114005,1130,300,0,20260627,S006
93115005,1131,400,1,20260627,S006
93116005,1132,500,2,20260627,S006
93117005,1133,600,0,20260627,S006
93118005,1134,700,1,20260627,S006
93119005,1135,800,2,20260627,S006
93120005,1136,100,0,20260627,S006
93121005,1126,200,1,20260627,S006
93122005,1127,300,2,20260627,S006
93123005,1128,400,0,20260627,S006
93124005,1129,500,1,20260627,S006
93125005,1130,600,2,20260627,S006
93126005,1131,700,0,20260627,S006
93127005,1132,800,1,20260627,S006
93128005,1133,100,2,20260627,S006
93129005,1134,200,0,20260627,S006
93130005,1135,300,1,20260627,S006
93131005,1136,400,2,20260627,S006
93132005,1126,500,0,20260627,S006
93133005,1127,600,1,20260627,S006
93134005,1128,700,2,20260627,S006
93135005,1129,800,0,20260627,S006
93136005,1130,100,1,20260627,S006
93137005,1131,200,2,20260627,S006
93138005,1132,300,0,20260627,S006
93139005,1133,400,1,20260627,S006
93140005,1134,500,2,20260627,S006
93141005,1135,600,0,20260627,S006
93142005,1136,700,1,20260627,S006
93143005,1126,800,2,20260627,S006
93144005,1127,100,0,20260627,S006
93145005,1128,200,1,20260627,S006
93146005,1129,300,2,20260627,S006
93147005,1130,400,0,20260627,S006
93148005,1131,500,1,20260627,S006
93149005,1132,600,2,20260627,S006
93150005,1133,700,0,20260627,S006
93151005,1134,800,1,20260627,S006
93152005,1135,100,2,20260627,S006
93153005,1136,200,0,20260627,S006
93154005,1126,300,1,20260627,S006
93155005,1127,400,2,20260627,S006
93156005,1128,500,0,20260627,S006
93157005,1129,600,1,20260627,S006
93158005,1130,700,2,20260627,S006
93159005,1131,800,0,20260627,S006
93160005,1132,100,1,20260627,S006
93161005,1133,200,2,20260627,S006
93162005,1134,300,0,20260627,S006
93163005,1135,400,1,20260627,S006
93164005,1136,500,2,20260627,S006
93165005,1126,600,0,20260627,S006
93166005,1127,700,1,20260627,S006
93167005,1128,800,2,20260627,S006
93168005,1129,100,0,20260627,S006
93169005,1130,200,1,20260627,S006
93170005,1131,300,2,20260627,S006
93171005,1132,400,0,20260627,S006
93172005,1133,500,1,20260627,S006
93173005,1134,600,2,20260627,S006
93174005,1135,700,0,20260627,S006
93175005,1136,800,1,20260627,S006
93176005,1126,100,2,20260627,S006
93177005,1127,200,0,20260627,S006
93178005,1128,300,1,20260627,S006
93179005,1129,400,2,20260627,S006
93180005,1130,500,0,20260627,S006
93181005,1131,600,1,20260627,S006
93182005,1132,700,2,20260627,S006
93183005,1133,800,0,20260627,S006
93184005,1134,100,1,20260627,S006
93185005,1135,200,2,20260627,S006
93186005,1136,300,0,20260627,S006
93187005,1126,400,1,20260627,S006
93188005,1127,500,2,20260627,S006
93189005,1128,600,0,20260627,S006
93190005,1129,700,1,20260627,S006
93191005,1130,800,2,20260627,S006
93192005,1131,100,0,20260627,S006
93193005,1132,200,1,20260627,S006
93194005,1133,300,2,20260627,S006
93195005,1134,400,0,20260627,S006
93196005,1135,500,1,20260627,S006
93197005,1136,600,2,20260627,S006
93198005,1126,700,0,20260627,S006
93199005,1127,800,1,20260627,S006
93200005,1128,100,2,20260627,S006
93201005,1129,200,0,20260627,S006
93202005,1130,300,1,20260627,S006
93203005,1131,400,2,20260627,S006
93204005,1132,500,0,20260627,S006
93205005,1133,600,1,20260627,S006
93206005,1134,700,2,20260627,S006
93207005,1135,800,0,20260627,S006
93208005,1136,100,1,20260627,S006
93209005,1126,200,2,20260627,S006
93210005,1127,300,0,20260627,S006
93211005,1128,400,1,20260627,S006
93212005,1129,500,2,20260627,S006
93213005,1130,600,0,20260627,S006
93214005,1131,700,1,20260627,S006
93215005,1132,800,2,20260627,S006
93216005,1133,100,0,20260627,S006
93217005,1134,200,1,20260627,S006
93218005,1135,300,2,20260627,S006
93219005,1136,400,0,20260627,S006
93220005,1126,500,1,20260627,S006
93221005,1127,600,2,20260627,S006
93222005,1128,700,0,20260627,S006
93223005,1129,800,1,20260627,S006
93224005,1130,100,2,20260627,S006
93225005,1131,200,0,20260627,S006
93226005,1132,300,1,20260627,S006
93227005,1133,400,2,20260627,S006
93228005,1134,500,0,20260627,S006
93229005,1135,600,1,20260627,S006
93230005,1136,700,2,20260627,S006
93231005,1126,800,0,20260627,S006
93232005,1127,100,1,20260627,S006
93233005,1128,200,2,20260627,S006
93234005,1129,300,0,20260627,S006
93235005,1130,400,1,20260627,S006
93236005,1131,500,2,20260627,S006
93237005,1132,600,0,20260627,S006
93238005,1133,700,1,20260627,S006
93239005,1134,800,2,20260627,S006
93240005,1135,100,0,20260627,S006
93241005,1136,200,1,20260627,S006
93242005,1126,300,2,20260627,S006
93243005,1127,400,0,20260627,S006
93244005,1128,500,1,20260627,S006
93245005,1129,600,2,20260627,S006
93246005,1130,700,0,20260627,S006
93247005,1131,800,1,20260627,S006
93248005,1132,100,2,20260627,S006
93249005,1133,200,0,20260627,S006
93000006,1151,100,0,20260627,S007
93001006,1152,200,1,20260627,S007
93002006,1153,300,2,20260627,S007
93003006,1154,400,0,20260627,S007
93004006,1155,500,1,20260627,S007
93005006,1156,600,2,20260627,S007
93006006,1157,700,0,20260627,S007
93007006,1158,800,1,20260627,S007
93008006,1159,100,2,20260627,S007
93009006,1160,200,0,20260627,S007
93010006,1161,300,1,20260627,S007
93011006,1151,400,2,20260627,S007
93012006,1152,500,0,20260627,S007
93013006,1153,600,1,20260627,S007
93014006,1154,700,2,20260627,S007
93015006,1155,800,0,20260627,S007
93016006,1156,100,1,20260627,S007
93017006,1157,200,2,20260627,S007
93018006,1158,300,0,20260627,S007
93019006,1159,400,1,20260627,S007
93020006,1160,500,2,20260627,S007
93021006,1161,600,0,20260627,S007
93022006,1151,700,1,20260627,S007
93023006,1152,800,2,20260627,S007
93024006,1153,100,0,20260627,S007
93025006,1154,200,1,20260627,S007
93026006,1155,300,2,20260627,S007
93027006,1156,400,0,20260627,S007
93028006,1157,500,1,20260627,S007
93029006,1158,600,2,20260627,S007
93030006,1159,700,0,20260627,S007
93031006,1160,800,1,20260627,S007
93032006,1161,100,2,20260627,S007
93033006,1151,200,0,20260627,S007
93034006,1152,300,1,20260627,S007
93035006,1153,400,2,20260627,S007
93036006,1154,500,0,20260627,S007
93037006,1155,600,1,20260627,S007
93038006,1156,700,2,20260627,S007
93039006,1157,800,0,20260627,S007
93040006,1158,100,1,20260627,S007
93041006,1159,200,2,20260627,S007
93042006,1160,300,0,20260627,S007
93043006,1161,400,1,20260627,S007
93044006,1151,500,2,20260627,S007
93045006,1152,600,0,20260627,S007
93046006,1153,700,1,20260627,S007
93047006,1154,800,2,20260627,S007
93048006,1155,100,0,20260627,S007
93049006,1156,200,1,20260627,S007
93050006,1157,300,2,20260627,S007
93051006,1158,400,0,20260627,S007
93052006,1159,500,1,20260627,S007
93053006,1160,600,2,20260627,S007
93054006,1161,700,0,20260627,S007
93055006,1151,800,1,20260627,S007
93056006,1152,100,2,20260627,S007
93057006,1153,200,0,20260627,S007
93058006,1154,300,1,20260627,S007
93059006,1155,400,2,20260627,S007
93060006,1156,500,0,20260627,S007
93061006,1157,600,1,20260627,S007
93062006,1158,700,2,20260627,S007
93063006,1159,800,0,20260627,S007
93064006,1160,100,1,20260627,S007
93065006,1161,200,2,20260627,S007
93066006,1151,300,0,20260627,S007
93067006,1152,400,1,20260627,S007
93068006,1153,500,2,20260627,S007
93069006,1154,600,0,20260627,S007
93070006,1155,700,1,20260627,S007
93071006,1156,800,2,20260627,S007
93072006,1157,100,0,20260627,S007
93073006,1158,200,1,20260627,S007
93074006,1159,300,2,20260627,S007
93075006,1160,400,0,20260627,S007
93076006,1161,500,1,20260627,S007
93077006,1151,600,2,20260627,S007
93078006,1152,700,0,20260627,S007
93079006,1153,800,1,20260627,S007
93080006,1154,100,2,20260627,S007
93081006,1155,200,0,20260627,S007
93082006,1156,300,1,20260627,S007
93083006,1157,400,2,20260627,S007
93084006,1158,500,0,20260627,S007
93085006,1159,600,1,20260627,S007
93086006,1160,700,2,20260627,S007
93087006,1161,800,0,20260627,S007
93088006,1151,100,1,20260627,S007
93089006,1152,200,2,20260627,S007
93090006,1153,300,0,20260627,S007
93091006,1154,400,1,20260627,S007
93092006,1155,500,2,20260627,S007
93093006,1156,600,0,20260627,S007
93094006,1157,700,1,20260627,S007
93095006,1158,800,2,20260627,S007
93096006,1159,100,0,20260627,S007
93097006,1160,200,1,20260627,S007
93098006,1161,300,2,20260627,S007
93099006,1151,400,0,20260627,S007
93100006,1152,500,1,20260627,S007
93101006,1153,600,2,20260627,S007
93102006,1154,700,0,20260627,S007
93103006,1155,800,1,20260627,S007
93104006,1156,100,2,20260627,S007
93105006,1157,200,0,20260627,S007
93106006,1158,300,1,20260627,S007
93107006,1159,400,2,20260627,S007
93108006,1160,500,0,20260627,S007
93109006,1161,600,1,20260627,S007
93110006,1151,700,2,20260627,S007
93111006,1152,800,0,20260627,S007
93112006,1153,100,1,20260627,S007
93113006,1154,200,2,20260627,S007
93114006,1155,300,0,20260627,S007
93115006,1156,400,1,20260627,S007
93116006,1157,500,2,20260627,S007
93117006,1158,600,0,20260627,S007
93118006,1159,700,1,20260627,S007
93119006,1160,800,2,20260627,S007
93120006,1161,100,0,20260627,S007
93121006,1151,200,1,20260627,S007
93122006,1152,300,2,20260627,S007
93123006,1153,400,0,20260627,S007
93124006,1154,500,1,20260627,S007
93125006,1155,600,2,20260627,S007
93126006,1156,700,0,20260627,S007
93127006,1157,800,1,20260627,S007
93128006,1158,100,2,20260627,S007
93129006,1159,200,0,20260627,S007
93130006,1160,300,1,20260627,S007
93131006,1161,400,2,20260627,S007
93132006,1151,500,0,20260627,S007
93133006,1152,600,1,20260627,S007
93134006,1153,700,2,20260627,S007
93135006,1154,800,0,20260627,S007
93136006,1155,100,1,20260627,S007
93137006,1156,200,2,20260627,S007
93138006,1157,300,0,20260627,S007
93139006,1158,400,1,20260627,S007
93140006,1159,500,2,20260627,S007
93141006,1160,600,0,20260627,S007
93142006,1161,700,1,20260627,S007
93143006,1151,800,2,20260627,S007
93144006,1152,100,0,20260627,S007
93145006,1153,200,1,20260627,S007
93146006,1154,300,2,20260627,S007
93147006,1155,400,0,20260627,S007
93148006,1156,500,1,20260627,S007
93149006,1157,600,2,20260627,S007
93150006,1158,700,0,20260627,S007
93151006,1159,800,1,20260627,S007
93152006,1160,100,2,20260627,S007
93153006,1161,200,0,20260627,S007
93154006,1151,300,1,20260627,S007
93155006,1152,400,2,20260627,S007
93156006,1153,500,0,20260627,S007
93157006,1154,600,1,20260627,S007
93158006,1155,700,2,20260627,S007
93159006,1156,800,0,20260627,S007
93160006,1157,100,1,20260627,S007
93161006,1158,200,2,20260627,S007
93162006,1159,300,0,20260627,S007
93163006,1160,400,1,20260627,S007
93164006,1161,500,2,20260627,S007
93165006,1151,600,0,20260627,S007
93166006,1152,700,1,20260627,S007
93167006,1153,800,2,20260627,S007
93168006,1154,100,0,20260627,S007
93169006,1155,200,1,20260627,S007
93170006,1156,300,2,20260627,S007
93171006,1157,400,0,20260627,S007
93172006,1158,500,1,20260627,S007
93173006,1159,600,2,20260627,S007
93174006,1160,700,0,20260627,S007
93175006,1161,800,1,20260627,S007
93176006,1151,100,2,20260627,S007
93177006,1152,200,0,20260627,S007
93178006,1153,300,1,20260627,S007
93179006,1154,400,2,20260627,S007
93180006,1155,500,0,20260627,S007
93181006,1156,600,1,20260627,S007
93182006,1157,700,2,20260627,S007
93183006,1158,800,0,20260627,S007
93184006,1159,100,1,20260627,S007
93185006,1160,200,2,20260627,S007
93186006,1161,300,0,20260627,S007
93187006,1151,400,1,20260627,S007
93188006,1152,500,2,20260627,S007
93189006,1153,600,0,20260627,S007
93190006,1154,700,1,20260627,S007
93191006,1155,800,2,20260627,S007
93192006,1156,100,0,20260627,S007
93193006,1157,200,1,20260627,S007
93194006,1158,300,2,20260627,S007
93195006,1159,400,0,20260627,S007
93196006,1160,500,1,20260627,S007
93197006,1161,600,2,20260627,S007
93198006,1151,700,0,20260627,S007
93199006,1152,800,1,20260627,S007
93200006,1153,100,2,20260627,S007
93201006,1154,200,0,20260627,S007
93202006,1155,300,1,20260627,S007
93203006,1156,400,2,20260627,S007
93204006,1157,500,0,20260627,S007
93205006,1158,600,1,20260627,S007
93206006,1159,700,2,20260627,S007
93207006,1160,800,0,20260627,S007
93208006,1161,100,1,20260627,S007
93209006,1151,200,2,20260627,S007
93210006,1152,300,0,20260627,S007
93211006,1153,400,1,20260627,S007
93212006,1154,500,2,20260627,S007
93213006,1155,600,0,20260627,S007
93214006,1156,700,1,20260627,S007
93215006,1157,800,2,20260627,S007
93216006,1158,100,0,20260627,S007
93217006,1159,200,1,20260627,S007
93218006,1160,300,2,20260627,S007
93219006,1161,400,0,20260627,S007
93220006,1151,500,1,20260627,S007
93221006,1152,600,2,20260627,S007
93222006,1153,700,0,20260627,S007
93223006,1154,800,1,20260627,S007
93224006,1155,100,2,20260627,S007
93225006,1156,200,0,20260627,S007
93226006,1157,300,1,20260627,S007
93227006,1158,400,2,20260627,S007
93228006,1159,500,0,20260627,S007
93229006,1160,600,1,20260627,S007
93230006,1161,700,2,20260627,S007
93231006,1151,800,0,20260627,S007
93232006,1152,100,1,20260627,S007
93233006,1153,200,2,20260627,S007
93234006,1154,300,0,20260627,S007
93235006,1155,400,1,20260627,S007
93236006,1156,500,2,20260627,S007
93237006,1157,600,0,20260627,S007
93238006,1158,700,1,20260627,S007
93239006,1159,800,2,20260627,S007
93240006,1160,100,0,20260627,S007
93241006,1161,200,1,20260627,S007
93242006,1151,300,2,20260627,S007
93243006,1152,400,0,20260627,S007
93244006,1153,500,1,20260627,S007
93245006,1154,600,2,20260627,S007
93246006,1155,700,0,20260627,S007
93247006,1156,800,1,20260627,S007
93248006,1157,100,2,20260627,S007
93249006,1158,200,0,20260627,S007
93000007,1176,100,0,20260627,S008
93001007,1177,200,1,20260627,S008
93002007,1178,300,2,20260627,S008
93003007,1179,400,0,20260627,S008
93004007,1180,500,1,20260627,S008
93005007,1181,600,2,20260627,S008
93006007,1182,700,0,20260627,S008
93007007,1183,800,1,20260627,S008
93008007,1184,100,2,20260627,S008
93009007,1185,200,0,20260627,S008
93010007,1186,300,1,20260627,S008
93011007,1176,400,2,20260627,S008
93012007,1177,500,0,20260627,S008
93013007,1178,600,1,20260627,S008
93014007,1179,700,2,20260627,S008
93015007,1180,800,0,20260627,S008
93016007,1181,100,1,20260627,S008
93017007,1182,200,2,20260627,S008
93018007,1183,300,0,20260627,S008
93019007,1184,400,1,20260627,S008
93020007,1185,500,2,20260627,S008
93021007,1186,600,0,20260627,S008
93022007,1176,700,1,20260627,S008
93023007,1177,800,2,20260627,S008
93024007,1178,100,0,20260627,S008
93025007,1179,200,1,20260627,S008
93026007,1180,300,2,20260627,S008
93027007,1181,400,0,20260627,S008
93028007,1182,500,1,20260627,S008
93029007,1183,600,2,20260627,S008
93030007,1184,700,0,20260627,S008
93031007,1185,800,1,20260627,S008
93032007,1186,100,2,20260627,S008
93033007,1176,200,0,20260627,S008
93034007,1177,300,1,20260627,S008
93035007,1178,400,2,20260627,S008
93036007,1179,500,0,20260627,S008
93037007,1180,600,1,20260627,S008
93038007,1181,700,2,20260627,S008
93039007,1182,800,0,20260627,S008
93040007,1183,100,1,20260627,S008
93041007,1184,200,2,20260627,S008
93042007,1185,300,0,20260627,S008
93043007,1186,400,1,20260627,S008
93044007,1176,500,2,20260627,S008
93045007,1177,600,0,20260627,S008
93046007,1178,700,1,20260627,S008
93047007,1179,800,2,20260627,S008
93048007,1180,100,0,20260627,S008
93049007,1181,200,1,20260627,S008
93050007,1182,300,2,20260627,S008
93051007,1183,400,0,20260627,S008
93052007,1184,500,1,20260627,S008
93053007,1185,600,2,20260627,S008
93054007,1186,700,0,20260627,S008
93055007,1176,800,1,20260627,S008
93056007,1177,100,2,20260627,S008
93057007,1178,200,0,20260627,S008
93058007,1179,300,1,20260627,S008
93059007,1180,400,2,20260627,S008
93060007,1181,500,0,20260627,S008
93061007,1182,600,1,20260627,S008
93062007,1183,700,2,20260627,S008
93063007,1184,800,0,20260627,S008
93064007,1185,100,1,20260627,S008
93065007,1186,200,2,20260627,S008
93066007,1176,300,0,20260627,S008
93067007,1177,400,1,20260627,S008
93068007,1178,500,2,20260627,S008
93069007,1179,600,0,20260627,S008
93070007,1180,700,1,20260627,S008
93071007,1181,800,2,20260627,S008
93072007,1182,100,0,20260627,S008
93073007,1183,200,1,20260627,S008
93074007,1184,300,2,20260627,S008
93075007,1185,400,0,20260627,S008
93076007,1186,500,1,20260627,S008
93077007,1176,600,2,20260627,S008
93078007,1177,700,0,20260627,S008
93079007,1178,800,1,20260627,S008
93080007,1179,100,2,20260627,S008
93081007,1180,200,0,20260627,S008
93082007,1181,300,1,20260627,S008
93083007,1182,400,2,20260627,S008
93084007,1183,500,0,20260627,S008
93085007,1184,600,1,20260627,S008
93086007,1185,700,2,20260627,S008
93087007,1186,800,0,20260627,S008
93088007,1176,100,1,20260627,S008
93089007,1177,200,2,20260627,S008
93090007,1178,300,0,20260627,S008
93091007,1179,400,1,20260627,S008
93092007,1180,500,2,20260627,S008
93093007,1181,600,0,20260627,S008
93094007,1182,700,1,20260627,S008
93095007,1183,800,2,20260627,S008
93096007,1184,100,0,20260627,S008
93097007,1185,200,1,20260627,S008
93098007,1186,300,2,20260627,S008
93099007,1176,400,0,20260627,S008
93100007,1177,500,1,20260627,S008
93101007,1178,600,2,20260627,S008
93102007,1179,700,0,20260627,S008
93103007,1180,800,1,20260627,S008
93104007,1181,100,2,20260627,S008
93105007,1182,200,0,20260627,S008
93106007,1183,300,1,20260627,S008
93107007,1184,400,2,20260627,S008
93108007,1185,500,0,20260627,S008
93109007,1186,600,1,20260627,S008
93110007,1176,700,2,20260627,S008
93111007,1177,800,0,20260627,S008
93112007,1178,100,1,20260627,S008
93113007,1179,200,2,20260627,S008
93114007,1180,300,0,20260627,S008
93115007,1181,400,1,20260627,S008
93116007,1182,500,2,20260627,S008
93117007,1183,600,0,20260627,S008
93118007,1184,700,1,20260627,S008
93119007,1185,800,2,20260627,S008
93120007,1186,100,0,20260627,S008
93121007,1176,200,1,20260627,S008
93122007,1177,300,2,20260627,S008
93123007,1178,400,0,20260627,S008
93124007,1179,500,1,20260627,S008
93125007,1180,600,2,20260627,S008
93126007,1181,700,0,20260627,S008
93127007,1182,800,1,20260627,S008
93128007,1183,100,2,20260627,S008
93129007,1184,200,0,20260627,S008
93130007,1185,300,1,20260627,S008
93131007,1186,400,2,20260627,S008
93132007,1176,500,0,20260627,S008
93133007,1177,600,1,20260627,S008
93134007,1178,700,2,20260627,S008
93135007,1179,800,0,20260627,S008
93136007,1180,100,1,20260627,S008
93137007,1181,200,2,20260627,S008
93138007,1182,300,0,20260627,S008
93139007,1183,400,1,20260627,S008
93140007,1184,500,2,20260627,S008
93141007,1185,600,0,20260627,S008
93142007,1186,700,1,20260627,S008
93143007,1176,800,2,20260627,S008
93144007,1177,100,0,20260627,S008
93145007,1178,200,1,20260627,S008
93146007,1179,300,2,20260627,S008
93147007,1180,400,0,20260627,S008
93148007,1181,500,1,20260627,S008
93149007,1182,600,2,20260627,S008
93150007,1183,700,0,20260627,S008
93151007,1184,800,1,20260627,S008
93152007,1185,100,2,20260627,S008
93153007,1186,200,0,20260627,S008
93154007,1176,300,1,20260627,S008
93155007,1177,400,2,20260627,S008
93156007,1178,500,0,20260627,S008
93157007,1179,600,1,20260627,S008
93158007,1180,700,2,20260627,S008
93159007,1181,800,0,20260627,S008
93160007,1182,100,1,20260627,S008
93161007,1183,200,2,20260627,S008
93162007,1184,300,0,20260627,S008
93163007,1185,400,1,20260627,S008
93164007,1186,500,2,20260627,S008
93165007,1176,600,0,20260627,S008
93166007,1177,700,1,20260627,S008
93167007,1178,800,2,20260627,S008
93168007,1179,100,0,20260627,S008
93169007,1180,200,1,20260627,S008
93170007,1181,300,2,20260627,S008
93171007,1182,400,0,20260627,S008
93172007,1183,500,1,20260627,S008
93173007,1184,600,2,20260627,S008
93174007,1185,700,0,20260627,S008
93175007,1186,800,1,20260627,S008
93176007,1176,100,2,20260627,S008
93177007,1177,200,0,20260627,S008
93178007,1178,300,1,20260627,S008
93179007,1179,400,2,20260627,S008
93180007,1180,500,0,20260627,S008
93181007,1181,600,1,20260627,S008
93182007,1182,700,2,20260627,S008
93183007,1183,800,0,20260627,S008
93184007,1184,100,1,20260627,S008
93185007,1185,200,2,20260627,S008
93186007,1186,300,0,20260627,S008
93187007,1176,400,1,20260627,S008
93188007,1177,500,2,20260627,S008
93189007,1178,600,0,20260627,S008
93190007,1179,700,1,20260627,S008
93191007,1180,800,2,20260627,S008
93192007,1181,100,0,20260627,S008
93193007,1182,200,1,20260627,S008
93194007,1183,300,2,20260627,S008
93195007,1184,400,0,20260627,S008
93196007,1185,500,1,20260627,S008
93197007,1186,600,2,20260627,S008
93198007,1176,700,0,20260627,S008
93199007,1177,800,1,20260627,S008
93200007,1178,100,2,20260627,S008
93201007,1179,200,0,20260627,S008
93202007,1180,300,1,20260627,S008
93203007,1181,400,2,20260627,S008
93204007,1182,500,0,20260627,S008
93205007,1183,600,1,20260627,S008
93206007,1184,700,2,20260627,S008
93207007,1185,800,0,20260627,S008
93208007,1186,100,1,20260627,S008
93209007,1176,200,2,20260627,S008
93210007,1177,300,0,20260627,S008
93211007,1178,400,1,20260627,S008
93212007,1179,500,2,20260627,S008
93213007,1180,600,0,20260627,S008
93214007,1181,700,1,20260627,S008
93215007,1182,800,2,20260627,S008
93216007,1183,100,0,20260627,S008
93217007,1184,200,1,20260627,S008
93218007,1185,300,2,20260627,S008
93219007,1186,400,0,20260627,S008
93220007,1176,500,1,20260627,S008
93221007,1177,600,2,20260627,S008
93222007,1178,700,0,20260627,S008
93223007,1179,800,1,20260627,S008
93224007,1180,100,2,20260627,S008
93225007,1181,200,0,20260627,S008
93226007,1182,300,1,20260627,S008
93227007,1183,400,2,20260627,S008
93228007,1184,500,0,20260627,S008
93229007,1185,600,1,20260627,S008
93230007,1186,700,2,20260627,S008
93231007,1176,800,0,20260627,S008
93232007,1177,100,1,20260627,S008
93233007,1178,200,2,20260627,S008
93234007,1179,300,0,20260627,S008
93235007,1180,400,1,20260627,S008
93236007,1181,500,2,20260627,S008
93237007,1182,600,0,20260627,S008
93238007,1183,700,1,20260627,S008
93239007,1184,800,2,20260627,S008
93240007,1185,100,0,20260627,S008
93241007,1186,200,1,20260627,S008
93242007,1176,300,2,20260627,S008
93243007,1177,400,0,20260627,S008
93244007,1178,500,1,20260627,S008
93245007,1179,600,2,20260627,S008
93246007,1180,700,0,20260627,S008
93247007,1181,800,1,20260627,S008
93248007,1182,100,2,20260627,S008
93249007,1183,200,0,20260627,S008
93000000,1004,100,0,20260628,S001
93001000,1005,200,1,20260628,S001
93002000,1006,300,2,20260628,S001
93003000,1007,400,0,20260628,S001
93004000,1008,500,1,20260628,S001
93005000,1009,600,2,20260628,S001
93006000,1010,700,0,20260628,S001
93007000,1011,800,1,20260628,S001
93008000,1012,100,2,20260628,S001
93009000,1013,200,0,20260628,S001
93010000,1014,300,1,20260628,S001
93011000,1004,400,2,20260628,S001
93012000,1005,500,0,20260628,S001
93013000,1006,600,1,20260628,S001
93014000,1007,700,2,20260628,S001
93015000,1008,800,0,20260628,S001
93016000,1009,100,1,20260628,S001
93017000,1010,200,2,20260628,S001
93018000,1011,300,0,20260628,S001
93019000,1012,400,1,20260628,S001
93020000,1013,500,2,20260628,S001
93021000,1014,600,0,20260628,S001
93022000,1004,700,1,20260628,S001
93023000,1005,800,2,20260628,S001
93024000,1006,100,0,20260628,S001
93025000,1007,200,1,20260628,S001
93026000,1008,300,2,20260628,S001
93027000,1009,400,0,20260628,S001
93028000,1010,500,1,20260628,S001
93029000,1011,600,2,20260628,S001
93030000,1012,700,0,20260628,S001
93031000,1013,800,1,20260628,S001
93032000,1014,100,2,20260628,S001
93033000,1004,200,0,20260628,S001
93034000,1005,300,1,20260628,S001
93035000,1006,400,2,20260628,S001
93036000,1007,500,0,20260628,S001
93037000,1008,600,1,20260628,S001
93038000,1009,700,2,20260628,S001
93039000,1010,800,0,20260628,S001
93040000,1011,100,1,20260628,S001
93041000,1012,200,2,20260628,S001
93042000,1013,300,0,20260628,S001
93043000,1014,400,1,20260628,S001
93044000,1004,500,2,20260628,S001
93045000,1005,600,0,20260628,S001
93046000,1006,700,1,20260628,S001
93047000,1007,800,2,20260628,S001
93048000,1008,100,0,20260628,S001
93049000,1009,200,1,20260628,S001
93050000,1010,300,2,20260628,S001
93051000,1011,400,0,20260628,S001
93052000,1012,500,1,20260628,S001
93053000,1013,600,2,20260628,S001
93054000,1014,700,0,20260628,S001
93055000,1004,800,1,20260628,S001
93056000,1005,100,2,20260628,S001
93057000,1006,200,0,20260628,S001
93058000,1007,300,1,20260628,S001
93059000,1008,400,2,20260628,S001
93060000,1009,500,0,20260628,S001
93061000,1010,600,1,20260628,S001
93062000,1011,700,2,20260628,S001
93063000,1012,800,0,20260628,S001
93064000,1013,100,1,20260628,S001
93065000,1014,200,2,20260628,S001
93066000,1004,300,0,20260628,S001
93067000,1005,400,1,20260628,S001
93068000,1006,500,2,20260628,S001
93069000,1007,600,0,20260628,S001
93070000,1008,700,1,20260628,S001
93071000,1009,800,2,20260628,S001
93072000,1010,100,0,20260628,S001
93073000,1011,200,1,20260628,S001
93074000,1012,300,2,20260628,S001
93075000,1013,400,0,20260628,S001
93076000,1014,500,1,20260628,S001
93077000,1004,600,2,20260628,S001
93078000,1005,700,0,20260628,S001
93079000,1006,800,1,20260628,S001
93080000,1007,100,2,20260628,S001
93081000,1008,200,0,20260628,S001
93082000,1009,300,1,20260628,S001
93083000,1010,400,2,20260628,S001
93084000,1011,500,0,20260628,S001
93085000,1012,600,1,20260628,S001
93086000,1013,700,2,20260628,S001
93087000,1014,800,0,20260628,S001
93088000,1004,100,1,20260628,S001
93089000,1005,200,2,20260628,S001
93090000,1006,300,0,20260628,S001
93091000,1007,400,1,20260628,S001
93092000,1008,500,2,20260628,S001
93093000,1009,600,0,20260628,S001
93094000,1010,700,1,20260628,S001
93095000,1011,800,2,20260628,S001
93096000,1012,100,0,20260628,S001
93097000,1013,200,1,20260628,S001
93098000,1014,300,2,20260628,S001
93099000,1004,400,0,20260628,S001
93100000,1005,500,1,20260628,S001
93101000,1006,600,2,20260628,S001
93102000,1007,700,0,20260628,S001
93103000,1008,800,1,20260628,S001
93104000,1009,100,2,20260628,S001
93105000,1010,200,0,20260628,S001
93106000,1011,300,1,20260628,S001
93107000,1012,400,2,20260628,S001
93108000,1013,500,0,20260628,S001
93109000,1014,600,1,20260628,S001
93110000,1004,700,2,20260628,S001
93111000,1005,800,0,20260628,S001
93112000,1006,100,1,20260628,S001
93113000,1007,200,2,20260628,S001
93114000,1008,300,0,20260628,S001
93115000,1009,400,1,20260628,S001
93116000,1010,500,2,20260628,S001
93117000,1011,600,0,20260628,S001
93118000,1012,700,1,20260628,S001
93119000,1013,800,2,20260628,S001
93120000,1014,100,0,20260628,S001
93121000,1004,200,1,20260628,S001
93122000,1005,300,2,20260628,S001
93123000,1006,400,0,20260628,S001
93124000,1007,500,1,20260628,S001
93125000,1008,600,2,20260628,S001
93126000,1009,700,0,20260628,S001
93127000,1010,800,1,20260628,S001
93128000,1011,100,2,20260628,S001
93129000,1012,200,0,20260628,S001
93130000,1013,300,1,20260628,S001
93131000,1014,400,2,20260628,S001
93132000,1004,500,0,20260628,S001
93133000,1005,600,1,20260628,S001
93134000,1006,700,2,20260628,S001
93135000,1007,800,0,20260628,S001
93136000,1008,100,1,20260628,S001
93137000,1009,200,2,20260628,S001
93138000,1010,300,0,20260628,S001
93139000,1011,400,1,20260628,S001
93140000,1012,500,2,20260628,S001
93141000,1013,600,0,20260628,S001
93142000,1014,700,1,20260628,S001
93143000,1004,800,2,20260628,S001
93144000,1005,100,0,20260628,S001
93145000,1006,200,1,20260628,S001
93146000,1007,300,2,20260628,S001
93147000,1008,400,0,20260628,S001
93148000,1009,500,1,20260628,S001
93149000,1010,600,2,20260628,S001
93150000,1011,700,0,20260628,S001
93151000,1012,800,1,20260628,S001
93152000,1013,100,2,20260628,S001
93153000,1014,200,0,20260628,S001
93154000,1004,300,1,20260628,S001
93155000,1005,400,2,20260628,S001
93156000,1006,500,0,20260628,S001
93157000,1007,600,1,20260628,S001
93158000,1008,700,2,20260628,S001
93159000,1009,800,0,20260628,S001
93160000,1010,100,1,20260628,S001
93161000,1011,200,2,20260628,S001
93162000,1012,300,0,20260628,S001
93163000,1013,400,1,20260628,S001
93164000,1014,500,2,20260628,S001
93165000,1004,600,0,20260628,S001
93166000,1005,700,1,20260628,S001
93167000,1006,800,2,20260628,S001
93168000,1007,100,0,20260628,S001
93169000,1008,200,1,20260628,S001
93170000,1009,300,2,20260628,S001
93171000,1010,400,0,20260628,S001
93172000,1011,500,1,20260628,S001
93173000,1012,600,2,20260628,S001
93174000,1013,700,0,20260628,S001
93175000,1014,800,1,20260628,S001
93176000,1004,100,2,20260628,S001
93177000,1005,200,0,20260628,S001
93178000,1006,300,1,20260628,S001
93179000,1007,400,2,20260628,S001
93180000,1008,500,0,20260628,S001
93181000,1009,600,1,20260628,S001
93182000,1010,700,2,20260628,S001
93183000,1011,800,0,20260628,S001
93184000,1012,100,1,20260628,S001
93185000,1013,200,2,20260628,S001
93186000,1014,300,0,20260628,S001
93187000,1004,400,1,20260628,S001
93188000,1005,500,2,20260628,S001
93189000,1006,600,0,20260628,S001
93190000,1007,700,1,20260628,S001
93191000,1008,800,2,20260628,S001
93192000,1009,100,0,20260628,S001
93193000,1010,200,1,20260628,S001
93194000,1011,300,2,20260628,S001
93195000,1012,400,0,20260628,S001
93196000,1013,500,1,20260628,S001
93197000,1014,600,2,20260628,S001
93198000,1004,700,0,20260628,S001
93199000,1005,800,1,20260628,S001
93200000,1006,100,2,20260628,S001
93201000,1007,200,0,20260628,S001
93202000,1008,300,1,20260628,S001
93203000,1009,400,2,20260628,S001
93204000,1010,500,0,20260628,S001
93205000,1011,600,1,20260628,S001
93206000,1012,700,2,20260628,S001
93207000,1013,800,0,20260628,S001
93208000,1014,100,1,20260628,S001
93209000,1004,200,2,20260628,S001
93210000,1005,300,0,20260628,S001
93211000,1006,400,1,20260628,S001
93212000,1007,500,2,20260628,S001
93213000,1008,600,0,20260628,S001
93214000,1009,700,1,20260628,S001
93215000,1010,800,2,20260628,S001
93216000,1011,100,0,20260628,S001
93217000,1012,200,1,20260628,S001
93218000,1013,300,2,20260628,S001
93219000,1014,400,0,20260628,S001
93220000,1004,500,1,20260628,S001
93221000,1005,600,2,20260628,S001
93222000,1006,700,0,20260628,S001
93223000,1007,800,1,20260628,S001
93224000,1008,100,2,20260628,S001
93225000,1009,200,0,20260628,S001
93226000,1010,300,1,20260628,S001
93227000,1011,400,2,20260628,S001
93228000,1012,500,0,20260628,S001
93229000,1013,600,1,20260628,S001
93230000,1014,700,2,20260628,S001
93231000,1004,800,0,20260628,S001
93232000,1005,100,1,20260628,S001
93233000,1006,200,2,20260628,S001
93234000,1007,300,0,20260628,S001
93235000,1008,400,1,20260628,S001
93236000,1009,500,2,20260628,S001
93237000,1010,600,0,20260628,S001
93238000,1011,700,1,20260628,S001
93239000,1012,800,2,20260628,S001
93240000,1013,100,0,20260628,S001
93241000,1014,200,1,20260628,S001
93242000,1004,300,2,20260628,S001
93243000,1005,400,0,20260628,S001
93244000,1006,500,1,20260628,S001
93245000,1007,600,2,20260628,S001
93246000,1008,700,0,20260628,S001
93247000,1009,800,1,20260628,S001
93248000,1010,100,2,20260628,S001
93249000,1011,200,0,20260628,S001
93000001,1029,100,0,20260628,S002
93001001,1030,200,1,20260628,S002
93002001,1031,300,2,20260628,S002
93003001,1032,400,0,20260628,S002
93004001,1033,500,1,20260628,S002
93005001,1034,600,2,20260628,S002
93006001,1035,700,0,20260628,S002
93007001,1036,800,1,20260628,S002
93008001,1037,100,2,20260628,S002
93009001,1038,200,0,20260628,S002
93010001,1039,300,1,20260628,S002
93011001,1029,400,2,20260628,S002
93012001,1030,500,0,20260628,S002
93013001,1031,600,1,20260628,S002
93014001,1032,700,2,20260628,S002
93015001,1033,800,0,20260628,S002
93016001,1034,100,1,20260628,S002
93017001,1035,200,2,20260628,S002
93018001,1036,300,0,20260628,S002
93019001,1037,400,1,20260628,S002
93020001,1038,500,2,20260628,S002
93021001,1039,600,0,20260628,S002
93022001,1029,700,1,20260628,S002
93023001,1030,800,2,20260628,S002
93024001,1031,100,0,20260628,S002
93025001,1032,200,1,20260628,S002
93026001,1033,300,2,20260628,S002
93027001,1034,400,0,20260628,S002
93028001,1035,500,1,20260628,S002
93029001,1036,600,2,20260628,S002
93030001,1037,700,0,20260628,S002
93031001,1038,800,1,20260628,S002
93032001,1039,100,2,20260628,S002
93033001,1029,200,0,20260628,S002
93034001,1030,300,1,20260628,S002
93035001,1031,400,2,20260628,S002
93036001,1032,500,0,20260628,S002
93037001,1033,600,1,20260628,S002
93038001,1034,700,2,20260628,S002
93039001,1035,800,0,20260628,S002
93040001,1036,100,1,20260628,S002
93041001,1037,200,2,20260628,S002
93042001,1038,300,0,20260628,S002
93043001,1039,400,1,20260628,S002
93044001,1029,500,2,20260628,S002
93045001,1030,600,0,20260628,S002
93046001,1031,700,1,20260628,S002
93047001,1032,800,2,20260628,S002
93048001,1033,100,0,20260628,S002
93049001,1034,200,1,20260628,S002
93050001,1035,300,2,20260628,S002
93051001,1036,400,0,20260628,S002
93052001,1037,500,1,20260628,S002
93053001,1038,600,2,20260628,S002
93054001,1039,700,0,20260628,S002
93055001,1029,800,1,20260628,S002
93056001,1030,100,2,20260628,S002
93057001,1031,200,0,20260628,S002
93058001,1032,300,1,20260628,S002
93059001,1033,400,2,20260628,S002
93060001,1034,500,0,20260628,S002
93061001,1035,600,1,20260628,S002
93062001,1036,700,2,20260628,S002
93063001,1037,800,0,20260628,S002
93064001,1038,100,1,20260628,S002
93065001,1039,200,2,20260628,S002
93066001,1029,300,0,20260628,S002
93067001,1030,400,1,20260628,S002
93068001,1031,500,2,20260628,S002
93069001,1032,600,0,20260628,S002
93070001,1033,700,1,20260628,S002
93071001,1034,800,2,20260628,S002
93072001,1035,100,0,20260628,S002
93073001,1036,200,1,20260628,S002
93074001,1037,300,2,20260628,S002
93075001,1038,400,0,20260628,S002
93076001,1039,500,1,20260628,S002
93077001,1029,600,2,20260628,S002
93078001,1030,700,0,20260628,S002
93079001,1031,800,1,20260628,S002
93080001,1032,100,2,20260628,S002
93081001,1033,200,0,20260628,S002
93082001,1034,300,1,20260628,S002
93083001,1035,400,2,20260628,S002
93084001,1036,500,0,20260628,S002
93085001,1037,600,1,20260628,S002
93086001,1038,700,2,20260628,S002
93087001,1039,800,0,20260628,S002
93088001,1029,100,1,20260628,S002
93089001,1030,200,2,20260628,S002
93090001,1031,300,0,20260628,S002
93091001,1032,400,1,20260628,S002
93092001,1033,500,2,20260628,S002
93093001,1034,600,0,20260628,S002
93094001,1035,700,1,20260628,S002
93095001,1036,800,2,20260628,S002
93096001,1037,100,0,20260628,S002
93097001,1038,200,1,20260628,S002
93098001,1039,300,2,20260628,S002
93099001,1029,400,0,20260628,S002
93100001,1030,500,1,20260628,S002
93101001,1031,600,2,20260628,S002
93102001,1032,700,0,20260628,S002
93103001,1033,800,1,20260628,S002
93104001,1034,100,2,20260628,S002
93105001,1035,200,0,20260628,S002
93106001,1036,300,1,20260628,S002
93107001,1037,400,2,20260628,S002
93108001,1038,500,0,20260628,S002
93109001,1039,600,1,20260628,S002
93110001,1029,700,2,20260628,S002
93111001,1030,800,0,20260628,S002
93112001,1031,100,1,20260628,S002
93113001,1032,200,2,20260628,S002
93114001,1033,300,0,20260628,S002
93115001,1034,400,1,20260628,S002
93116001,1035,500,2,20260628,S002
93117001,1036,600,0,20260628,S002
93118001,1037,700,1,20260628,S002
93119001,1038,800,2,20260628,S002
93120001,1039,100,0,20260628,S002
93121001,1029,200,1,20260628,S002
93122001,1030,300,2,20260628,S002
93123001,1031,400,0,20260628,S002
93124001,1032,500,1,20260628,S002
93125001,1033,600,2,20260628,S002
93126001,1034,700,0,20260628,S002
93127001,1035,800,1,20260628,S002
93128001,1036,100,2,20260628,S002
93129001,1037,200,0,20260628,S002
93130001,1038,300,1,20260628,S002
93131001,1039,400,2,20260628,S002
93132001,1029,500,0,20260628,S002
93133001,1030,600,1,20260628,S002
93134001,1031,700,2,20260628,S002
93135001,1032,800,0,20260628,S002
93136001,1033,100,1,20260628,S002
93137001,1034,200,2,20260628,S002
93138001,1035,300,0,20260628,S002
93139001,1036,400,1,20260628,S002
93140001,1037,500,2,20260628,S002
93141001,1038,600,0,20260628,S002
93142001,1039,700,1,20260628,S002
93143001,1029,800,2,20260628,S002
93144001,1030,100,0,20260628,S002
93145001,1031,200,1,20260628,S002
93146001,1032,300,2,20260628,S002
93147001,1033,400,0,20260628,S002
93148001,1034,500,1,20260628,S002
93149001,1035,600,2,20260628,S002
93150001,1036,700,0,20260628,S002
93151001,1037,800,1,20260628,S002
93152001,1038,100,2,20260628,S002
93153001,1039,200,0,20260628,S002
93154001,1029,300,1,20260628,S002
93155001,1030,400,2,20260628,S002
93156001,1031,500,0,20260628,S002
93157001,1032,600,1,20260628,S002
93158001,1033,700,2,20260628,S002
93159001,1034,800,0,20260628,S002
93160001,1035,100,1,20260628,S002
93161001,1036,200,2,20260628,S002
93162001,1037,300,0,20260628,S002
93163001,1038,400,1,20260628,S002
93164001,1039,500,2,20260628,S002
93165001,1029,600,0,20260628,S002
93166001,1030,700,1,20260628,S002
93167001,1031,800,2,20260628,S002
93168001,1032,100,0,20260628,S002
93169001,1033,200,1,20260628,S002
93170001,1034,300,2,20260628,S002
93171001,1035,400,0,20260628,S002
93172001,1036,500,1,20260628,S002
93173001,1037,600,2,20260628,S002
93174001,1038,700,0,20260628,S002
93175001,1039,800,1,20260628,S002
93176001,1029,100,2,20260628,S002
93177001,1030,200,0,20260628,S002
93178001,1031,300,1,20260628,S002
93179001,1032,400,2,20260628,S002
93180001,1033,500,0,20260628,S002
93181001,1034,600,1,20260628,S002
93182001,1035,700,2,20260628,S002
93183001,1036,800,0,20260628,S002
93184001,1037,100,1,20260628,S002
93185001,1038,200,2,20260628,S002
93186001,1039,300,0,20260628,S002
93187001,1029,400,1,20260628,S002
93188001,1030,500,2,20260628,S002
93189001,1031,600,0,20260628,S002
93190001,1032,700,1,20260628,S002
93191001,1033,800,2,20260628,S002
93192001,1034,100,0,20260628,S002
93193001,1035,200,1,20260628,S002
93194001,1036,300,2,20260628,S002
93195001,1037,400,0,20260628,S002
93196001,1038,500,1,20260628,S002
93197001,1039,600,2,20260628,S002
93198001,1029,700,0,20260628,S002
93199001,1030,800,1,20260628,S002
93200001,1031,100,2,20260628,S002
93201001,1032,200,0,20260628,S002
93202001,1033,300,1,20260628,S002
93203001,1034,400,2,20260628,S002
93204001,1035,500,0,20260628,S002
93205001,1036,600,1,20260628,S002
93206001,1037,700,2,20260628,S002
93207001,1038,800,0,20260628,S002
93208001,1039,100,1,20260628,S002
93209001,1029,200,2,20260628,S002
93210001,1030,300,0,20260628,S002
93211001,1031,400,1,20260628,S002
93212001,1032,500,2,20260628,S002
93213001,1033,600,0,20260628,S002
93214001,1034,700,1,20260628,S002
93215001,1035,800,2,20260628,S002
93216001,1036,100,0,20260628,S002
93217001,1037,200,1,20260628,S002
93218001,1038,300,2,20260628,S002
93219001,1039,400,0,20260628,S002
93220001,1029,500,1,20260628,S002
93221001,1030,600,2,20260628,S002
93222001,1031,700,0,20260628,S002
93223001,1032,800,1,20260628,S002
93224001,1033,100,2,20260628,S002
93225001,1034,200,0,20260628,S002
93226001,1035,300,1,20260628,S002
93227001,1036,400,2,20260628,S002
93228001,1037,500,0,20260628,S002
93229001,1038,600,1,20260628,S002
93230001,1039,700,2,20260628,S002
93231001,1029,800,0,20260628,S002
93232001,1030,100,1,20260628,S002
93233001,1031,200,2,20260628,S002
93234001,1032,300,0,20260628,S002
93235001,1033,400,1,20260628,S002
93236001,1034,500,2,20260628,S002
93237001,1035,600,0,20260628,S002
93238001,1036,700,1,20260628,S002
93239001,1037,800,2,20260628,S002
93240001,1038,100,0,20260628,S002
93241001,1039,200,1,20260628,S002
93242001,1029,300,2,20260628,S002
93243001,1030,400,0,20260628,S002
93244001,1031,500,1,20260628,S002
93245001,1032,600,2,20260628,S002
93246001,1033,700,0,20260628,S002
93247001,1034,800,1,20260628,S002
93248001,1035,100,2,20260628,S002
93249001,1036,200,0,20260628,S002
93000002,1054,100,0,20260628,S003
93001002,1055,200,1,20260628,S003
93002002,1056,300,2,20260628,S003
93003002,1057,400,0,20260628,S003
93004002,1058,500,1,20260628,S003
93005002,1059,600,2,20260628,S003
93006002,1060,700,0,20260628,S003
93007002,1061,800,1,20260628,S003
93008002,1062,100,2,20260628,S003
93009002,1063,200,0,20260628,S003
93010002,1064,300,1,20260628,S003
93011002,1054,400,2,20260628,S003
93012002,1055,500,0,20260628,S003
93013002,1056,600,1,20260628,S003
93014002,1057,700,2,20260628,S003
93015002,1058,800,0,20260628,S003
93016002,1059,100,1,20260628,S003
93017002,1060,200,2,20260628,S003
93018002,1061,300,0,20260628,S003
93019002,1062,400,1,20260628,S003
93020002,1063,500,2,20260628,S003
93021002,1064,600,0,20260628,S003
93022002,1054,700,1,20260628,S003
93023002,1055,800,2,20260628,S003
93024002,1056,100,0,20260628,S003
93025002,1057,200,1,20260628,S003
93026002,1058,300,2,20260628,S003
93027002,1059,400,0,20260628,S003
93028002,1060,500,1,20260628,S003
93029002,1061,600,2,20260628,S003
93030002,1062,700,0,20260628,S003
93031002,1063,800,1,20260628,S003
93032002,1064,100,2,20260628,S003
93033002,1054,200,0,20260628,S003
93034002,1055,300,1,20260628,S003
93035002,1056,400,2,20260628,S003
93036002,1057,500,0,20260628,S003
93037002,1058,600,1,20260628,S003
93038002,1059,700,2,20260628,S003
93039002,1060,800,0,20260628,S003
93040002,1061,100,1,20260628,S003
93041002,1062,200,2,20260628,S003
93042002,1063,300,0,20260628,S003
93043002,1064,400,1,20260628,S003
93044002,1054,500,2,20260628,S003
93045002,1055,600,0,20260628,S003
93046002,1056,700,1,20260628,S003
93047002,1057,800,2,20260628,S003
93048002,1058,100,0,20260628,S003
93049002,1059,200,1,20260628,S003
93050002,1060,300,2,20260628,S003
93051002,1061,400,0,20260628,S003
93052002,1062,500,1,20260628,S003
93053002,1063,600,2,20260628,S003
93054002,1064,700,0,20260628,S003
93055002,1054,800,1,20260628,S003
93056002,1055,100,2,20260628,S003
93057002,1056,200,0,20260628,S003
93058002,1057,300,1,20260628,S003
93059002,1058,400,2,20260628,S003
93060002,1059,500,0,20260628,S003
93061002,1060,600,1,20260628,S003
93062002,1061,700,2,20260628,S003
93063002,1062,800,0,20260628,S003
93064002,1063,100,1,20260628,S003
93065002,1064,200,2,20260628,S003
93066002,1054,300,0,20260628,S003
93067002,1055,400,1,20260628,S003
93068002,1056,500,2,20260628,S003
93069002,1057,600,0,20260628,S003
93070002,1058,700,1,20260628,S003
93071002,1059,800,2,20260628,S003
93072002,1060,100,0,20260628,S003
93073002,1061,200,1,20260628,S003
93074002,1062,300,2,20260628,S003
93075002,1063,400,0,20260628,S003
93076002,1064,500,1,20260628,S003
93077002,1054,600,2,20260628,S003
93078002,1055,700,0,20260628,S003
93079002,1056,800,1,20260628,S003
93080002,1057,100,2,20260628,S003
93081002,1058,200,0,20260628,S003
93082002,1059,300,1,20260628,S003
93083002,1060,400,2,20260628,S003
93084002,1061,500,0,20260628,S003
93085002,1062,600,1,20260628,S003
93086002,1063,700,2,20260628,S003
93087002,1064,800,0,20260628,S003
93088002,1054,100,1,20260628,S003
93089002,1055,200,2,20260628,S003
93090002,1056,300,0,20260628,S003
93091002,1057,400,1,20260628,S003
93092002,1058,500,2,20260628,S003
93093002,1059,600,0,20260628,S003
93094002,1060,700,1,20260628,S003
93095002,1061,800,2,20260628,S003
93096002,1062,100,0,20260628,S003
93097002,1063,200,1,20260628,S003
93098002,1064,300,2,20260628,S003
93099002,1054,400,0,20260628,S003
93100002,1055,500,1,20260628,S003
93101002,1056,600,2,20260628,S003
93102002,1057,700,0,20260628,S003
93103002,1058,800,1,20260628,S003
93104002,1059,100,2,20260628,S003
93105002,1060,200,0,20260628,S003
93106002,1061,300,1,20260628,S003
93107002,1062,400,2,20260628,S003
93108002,1063,500,0,20260628,S003
93109002,1064,600,1,20260628,S003
93110002,1054,700,2,20260628,S003
93111002,1055,800,0,20260628,S003
93112002,1056,100,1,20260628,S003
93113002,1057,200,2,20260628,S003
93114002,1058,300,0,20260628,S003
93115002,1059,400,1,20260628,S003
93116002,1060,500,2,20260628,S003
93117002,1061,600,0,20260628,S003
93118002,1062,700,1,20260628,S003
93119002,1063,800,2,20260628,S003
93120002,1064,100,0,20260628,S003
93121002,1054,200,1,20260628,S003
93122002,1055,300,2,20260628,S003
93123002,1056,400,0,20260628,S003
93124002,1057,500,1,20260628,S003
93125002,1058,600,2,20260628,S003
93126002,1059,700,0,20260628,S003
93127002,1060,800,1,20260628,S003
93128002,1061,100,2,20260628,S003
93129002,1062,200,0,20260628,S003
93130002,1063,300,1,20260628,S003
93131002,1064,400,2,20260628,S003
93132002,1054,500,0,20260628,S003
93133002,1055,600,1,20260628,S003
93134002,1056,700,2,20260628,S003
93135002,1057,800,0,20260628,S003
93136002,1058,100,1,20260628,S003
93137002,1059,200,2,20260628,S003
93138002,1060,300,0,20260628,S003
93139002,1061,400,1,20260628,S003
93140002,1062,500,2,20260628,S003
93141002,1063,600,0,20260628,S003
93142002,1064,700,1,20260628,S003
93143002,1054,800,2,20260628,S003
93144002,1055,100,0,20260628,S003
93145002,1056,200,1,20260628,S003
93146002,1057,300,2,20260628,S003
93147002,1058,400,0,20260628,S003
93148002,1059,500,1,20260628,S003
93149002,1060,600,2,20260628,S003
93150002,1061,700,0,20260628,S003
93151002,1062,800,1,20260628,S003
93152002,1063,100,2,20260628,S003
93153002,1064,200,0,20260628,S003
93154002,1054,300,1,20260628,S003
93155002,1055,400,2,20260628,S003
93156002,1056,500,0,20260628,S003
93157002,1057,600,1,20260628,S003
93158002,1058,700,2,20260628,S003
93159002,1059,800,0,20260628,S003
93160002,1060,100,1,20260628,S003
93161002,1061,200,2,20260628,S003
93162002,1062,300,0,20260628,S003
93163002,1063,400,1,20260628,S003
93164002,1064,500,2,20260628,S003
93165002,1054,600,0,20260628,S003
93166002,1055,700,1,20260628,S003
93167002,1056,800,2,20260628,S003
93168002,1057,100,0,20260628,S003
93169002,1058,200,1,20260628,S003
93170002,1059,300,2,20260628,S003
93171002,1060,400,0,20260628,S003
93172002,1061,500,1,20260628,S003
93173002,1062,600,2,20260628,S003
93174002,1063,700,0,20260628,S003
93175002,1064,800,1,20260628,S003
93176002,1054,100,2,20260628,S003
93177002,1055,200,0,20260628,S003
93178002,1056,300,1,20260628,S003
93179002,1057,400,2,20260628,S003
93180002,1058,500,0,20260628,S003
93181002,1059,600,1,20260628,S003
93182002,1060,700,2,20260628,S003
93183002,1061,800,0,20260628,S003
93184002,1062,100,1,20260628,S003
93185002,1063,200,2,20260628,S003
93186002,1064,300,0,20260628,S003
93187002,1054,400,1,20260628,S003
93188002,1055,500,2,20260628,S003
93189002,1056,600,0,20260628,S003
93190002,1057,700,1,20260628,S003
93191002,1058,800,2,20260628,S003
93192002,1059,100,0,20260628,S003
93193002,1060,200,1,20260628,S003
93194002,1061,300,2,20260628,S003
93195002,1062,400,0,20260628,S003
93196002,1063,500,1,20260628,S003
93197002,1064,600,2,20260628,S003
93198002,1054,700,0,20260628,S003
93199002,1055,800,1,20260628,S003
93200002,1056,100,2,20260628,S003
93201002,1057,200,0,20260628,S003
93202002,1058,300,1,20260628,S003
93203002,1059,400,2,20260628,S003
93204002,1060,500,0,20260628,S003
93205002,1061,600,1,20260628,S003
93206002,1062,700,2,20260628,S003
93207002,1063,800,0,20260628,S003
93208002,1064,100,1,20260628,S003
93209002,1054,200,2,20260628,S003
93210002,1055,300,0,20260628,S003
93211002,1056,400,1,20260628,S003
93212002,1057,500,2,20260628,S003
93213002,1058,600,0,20260628,S003
93214002,1059,700,1,20260628,S003
93215002,1060,800,2,20260628,S003
93216002,1061,100,0,20260628,S003
93217002,1062,200,1,20260628,S003
93218002,1063,300,2,20260628,S003
93219002,1064,400,0,20260628,S003
93220002,1054,500,1,20260628,S003
93221002,1055,600,2,20260628,S003
93222002,1056,700,0,20260628,S003
93223002,1057,800,1,20260628,S003
93224002,1058,100,2,20260628,S003
93225002,1059,200,0,20260628,S003
93226002,1060,300,1,20260628,S003
93227002,1061,400,2,20260628,S003
93228002,1062,500,0,20260628,S003
93229002,1063,600,1,20260628,S003
93230002,1064,700,2,20260628,S003
93231002,1054,800,0,20260628,S003
93232002,1055,100,1,20260628,S003
93233002,1056,200,2,20260628,S003
93234002,1057,300,0,20260628,S003
93235002,1058,400,1,20260628,S003
93236002,1059,500,2,20260628,S003
93237002,1060,600,0,20260628,S003
93238002,1061,700,1,20260628,S003
93239002,1062,800,2,20260628,S003
93240002,1063,100,0,20260628,S003
93241002,1064,200,1,20260628,S003
93242002,1054,300,2,20260628,S003
93243002,1055,400,0,20260628,S003
93244002,1056,500,1,20260628,S003
93245002,1057,600,2,20260628,S003
93246002,1058,700,0,20260628,S003
93247002,1059,800,1,20260628,S003
93248002,1060,100,2,20260628,S003
93249002,1061,200,0,20260628,S003
93000003,1079,100,0,20260628,S004
93001003,1080,200,1,20260628,S004
93002003,1081,300,2,20260628,S004
93003003,1082,400,0,20260628,S004
93004003,1083,500,1,20260628,S004
93005003,1084,600,2,20260628,S004
93006003,1085,700,0,20260628,S004
93007003,1086,800,1,20260628,S004
93008003,1087,100,2,20260628,S004
93009003,1088,200,0,20260628,S004
93010003,1089,300,1,20260628,S004
93011003,1079,400,2,20260628,S004
93012003,1080,500,0,20260628,S004
93013003,1081,600,1,20260628,S004
93014003,1082,700,2,20260628,S004
93015003,1083,800,0,20260628,S004
93016003,1084,100,1,20260628,S004
93017003,1085,200,2,20260628,S004
93018003,1086,300,0,20260628,S004
93019003,1087,400,1,20260628,S004
93020003,1088,500,2,20260628,S004
93021003,1089,600,0,20260628,S004
93022003,1079,700,1,20260628,S004
93023003,1080,800,2,20260628,S004
93024003,1081,100,0,20260628,S004
93025003,1082,200,1,20260628,S004
93026003,1083,300,2,20260628,S004
93027003,1084,400,0,20260628,S004
93028003,1085,500,1,20260628,S004
93029003,1086,600,2,20260628,S004
93030003,1087,700,0,20260628,S004
93031003,1088,800,1,20260628,S004
93032003,1089,100,2,20260628,S004
93033003,1079,200,0,20260628,S004
93034003,1080,300,1,20260628,S004
93035003,1081,400,2,20260628,S004
93036003,1082,500,0,20260628,S004
93037003,1083,600,1,20260628,S004
93038003,1084,700,2,20260628,S004
93039003,1085,800,0,20260628,S004
93040003,1086,100,1,20260628,S004
93041003,1087,200,2,20260628,S004
93042003,1088,300,0,20260628,S004
93043003,1089,400,1,20260628,S004
93044003,1079,500,2,20260628,S004
93045003,1080,600,0,20260628,S004
93046003,1081,700,1,20260628,S004
93047003,1082,800,2,20260628,S004
93048003,1083,100,0,20260628,S004
93049003,1084,200,1,20260628,S004
93050003,1085,300,2,20260628,S004
93051003,1086,400,0,20260628,S004
93052003,1087,500,1,20260628,S004
93053003,1088,600,2,20260628,S004
93054003,1089,700,0,20260628,S004
93055003,1079,800,1,20260628,S004
93056003,1080,100,2,20260628,S004
93057003,1081,200,0,20260628,S004
93058003,1082,300,1,20260628,S004
93059003,1083,400,2,20260628,S004
93060003,1084,500,0,20260628,S004
93061003,1085,600,1,20260628,S004
93062003,1086,700,2,20260628,S004
93063003,1087,800,0,20260628,S004
93064003,1088,100,1,20260628,S004
93065003,1089,200,2,20260628,S004
93066003,1079,300,0,20260628,S004
93067003,1080,400,1,20260628,S004
93068003,1081,500,2,20260628,S004
93069003,1082,600,0,20260628,S004
93070003,1083,700,1,20260628,S004
93071003,1084,800,2,20260628,S004
93072003,1085,100,0,20260628,S004
93073003,1086,200,1,20260628,S004
93074003,1087,300,2,20260628,S004
93075003,1088,400,0,20260628,S004
93076003,1089,500,1,20260628,S004
93077003,1079,600,2,20260628,S004
93078003,1080,700,0,20260628,S004
93079003,1081,800,1,20260628,S004
93080003,1082,100,2,20260628,S004
93081003,1083,200,0,20260628,S004
93082003,1084,300,1,20260628,S004
93083003,1085,400,2,20260628,S004
93084003,1086,500,0,20260628,S004
93085003,1087,600,1,20260628,S004
93086003,1088,700,2,20260628,S004
93087003,1089,800,0,20260628,S004
93088003,1079,100,1,20260628,S004
93089003,1080,200,2,20260628,S004
93090003,1081,300,0,20260628,S004
93091003,1082,400,1,20260628,S004
93092003,1083,500,2,20260628,S004
93093003,1084,600,0,20260628,S004
93094003,1085,700,1,20260628,S004
93095003,1086,800,2,20260628,S004
93096003,1087,100,0,20260628,S004
93097003,1088,200,1,20260628,S004
93098003,1089,300,2,20260628,S004
93099003,1079,400,0,20260628,S004
93100003,1080,500,1,20260628,S004
93101003,1081,600,2,20260628,S004
93102003,1082,700,0,20260628,S004
93103003,1083,800,1,20260628,S004
93104003,1084,100,2,20260628,S004
93105003,1085,200,0,20260628,S004
93106003,1086,300,1,20260628,S004
93107003,1087,400,2,20260628,S004
93108003,1088,500,0,20260628,S004
93109003,1089,600,1,20260628,S004
93110003,1079,700,2,20260628,S004
93111003,1080,800,0,20260628,S004
93112003,1081,100,1,20260628,S004
93113003,1082,200,2,20260628,S004
93114003,1083,300,0,20260628,S004
93115003,1084,400,1,20260628,S004
93116003,1085,500,2,20260628,S004
93117003,1086,600,0,20260628,S004
93118003,1087,700,1,20260628,S004
93119003,1088,800,2,20260628,S004
93120003,1089,100,0,20260628,S004
93121003,1079,200,1,20260628,S004
93122003,1080,300,2,20260628,S004
93123003,1081,400,0,20260628,S004
93124003,1082,500,1,20260628,S004
93125003,1083,600,2,20260628,S004
93126003,1084,700,0,20260628,S004
93127003,1085,800,1,20260628,S004
93128003,1086,100,2,20260628,S004
93129003,1087,200,0,20260628,S004
93130003,1088,300,1,20260628,S004
93131003,1089,400,2,20260628,S004
93132003,1079,500,0,20260628,S004
93133003,1080,600,1,20260628,S004
93134003,1081,700,2,20260628,S004
93135003,1082,800,0,20260628,S004
93136003,1083,100,1,20260628,S004
93137003,1084,200,2,20260628,S004
93138003,1085,300,0,20260628,S004
93139003,1086,400,1,20260628,S004
93140003,1087,500,2,20260628,S004
93141003,1088,600,0,20260628,S004
93142003,1089,700,1,20260628,S004
93143003,1079,800,2,20260628,S004
93144003,1080,100,0,20260628,S004
93145003,1081,200,1,20260628,S004
93146003,1082,300,2,20260628,S004
93147003,1083,400,0,20260628,S004
93148003,1084,500,1,20260628,S004
93149003,1085,600,2,20260628,S004
93150003,1086,700,0,20260628,S004
93151003,1087,800,1,20260628,S004
93152003,1088,100,2,20260628,S004
93153003,1089,200,0,20260628,S004
93154003,1079,300,1,20260628,S004
93155003,1080,400,2,20260628,S004
93156003,1081,500,0,20260628,S004
93157003,1082,600,1,20260628,S004
93158003,1083,700,2,20260628,S004
93159003,1084,800,0,20260628,S004
93160003,1085,100,1,20260628,S004
93161003,1086,200,2,20260628,S004
93162003,1087,300,0,20260628,S004
93163003,1088,400,1,20260628,S004
93164003,1089,500,2,20260628,S004
93165003,1079,600,0,20260628,S004
93166003,1080,700,1,20260628,S004
93167003,1081,800,2,20260628,S004
93168003,1082,100,0,20260628,S004
93169003,1083,200,1,20260628,S004
93170003,1084,300,2,20260628,S004
93171003,1085,400,0,20260628,S004
93172003,1086,500,1,20260628,S004
93173003,1087,600,2,20260628,S004
93174003,1088,700,0,20260628,S004
93175003,1089,800,1,20260628,S004
93176003,1079,100,2,20260628,S004
93177003,1080,200,0,20260628,S004
93178003,1081,300,1,20260628,S004
93179003,1082,400,2,20260628,S004
93180003,1083,500,0,20260628,S004
93181003,1084,600,1,20260628,S004
93182003,1085,700,2,20260628,S004
93183003,1086,800,0,20260628,S004
93184003,1087,100,1,20260628,S004
93185003,1088,200,2,20260628,S004
93186003,1089,300,0,20260628,S004
93187003,1079,400,1,20260628,S004
93188003,1080,500,2,20260628,S004
93189003,1081,600,0,20260628,S004
93190003,1082,700,1,20260628,S004
93191003,1083,800,2,20260628,S004
93192003,1084,100,0,20260628,S004
93193003,1085,200,1,20260628,S004
93194003,1086,300,2,20260628,S004
93195003,1087,400,0,20260628,S004
93196003,1088,500,1,20260628,S004
93197003,1089,600,2,20260628,S004
93198003,1079,700,0,20260628,S004
93199003,1080,800,1,20260628,S004
93200003,1081,100,2,20260628,S004
93201003,1082,200,0,20260628,S004
93202003,1083,300,1,20260628,S004
93203003,1084,400,2,20260628,S004
93204003,1085,500,0,20260628,S004
93205003,1086,600,1,20260628,S004
93206003,1087,700,2,20260628,S004
93207003,1088,800,0,20260628,S004
93208003,1089,100,1,20260628,S004
93209003,1079,200,2,20260628,S004
93210003,1080,300,0,20260628,S004
93211003,1081,400,1,20260628,S004
93212003,1082,500,2,20260628,S004
93213003,1083,600,0,20260628,S004
93214003,1084,700,1,20260628,S004
93215003,1085,800,2,20260628,S004
93216003,1086,100,0,20260628,S004
93217003,1087,200,1,20260628,S004
93218003,1088,300,2,20260628,S004
93219003,1089,400,0,20260628,S004
93220003,1079,500,1,20260628,S004
93221003,1080,600,2,20260628,S004
93222003,1081,700,0,20260628,S004
93223003,1082,800,1,20260628,S004
93224003,1083,100,2,20260628,S004
93225003,1084,200,0,20260628,S004
93226003,1085,300,1,20260628,S004
93227003,1086,400,2,20260628,S004
93228003,1087,500,0,20260628,S004
93229003,1088,600,1,20260628,S004
93230003,1089,700,2,20260628,S004
93231003,1079,800,0,20260628,S004
93232003,1080,100,1,20260628,S004
93233003,1081,200,2,20260628,S004
93234003,1082,300,0,20260628,S004
93235003,1083,400,1,20260628,S004
93236003,1084,500,2,20260628,S004
93237003,1085,600,0,20260628,S004
93238003,1086,700,1,20260628,S004
93239003,1087,800,2,20260628,S004
93240003,1088,100,0,20260628,S004
93241003,1089,200,1,20260628,S004
93242003,1079,300,2,20260628,S004
93243003,1080,400,0,20260628,S004
93244003,1081,500,1,20260628,S004
93245003,1082,600,2,20260628,S004
93246003,1083,700,0,20260628,S004
93247003,1084,800,1,20260628,S004
93248003,1085,100,2,20260628,S004
93249003,1086,200,0,20260628,S004
93000004,1104,100,0,20260628,S005
93001004,1105,200,1,20260628,S005
93002004,1106,300,2,20260628,S005
93003004,1107,400,0,20260628,S005
93004004,1108,500,1,20260628,S005
93005004,1109,600,2,20260628,S005
93006004,1110,700,0,20260628,S005
93007004,1111,800,1,20260628,S005
93008004,1112,100,2,20260628,S005
93009004,1113,200,0,20260628,S005
93010004,1114,300,1,20260628,S005
93011004,1104,400,2,20260628,S005
93012004,1105,500,0,20260628,S005
93013004,1106,600,1,20260628,S005
93014004,1107,700,2,20260628,S005
93015004,1108,800,0,20260628,S005
93016004,1109,100,1,20260628,S005
93017004,1110,200,2,20260628,S005
93018004,1111,300,0,20260628,S005
93019004,1112,400,1,20260628,S005
93020004,1113,500,2,20260628,S005
93021004,1114,600,0,20260628,S005
93022004,1104,700,1,20260628,S005
93023004,1105,800,2,20260628,S005
93024004,1106,100,0,20260628,S005
93025004,1107,200,1,20260628,S005
93026004,1108,300,2,20260628,S005
93027004,1109,400,0,20260628,S005
93028004,1110,500,1,20260628,S005
93029004,1111,600,2,20260628,S005
93030004,1112,700,0,20260628,S005
93031004,1113,800,1,20260628,S005
93032004,1114,100,2,20260628,S005
93033004,1104,200,0,20260628,S005
93034004,1105,300,1,20260628,S005
93035004,1106,400,2,20260628,S005
93036004,1107,500,0,20260628,S005
93037004,1108,600,1,20260628,S005
93038004,1109,700,2,20260628,S005
93039004,1110,800,0,20260628,S005
93040004,1111,100,1,20260628,S005
93041004,1112,200,2,20260628,S005
93042004,1113,300,0,20260628,S005
93043004,1114,400,1,20260628,S005
93044004,1104,500,2,20260628,S005
93045004,1105,600,0,20260628,S005
93046004,1106,700,1,20260628,S005
93047004,1107,800,2,20260628,S005
93048004,1108,100,0,20260628,S005
93049004,1109,200,1,20260628,S005
93050004,1110,300,2,20260628,S005
93051004,1111,400,0,20260628,S005
93052004,1112,500,1,20260628,S005
93053004,1113,600,2,20260628,S005
93054004,1114,700,0,20260628,S005
93055004,1104,800,1,20260628,S005
93056004,1105,100,2,20260628,S005
93057004,1106,200,0,20260628,S005
93058004,1107,300,1,20260628,S005
93059004,1108,400,2,20260628,S005
93060004,1109,500,0,20260628,S005
93061004,1110,600,1,20260628,S005
93062004,1111,700,2,20260628,S005
93063004,1112,800,0,20260628,S005
93064004,1113,100,1,20260628,S005
93065004,1114,200,2,20260628,S005
93066004,1104,300,0,20260628,S005
93067004,1105,400,1,20260628,S005
93068004,1106,500,2,20260628,S005
93069004,1107,600,0,20260628,S005
93070004,1108,700,1,20260628,S005
93071004,1109,800,2,20260628,S005
93072004,1110,100,0,20260628,S005
93073004,1111,200,1,20260628,S005
93074004,1112,300,2,20260628,S005
93075004,1113,400,0,20260628,S005
93076004,1114,500,1,20260628,S005
93077004,1104,600,2,20260628,S005
93078004,1105,700,0,20260628,S005
93079004,1106,800,1,20260628,S005
93080004,1107,100,2,20260628,S005
93081004,1108,200,0,20260628,S005
93082004,1109,300,1,20260628,S005
93083004,1110,400,2,20260628,S005
93084004,1111,500,0,20260628,S005
93085004,1112,600,1,20260628,S005
93086004,1113,700,2,20260628,S005
93087004,1114,800,0,20260628,S005
93088004,1104,100,1,20260628,S005
93089004,1105,200,2,20260628,S005
93090004,1106,300,0,20260628,S005
93091004,1107,400,1,20260628,S005
93092004,1108,500,2,20260628,S005
93093004,1109,600,0,20260628,S005
93094004,1110,700,1,20260628,S005
93095004,1111,800,2,20260628,S005
93096004,1112,100,0,20260628,S005
93097004,1113,200,1,20260628,S005
93098004,1114,300,2,20260628,S005
93099004,1104,400,0,20260628,S005
93100004,1105,500,1,20260628,S005
93101004,1106,600,2,20260628,S005
93102004,1107,700,0,20260628,S005
93103004,1108,800,1,20260628,S005
93104004,1109,100,2,20260628,S005
93105004,1110,200,0,20260628,S005
93106004,1111,300,1,20260628,S005
93107004,1112,400,2,20260628,S005
93108004,1113,500,0,20260628,S005
93109004,1114,600,1,20260628,S005
93110004,1104,700,2,20260628,S005
93111004,1105,800,0,20260628,S005
93112004,1106,100,1,20260628,S005
93113004,1107,200,2,20260628,S005
93114004,1108,300,0,20260628,S005
93115004,1109,400,1,20260628,S005
93116004,1110,500,2,20260628,S005
93117004,1111,600,0,20260628,S005
93118004,1112,700,1,20260628,S005
93119004,1113,800,2,20260628,S005
93120004,1114,100,0,20260628,S005
93121004,1104,200,1,20260628,S005
93122004,1105,300,2,20260628,S005
93123004,1106,400,0,20260628,S005
93124004,1107,500,1,20260628,S005
93125004,1108,600,2,20260628,S005
93126004,1109,700,0,20260628,S005
93127004,1110,800,1,20260628,S005
93128004,1111,100,2,20260628,S005
93129004,1112,200,0,20260628,S005
93130004,1113,300,1,20260628,S005
93131004,1114,400,2,20260628,S005
93132004,1104,500,0,20260628,S005
93133004,1105,600,1,20260628,S005
93134004,1106,700,2,20260628,S005
93135004,1107,800,0,20260628,S005
93136004,1108,100,1,20260628,S005
93137004,1109,200,2,20260628,S005
93138004,1110,300,0,20260628,S005
93139004,1111,400,1,20260628,S005
93140004,1112,500,2,20260628,S005
93141004,1113,600,0,20260628,S005
93142004,1114,700,1,20260628,S005
93143004,1104,800,2,20260628,S005
93144004,1105,100,0,20260628,S005
93145004,1106,200,1,20260628,S005
93146004,1107,300,2,20260628,S005
93147004,1108,400,0,20260628,S005
93148004,1109,500,1,20260628,S005
93149004,1110,600,2,20260628,S005
93150004,1111,700,0,20260628,S005
93151004,1112,800,1,20260628,S005
93152004,1113,100,2,20260628,S005
93153004,1114,200,0,20260628,S005
93154004,1104,300,1,20260628,S005
93155004,1105,400,2,20260628,S005
93156004,1106,500,0,20260628,S005
93157004,1107,600,1,20260628,S005
93158004,1108,700,2,20260628,S005
93159004,1109,800,0,20260628,S005
93160004,1110,100,1,20260628,S005
93161004,1111,200,2,20260628,S005
93162004,1112,300,0,20260628,S005
93163004,1113,400,1,20260628,S005
93164004,1114,500,2,20260628,S005
93165004,1104,600,0,20260628,S005
93166004,1105,700,1,20260628,S005
93167004,1106,800,2,20260628,S005
93168004,1107,100,0,20260628,S005
93169004,1108,200,1,20260628,S005
93170004,1109,300,2,20260628,S005
93171004,1110,400,0,20260628,S005
93172004,1111,500,1,20260628,S005
93173004,1112,600,2,20260628,S005
93174004,1113,700,0,20260628,S005
93175004,1114,800,1,20260628,S005
93176004,1104,100,2,20260628,S005
93177004,1105,200,0,20260628,S005
93178004,1106,300,1,20260628,S005
93179004,1107,400,2,20260628,S005
93180004,1108,500,0,20260628,S005
93181004,1109,600,1,20260628,S005
93182004,1110,700,2,20260628,S005
93183004,1111,800,0,20260628,S005
93184004,1112,100,1,20260628,S005
93185004,1113,200,2,20260628,S005
93186004,1114,300,0,20260628,S005
93187004,1104,400,1,20260628,S005
93188004,1105,500,2,20260628,S005
93189004,1106,600,0,20260628,S005
93190004,1107,700,1,20260628,S005
93191004,1108,800,2,20260628,S005
93192004,1109,100,0,20260628,S005
93193004,1110,200,1,20260628,S005
93194004,1111,300,2,20260628,S005
93195004,1112,400,0,20260628,S005
93196004,1113,500,1,20260628,S005
93197004,1114,600,2,20260628,S005
93198004,1104,700,0,20260628,S005
93199004,1105,800,1,20260628,S005
93200004,1106,100,2,20260628,S005
93201004,1107,200,0,20260628,S005
93202004,1108,300,1,20260628,S005
93203004,1109,400,2,20260628,S005
93204004,1110,500,0,20260628,S005
93205004,1111,600,1,20260628,S005
93206004,1112,700,2,20260628,S005
93207004,1113,800,0,20260628,S005
93208004,1114,100,1,20260628,S005
93209004,1104,200,2,20260628,S005
93210004,1105,300,0,20260628,S005
93211004,1106,400,1,20260628,S005
93212004,1107,500,2,20260628,S005
93213004,1108,600,0,20260628,S005
93214004,1109,700,1,20260628,S005
93215004,1110,800,2,20260628,S005
93216004,1111,100,0,20260628,S005
93217004,1112,200,1,20260628,S005
93218004,1113,300,2,20260628,S005
93219004,1114,400,0,20260628,S005
93220004,1104,500,1,20260628,S005
93221004,1105,600,2,20260628,S005
93222004,1106,700,0,20260628,S005
93223004,1107,800,1,20260628,S005
93224004,1108,100,2,20260628,S005
93225004,1109,200,0,20260628,S005
93226004,1110,300,1,20260628,S005
93227004,1111,400,2,20260628,S005
93228004,1112,500,0,20260628,S005
93229004,1113,600,1,20260628,S005
93230004,1114,700,2,20260628,S005
93231004,1104,800,0,20260628,S005
93232004,1105,100,1,20260628,S005
93233004,1106,200,2,20260628,S005
93234004,1107,300,0,20260628,S005
93235004,1108,400,1,20260628,S005
93236004,1109,500,2,20260628,S005
93237004,1110,600,0,20260628,S005
93238004,1111,700,1,20260628,S005
93239004,1112,800,2,20260628,S005
93240004,1113,100,0,20260628,S005
93241004,1114,200,1,20260628,S005
93242004,1104,300,2,20260628,S005
93243004,1105,400,0,20260628,S005
93244004,1106,500,1,20260628,S005
93245004,1107,600,2,20260628,S005
93246004,1108,700,0,20260628,S005
93247004,1109,800,1,20260628,S005
93248004,1110,100,2,20260628,S005
93249004,1111,200,0,20260628,S005
93000005,1129,100,0,20260628,S006
93001005,1130,200,1,20260628,S006
93002005,1131,300,2,20260628,S006
93003005,1132,400,0,20260628,S006
93004005,1133,500,1,20260628,S006
93005005,1134,600,2,20260628,S006
93006005,1135,700,0,20260628,S006
93007005,1136,800,1,20260628,S006
93008005,1137,100,2,20260628,S006
93009005,1138,200,0,20260628,S006
93010005,1139,300,1,20260628,S006
93011005,1129,400,2,20260628,S006
93012005,1130,500,0,20260628,S006
93013005,1131,600,1,20260628,S006
93014005,1132,700,2,20260628,S006
93015005,1133,800,0,20260628,S006
93016005,1134,100,1,20260628,S006
93017005,1135,200,2,20260628,S006
93018005,1136,300,0,20260628,S006
93019005,1137,400,1,20260628,S006
93020005,1138,500,2,20260628,S006
93021005,1139,600,0,20260628,S006
93022005,1129,700,1,20260628,S006
93023005,1130,800,2,20260628,S006
93024005,1131,100,0,20260628,S006
93025005,1132,200,1,20260628,S006
93026005,1133,300,2,20260628,S006
93027005,1134,400,0,20260628,S006
93028005,1135,500,1,20260628,S006
93029005,1136,600,2,20260628,S006
93030005,1137,700,0,20260628,S006
93031005,1138,800,1,20260628,S006
93032005,1139,100,2,20260628,S006
93033005,1129,200,0,20260628,S006
93034005,1130,300,1,20260628,S006
93035005,1131,400,2,20260628,S006
93036005,1132,500,0,20260628,S006
93037005,1133,600,1,20260628,S006
93038005,1134,700,2,20260628,S006
93039005,1135,800,0,20260628,S006
93040005,1136,100,1,20260628,S006
93041005,1137,200,2,20260628,S006
93042005,1138,300,0,20260628,S006
93043005,1139,400,1,20260628,S006
93044005,1129,500,2,20260628,S006
93045005,1130,600,0,20260628,S006
93046005,1131,700,1,20260628,S006
93047005,1132,800,2,20260628,S006
93048005,1133,100,0,20260628,S006
93049005,1134,200,1,20260628,S006
93050005,1135,300,2,20260628,S006
93051005,1136,400,0,20260628,S006
93052005,1137,500,1,20260628,S006
93053005,1138,600,2,20260628,S006
93054005,1139,700,0,20260628,S006
93055005,1129,800,1,20260628,S006
93056005,1130,100,2,20260628,S006
93057005,1131,200,0,20260628,S006
93058005,1132,300,1,20260628,S006
93059005,1133,400,2,20260628,S006
93060005,1134,500,0,20260628,S006
93061005,1135,600,1,20260628,S006
93062005,1136,700,2,20260628,S006
93063005,1137,800,0,20260628,S006
93064005,1138,100,1,20260628,S006
93065005,1139,200,2,20260628,S006
93066005,1129,300,0,20260628,S006
93067005,1130,400,1,20260628,S006
93068005,1131,500,2,20260628,S006
93069005,1132,600,0,20260628,S006
93070005,1133,700,1,20260628,S006
93071005,1134,800,2,20260628,S006
93072005,1135,100,0,20260628,S006
93073005,1136,200,1,20260628,S006
93074005,1137,300,2,20260628,S006
93075005,1138,400,0,20260628,S006
93076005,1139,500,1,20260628,S006
93077005,1129,600,2,20260628,S006
93078005,1130,700,0,20260628,S006
93079005,1131,800,1,20260628,S006
93080005,1132,100,2,20260628,S006
93081005,1133,200,0,20260628,S006
93082005,1134,300,1,20260628,S006
93083005,1135,400,2,20260628,S006
93084005,1136,500,0,20260628,S006
93085005,1137,600,1,20260628,S006
93086005,1138,700,2,20260628,S006
93087005,1139,800,0,20260628,S006
93088005,1129,100,1,20260628,S006
93089005,1130,200,2,20260628,S006
93090005,1131,300,0,20260628,S006
93091005,1132,400,1,20260628,S006
93092005,1133,500,2,20260628,S006
93093005,1134,600,0,20260628,S006
93094005,1135,700,1,20260628,S006
93095005,1136,800,2,20260628,S006
93096005,1137,100,0,20260628,S006
93097005,1138,200,1,20260628,S006
93098005,1139,300,2,20260628,S006
93099005,1129,400,0,20260628,S006
93100005,1130,500,1,20260628,S006
93101005,1131,600,2,20260628,S006
93102005,1132,700,0,20260628,S006
93103005,1133,800,1,20260628,S006
93104005,1134,100,2,20260628,S006
93105005,1135,200,0,20260628,S006
93106005,1136,300,1,20260628,S006
93107005,1137,400,2,20260628,S006
93108005,1138,500,0,20260628,S006
93109005,1139,600,1,20260628,S006
93110005,1129,700,2,20260628,S006
93111005,1130,800,0,20260628,S006
93112005,1131,100,1,20260628,S006
93113005,1132,200,2,20260628,S006
93114005,1133,300,0,20260628,S006
93115005,1134,400,1,20260628,S006
93116005,1135,500,2,20260628,S006
93117005,1136,600,0,20260628,S006
93118005,1137,700,1,20260628,S006
93119005,1138,800,2,20260628,S006
93120005,1139,100,0,20260628,S006
93121005,1129,200,1,20260628,S006
93122005,1130,300,2,20260628,S006
93123005,1131,400,0,20260628,S006
93124005,1132,500,1,20260628,S006
93125005,1133,600,2,20260628,S006
93126005,1134,700,0,20260628,S006
93127005,1135,800,1,20260628,S006
93128005,1136,100,2,20260628,S006
93129005,1137,200,0,20260628,S006
93130005,1138,300,1,20260628,S006
93131005,1139,400,2,20260628,S006
93132005,1129,500,0,20260628,S006
93133005,1130,600,1,20260628,S006
93134005,1131,700,2,20260628,S006
93135005,1132,800,0,20260628,S006
93136005,1133,100,1,20260628,S006
93137005,1134,200,2,20260628,S006
93138005,1135,300,0,20260628,S006
93139005,1136,400,1,20260628,S006
93140005,1137,500,2,20260628,S006
93141005,1138,600,0,20260628,S006
93142005,1139,700,1,20260628,S006
93143005,1129,800,2,20260628,S006
93144005,1130,100,0,20260628,S006
93145005,1131,200,1,20260628,S006
93146005,1132,300,2,20260628,S006
93147005,1133,400,0,20260628,S006
93148005,1134,500,1,20260628,S006
93149005,1135,600,2,20260628,S006
93150005,1136,700,0,20260628,S006
93151005,1137,800,1,20260628,S006
93152005,1138,100,2,20260628,S006
93153005,1139,200,0,20260628,S006
93154005,1129,300,1,20260628,S006
93155005,1130,400,2,20260628,S006
93156005,1131,500,0,20260628,S006
93157005,1132,600,1,20260628,S006
93158005,1133,700,2,20260628,S006
93159005,1134,800,0,20260628,S006
93160005,1135,100,1,20260628,S006
93161005,1136,200,2,20260628,S006
93162005,1137,300,0,20260628,S006
93163005,1138,400,1,20260628,S006
93164005,1139,500,2,20260628,S006
93165005,1129,600,0,20260628,S006
93166005,1130,700,1,20260628,S006
93167005,1131,800,2,20260628,S006
93168005,1132,100,0,20260628,S006
93169005,1133,200,1,20260628,S006
93170005,1134,300,2,20260628,S006
93171005,1135,400,0,20260628,S006
93172005,1136,500,1,20260628,S006
93173005,1137,600,2,20260628,S006
93174005,1138,700,0,20260628,S006
93175005,1139,800,1,20260628,S006
93176005,1129,100,2,20260628,S006
93177005,1130,200,0,20260628,S006
93178005,1131,300,1,20260628,S006
93179005,1132,400,2,20260628,S006
93180005,1133,500,0,20260628,S006
93181005,1134,600,1,20260628,S006
93182005,1135,700,2,20260628,S006
93183005,1136,800,0,20260628,S006
93184005,1137,100,1,20260628,S006
93185005,1138,200,2,20260628,S006
93186005,1139,300,0,20260628,S006
93187005,1129,400,1,20260628,S006
93188005,1130,500,2,20260628,S006
93189005,1131,600,0,20260628,S006
93190005,1132,700,1,20260628,S006
93191005,1133,800,2,20260628,S006
93192005,1134,100,0,20260628,S006
93193005,1135,200,1,20260628,S006
93194005,1136,300,2,20260628,S006
93195005,1137,400,0,20260628,S006
93196005,1138,500,1,20260628,S006
93197005,1139,600,2,20260628,S006
93198005,1129,700,0,20260628,S006
93199005,1130,800,1,20260628,S006
93200005,1131,100,2,20260628,S006
93201005,1132,200,0,20260628,S006
93202005,1133,300,1,20260628,S006
93203005,1134,400,2,20260628,S006
93204005,1135,500,0,20260628,S006
93205005,1136,600,1,20260628,S006
93206005,1137,700,2,20260628,S006
93207005,1138,800,0,20260628,S006
93208005,1139,100,1,20260628,S006
93209005,1129,200,2,20260628,S006
93210005,1130,300,0,20260628,S006
93211005,1131,400,1,20260628,S006
93212005,1132,500,2,20260628,S006
93213005,1133,600,0,20260628,S006
93214005,1134,700,1,20260628,S006
93215005,1135,800,2,20260628,S006
93216005,1136,100,0,20260628,S006
93217005,1137,200,1,20260628,S006
93218005,1138,300,2,20260628,S006
93219005,1139,400,0,20260628,S006
93220005,1129,500,1,20260628,S006
93221005,1130,600,2,20260628,S006
93222005,1131,700,0,20260628,S006
93223005,1132,800,1,20260628,S006
93224005,1133,100,2,20260628,S006
93225005,1134,200,0,20260628,S006
93226005,1135,300,1,20260628,S006
93227005,1136,400,2,20260628,S006
93228005,1137,500,0,20260628,S006
93229005,1138,600,1,20260628,S006
93230005,1139,700,2,20260628,S006
93231005,1129,800,0,20260628,S006
93232005,1130,100,1,20260628,S006
93233005,1131,200,2,20260628,S006
93234005,1132,300,0,20260628,S006
93235005,1133,400,1,20260628,S006
93236005,1134,500,2,20260628,S006
93237005,1135,600,0,20260628,S006
93238005,1136,700,1,20260628,S006
93239005,1137,800,2,20260628,S006
93240005,1138,100,0,20260628,S006
93241005,1139,200,1,20260628,S006
93242005,1129,300,2,20260628,S006
93243005,1130,400,0,20260628,S006
93244005,1131,500,1,20260628,S006
93245005,1132,600,2,20260628,S006
93246005,1133,700,0,20260628,S006
93247005,1134,800,1,20260628,S006
93248005,1135,100,2,20260628,S006
93249005,1136,200,0,20260628,S006
93000006,1154,100,0,20260628,S007
93001006,1155,200,1,20260628,S007
93002006,1156,300,2,20260628,S007
93003006,1157,400,0,20260628,S007
93004006,1158,500,1,20260628,S007
93005006,1159,600,2,20260628,S007
93006006,1160,700,0,20260628,S007
93007006,1161,800,1,20260628,S007
93008006,1162,100,2,20260628,S007
93009006,1163,200,0,20260628,S007
93010006,1164,300,1,20260628,S007
93011006,1154,400,2,20260628,S007
93012006,1155,500,0,20260628,S007
93013006,1156,600,1,20260628,S007
93014006,1157,700,2,20260628,S007
93015006,1158,800,0,20260628,S007
93016006,1159,100,1,20260628,S007
93017006,1160,200,2,20260628,S007
93018006,1161,300,0,20260628,S007
93019006,1162,400,1,20260628,S007
93020006,1163,500,2,20260628,S007
93021006,1164,600,0,20260628,S007
93022006,1154,700,1,20260628,S007
93023006,1155,800,2,20260628,S007
93024006,1156,100,0,20260628,S007
93025006,1157,200,1,20260628,S007
93026006,1158,300,2,20260628,S007
93027006,1159,400,0,20260628,S007
93028006,1160,500,1,20260628,S007
93029006,1161,600,2,20260628,S007
93030006,1162,700,0,20260628,S007
93031006,1163,800,1,20260628,S007
93032006,1164,100,2,20260628,S007
93033006,1154,200,0,20260628,S007
93034006,1155,300,1,20260628,S007
93035006,1156,400,2,20260628,S007
93036006,1157,500,0,20260628,S007
93037006,1158,600,1,20260628,S007
93038006,1159,700,2,20260628,S007
93039006,1160,800,0,20260628,S007
93040006,1161,100,1,20260628,S007
93041006,1162,200,2,20260628,S007
93042006,1163,300,0,20260628,S007
93043006,1164,400,1,20260628,S007
93044006,1154,500,2,20260628,S007
93045006,1155,600,0,20260628,S007
93046006,1156,700,1,20260628,S007
93047006,1157,800,2,20260628,S007
93048006,1158,100,0,20260628,S007
93049006,1159,200,1,20260628,S007
93050006,1160,300,2,20260628,S007
93051006,1161,400,0,20260628,S007
93052006,1162,500,1,20260628,S007
93053006,1163,600,2,20260628,S007
93054006,1164,700,0,20260628,S007
93055006,1154,800,1,20260628,S007
93056006,1155,100,2,20260628,S007
93057006,1156,200,0,20260628,S007
93058006,1157,300,1,20260628,S007
93059006,1158,400,2,20260628,S007
93060006,1159,500,0,20260628,S007
93061006,1160,600,1,20260628,S007
93062006,1161,700,2,20260628,S007
93063006,1162,800,0,20260628,S007
93064006,1163,100,1,20260628,S007
93065006,1164,200,2,20260628,S007
93066006,1154,300,0,20260628,S007
93067006,1155,400,1,20260628,S007
93068006,1156,500,2,20260628,S007
93069006,1157,600,0,20260628,S007
93070006,1158,700,1,20260628,S007
93071006,1159,800,2,20260628,S007
93072006,1160,100,0,20260628,S007
93073006,1161,200,1,20260628,S007
93074006,1162,300,2,20260628,S007
93075006,1163,400,0,20260628,S007
93076006,1164,500,1,20260628,S007
93077006,1154,600,2,20260628,S007
93078006,1155,700,0,20260628,S007
93079006,1156,800,1,20260628,S007
93080006,1157,100,2,20260628,S007
93081006,1158,200,0,20260628,S007
93082006,1159,300,1,20260628,S007
93083006,1160,400,2,20260628,S007
93084006,1161,500,0,20260628,S007
93085006,1162,600,1,20260628,S007
93086006,1163,700,2,20260628,S007
93087006,1164,800,0,20260628,S007
93088006,1154,100,1,20260628,S007
93089006,1155,200,2,20260628,S007
93090006,1156,300,0,20260628,S007
93091006,1157,400,1,20260628,S007
93092006,1158,500,2,20260628,S007
93093006,1159,600,0,20260628,S007
93094006,1160,700,1,20260628,S007
93095006,1161,800,2,20260628,S007
93096006,1162,100,0,20260628,S007
93097006,1163,200,1,20260628,S007
93098006,1164,300,2,20260628,S007
93099006,1154,400,0,20260628,S007
93100006,1155,500,1,20260628,S007
93101006,1156,600,2,20260628,S007
93102006,1157,700,0,20260628,S007
93103006,1158,800,1,20260628,S007
93104006,1159,100,2,20260628,S007
93105006,1160,200,0,20260628,S007
93106006,1161,300,1,20260628,S007
93107006,1162,400,2,20260628,S007
93108006,1163,500,0,20260628,S007
93109006,1164,600,1,20260628,S007
93110006,1154,700,2,20260628,S007
93111006,1155,800,0,20260628,S007
93112006,1156,100,1,20260628,S007
93113006,1157,200,2,20260628,S007
93114006,1158,300,0,20260628,S007
93115006,1159,400,1,20260628,S007
93116006,1160,500,2,20260628,S007
93117006,1161,600,0,20260628,S007
93118006,1162,700,1,20260628,S007
93119006,1163,800,2,20260628,S007
93120006,1164,100,0,20260628,S007
93121006,1154,200,1,20260628,S007
93122006,1155,300,2,20260628,S007
93123006,1156,400,0,20260628,S007
93124006,1157,500,1,20260628,S007
93125006,1158,600,2,20260628,S007
93126006,1159,700,0,20260628,S007
93127006,1160,800,1,20260628,S007
93128006,1161,100,2,20260628,S007
93129006,1162,200,0,20260628,S007
93130006,1163,300,1,20260628,S007
93131006,1164,400,2,20260628,S007
93132006,1154,500,0,20260628,S007
93133006,1155,600,1,20260628,S007
93134006,1156,700,2,20260628,S007
93135006,1157,800,0,20260628,S007
93136006,1158,100,1,20260628,S007
93137006,1159,200,2,20260628,S007
93138006,1160,300,0,20260628,S007
93139006,1161,400,1,20260628,S007
93140006,1162,500,2,20260628,S007
93141006,1163,600,0,20260628,S007
93142006,1164,700,1,20260628,S007
93143006,1154,800,2,20260628,S007
93144006,1155,100,0,20260628,S007
93145006,1156,200,1,20260628,S007
93146006,1157,300,2,20260628,S007
93147006,1158,400,0,20260628,S007
93148006,1159,500,1,20260628,S007
93149006,1160,600,2,20260628,S007
93150006,1161,700,0,20260628,S007
93151006,1162,800,1,20260628,S007
93152006,1163,100,2,20260628,S007
93153006,1164,200,0,20260628,S007
93154006,1154,300,1,20260628,S007
93155006,1155,400,2,20260628,S007
93156006,1156,500,0,20260628,S007
93157006,1157,600,1,20260628,S007
93158006,1158,700,2,20260628,S007
93159006,1159,800,0,20260628,S007
93160006,1160,100,1,20260628,S007
93161006,1161,200,2,20260628,S007
93162006,1162,300,0,20260628,S007
93163006,1163,400,1,20260628,S007
93164006,1164,500,2,20260628,S007
93165006,1154,600,0,20260628,S007
93166006,1155,700,1,20260628,S007
93167006,1156,800,2,20260628,S007
93168006,1157,100,0,20260628,S007
93169006,1158,200,1,20260628,S007
93170006,1159,300,2,20260628,S007
93171006,1160,400,0,20260628,S007
93172006,1161,500,1,20260628,S007
93173006,1162,600,2,20260628,S007
93174006,1163,700,0,20260628,S007
93175006,1164,800,1,20260628,S007
93176006,1154,100,2,20260628,S007
93177006,1155,200,0,20260628,S007
93178006,1156,300,1,20260628,S007
93179006,1157,400,2,20260628,S007
93180006,1158,500,0,20260628,S007
93181006,1159,600,1,20260628,S007
93182006,1160,700,2,20260628,S007
93183006,1161,800,0,20260628,S007
93184006,1162,100,1,20260628,S007
93185006,1163,200,2,20260628,S007
93186006,1164,300,0,20260628,S007
93187006,1154,400,1,20260628,S007
93188006,1155,500,2,20260628,S007
93189006,1156,600,0,20260628,S007
93190006,1157,700,1,20260628,S007
93191006,1158,800,2,20260628,S007
93192006,1159,100,0,20260628,S007
93193006,1160,200,1,20260628,S007
93194006,1161,300,2,20260628,S007
93195006,1162,400,0,20260628,S007
93196006,1163,500,1,20260628,S007
93197006,1164,600,2,20260628,S007
93198006,1154,700,0,20260628,S007
93199006,1155,800,1,20260628,S007
93200006,1156,100,2,20260628,S007
93201006,1157,200,0,20260628,S007
93202006,1158,300,1,20260628,S007
93203006,1159,400,2,20260628,S007
93204006,1160,500,0,20260628,S007
93205006,1161,600,1,20260628,S007
93206006,1162,700,2,20260628,S007
93207006,1163,800,0,20260628,S007
93208006,1164,100,1,20260628,S007
93209006,1154,200,2,20260628,S007
93210006,1155,300,0,20260628,S007
93211006,1156,400,1,20260628,S007
93212006,1157,500,2,20260628,S007
93213006,1158,600,0,20260628,S007
93214006,1159,700,1,20260628,S007
93215006,1160,800,2,20260628,S007
93216006,1161,100,0,20260628,S007
93217006,1162,200,1,20260628,S007
93218006,1163,300,2,20260628,S007
93219006,1164,400,0,20260628,S007
93220006,1154,500,1,20260628,S007
93221006,1155,600,2,20260628,S007
93222006,1156,700,0,20260628,S007
93223006,1157,800,1,20260628,S007
93224006,1158,100,2,20260628,S007
93225006,1159,200,0,20260628,S007
93226006,1160,300,1,20260628,S007
93227006,1161,400,2,20260628,S007
93228006,1162,500,0,20260628,S007
93229006,1163,600,1,20260628,S007
93230006,1164,700,2,20260628,S007
93231006,1154,800,0,20260628,S007
93232006,1155,100,1,20260628,S007
93233006,1156,200,2,20260628,S007
93234006,1157,300,0,20260628,S007
93235006,1158,400,1,20260628,S007
93236006,1159,500,2,20260628,S007
93237006,1160,600,0,20260628,S007
93238006,1161,700,1,20260628,S007
93239006,1162,800,2,20260628,S007
93240006,1163,100,0,20260628,S007
93241006,1164,200,1,20260628,S007
93242006,1154,300,2,20260628,S007
93243006,1155,400,0,20260628,S007
93244006,1156,500,1,20260628,S007
93245006,1157,600,2,20260628,S007
93246006,1158,700,0,20260628,S007
93247006,1159,800,1,20260628,S007
93248006,1160,100,2,20260628,S007
93249006,1161,200,0,20260628,S007
93000007,1179,100,0,20260628,S008
93001007,1180,200,1,20260628,S008
93002007,1181,300,2,20260628,S008
93003007,1182,400,0,20260628,S008
93004007,1183,500,1,20260628,S008
93005007,1184,600,2,20260628,S008
93006007,1185,700,0,20260628,S008
93007007,1186,800,1,20260628,S008
93008007,1187,100,2,20260628,S008
93009007,1188,200,0,20260628,S008
93010007,1189,300,1,20260628,S008
93011007,1179,400,2,20260628,S008
93012007,1180,500,0,20260628,S008
93013007,1181,600,1,20260628,S008
93014007,1182,700,2,20260628,S008
93015007,1183,800,0,20260628,S008
93016007,1184,100,1,20260628,S008
93017007,1185,200,2,20260628,S008
93018007,1186,300,0,20260628,S008
93019007,1187,400,1,20260628,S008
93020007,1188,500,2,20260628,S008
93021007,1189,600,0,20260628,S008
93022007,1179,700,1,20260628,S008
93023007,1180,800,2,20260628,S008
93024007,1181,100,0,20260628,S008
93025007,1182,200,1,20260628,S008
93026007,1183,300,2,20260628,S008
93027007,1184,400,0,20260628,S008
93028007,1185,500,1,20260628,S008
93029007,1186,600,2,20260628,S008
93030007,1187,700,0,20260628,S008
93031007,1188,800,1,20260628,S008
93032007,1189,100,2,20260628,S008
93033007,1179,200,0,20260628,S008
93034007,1180,300,1,20260628,S008
93035007,1181,400,2,20260628,S008
93036007,1182,500,0,20260628,S008
93037007,1183,600,1,20260628,S008
93038007,1184,700,2,20260628,S008
93039007,1185,800,0,20260628,S008
93040007,1186,100,1,20260628,S008
93041007,1187,200,2,20260628,S008
93042007,1188,300,0,20260628,S008
93043007,1189,400,1,20260628,S008
93044007,1179,500,2,20260628,S008
93045007,1180,600,0,20260628,S008
93046007,1181,700,1,20260628,S008
93047007,1182,800,2,20260628,S008
93048007,1183,100,0,20260628,S008
93049007,1184,200,1,20260628,S008
93050007,1185,300,2,20260628,S008
93051007,1186,400,0,20260628,S008
93052007,1187,500,1,20260628,S008
93053007,1188,600,2,20260628,S008
93054007,1189,700,0,20260628,S008
93055007,1179,800,1,20260628,S008
93056007,1180,100,2,20260628,S008
93057007,1181,200,0,20260628,S008
93058007,1182,300,1,20260628,S008
93059007,1183,400,2,20260628,S008
93060007,1184,500,0,20260628,S008
93061007,1185,600,1,20260628,S008
93062007,1186,700,2,20260628,S008
93063007,1187,800,0,20260628,S008
93064007,1188,100,1,20260628,S008
93065007,1189,200,2,20260628,S008
93066007,1179,300,0,20260628,S008
93067007,1180,400,1,20260628,S008
93068007,1181,500,2,20260628,S008
93069007,1182,600,0,20260628,S008
93070007,1183,700,1,20260628,S008
93071007,1184,800,2,20260628,S008
93072007,1185,100,0,20260628,S008
93073007,1186,200,1,20260628,S008
93074007,1187,300,2,20260628,S008
93075007,1188,400,0,20260628,S008
93076007,1189,500,1,20260628,S008
93077007,1179,600,2,20260628,S008
93078007,1180,700,0,20260628,S008
93079007,1181,800,1,20260628,S008
93080007,1182,100,2,20260628,S008
93081007,1183,200,0,20260628,S008
93082007,1184,300,1,20260628,S008
93083007,1185,400,2,20260628,S008
93084007,1186,500,0,20260628,S008
93085007,1187,600,1,20260628,S008
93086007,1188,700,2,20260628,S008
93087007,1189,800,0,20260628,S008
93088007,1179,100,1,20260628,S008
93089007,1180,200,2,20260628,S008
93090007,1181,300,0,20260628,S008
93091007,1182,400,1,20260628,S008
93092007,1183,500,2,20260628,S008
93093007,1184,600,0,20260628,S008
93094007,1185,700,1,20260628,S008
93095007,1186,800,2,20260628,S008
93096007,1187,100,0,20260628,S008
93097007,1188,200,1,20260628,S008
93098007,1189,300,2,20260628,S008
93099007,1179,400,0,20260628,S008
93100007,1180,500,1,20260628,S008
93101007,1181,600,2,20260628,S008
93102007,1182,700,0,20260628,S008
93103007,1183,800,1,20260628,S008
93104007,1184,100,2,20260628,S008
93105007,1185,200,0,20260628,S008
93106007,1186,300,1,20260628,S008
93107007,1187,400,2,20260628,S008
93108007,1188,500,0,20260628,S008
93109007,1189,600,1,20260628,S008
93110007,1179,700,2,20260628,S008
93111007,1180,800,0,20260628,S008
93112007,1181,100,1,20260628,S008
93113007,1182,200,2,20260628,S008
93114007,1183,300,0,20260628,S008
93115007,1184,400,1,20260628,S008
93116007,1185,500,2,20260628,S008
93117007,1186,600,0,20260628,S008
93118007,1187,700,1,20260628,S008
93119007,1188,800,2,20260628,S008
93120007,1189,100,0,20260628,S008
93121007,1179,200,1,20260628,S008
93122007,1180,300,2,20260628,S008
93123007,1181,400,0,20260628,S008
93124007,1182,500,1,20260628,S008
93125007,1183,600,2,20260628,S008
93126007,1184,700,0,20260628,S008
93127007,1185,800,1,20260628,S008
93128007,1186,100,2,20260628,S008
93129007,1187,200,0,20260628,S008
93130007,1188,300,1,20260628,S008
93131007,1189,400,2,20260628,S008
93132007,1179,500,0,20260628,S008
93133007,1180,600,1,20260628,S008
93134007,1181,700,2,20260628,S008
93135007,1182,800,0,20260628,S008
93136007,1183,100,1,20260628,S008
93137007,1184,200,2,20260628,S008
93138007,1185,300,0,20260628,S008
93139007,1186,400,1,20260628,S008
93140007,1187,500,2,20260628,S008
93141007,1188,600,0,20260628,S008
93142007,1189,700,1,20260628,S008
93143007,1179,800,2,20260628,S008
93144007,1180,100,0,20260628,S008
93145007,1181,200,1,20260628,S008
93146007,1182,300,2,20260628,S008
93147007,1183,400,0,20260628,S008
93148007,1184,500,1,20260628,S008
93149007,1185,600,2,20260628,S008
93150007,1186,700,0,20260628,S008
93151007,1187,800,1,20260628,S008
93152007,1188,100,2,20260628,S008
93153007,1189,200,0,20260628,S008
93154007,1179,300,1,20260628,S008
93155007,1180,400,2,20260628,S008
93156007,1181,500,0,20260628,S008
93157007,1182,600,1,20260628,S008
93158007,1183,700,2,20260628,S008
93159007,1184,800,0,20260628,S008
93160007,1185,100,1,20260628,S008
93161007,1186,200,2,20260628,S008
93162007,1187,300,0,20260628,S008
93163007,1188,400,1,20260628,S008
93164007,1189,500,2,20260628,S008
93165007,1179,600,0,20260628,S008
93166007,1180,700,1,20260628,S008
93167007,1181,800,2,20260628,S008
93168007,1182,100,0,20260628,S008
93169007,1183,200,1,20260628,S008
93170007,1184,300,2,20260628,S008
93171007,1185,400,0,20260628,S008
93172007,1186,500,1,20260628,S008
93173007,1187,600,2,20260628,S008
93174007,1188,700,0,20260628,S008
93175007,1189,800,1,20260628,S008
93176007,1179,100,2,20260628,S008
93177007,1180,200,0,20260628,S008
93178007,1181,300,1,20260628,S008
93179007,1182,400,2,20260628,S008
93180007,1183,500,0,20260628,S008
93181007,1184,600,1,20260628,S008
93182007,1185,700,2,20260628,S008
93183007,1186,800,0,20260628,S008
93184007,1187,100,1,20260628,S008
93185007,1188,200,2,20260628,S008
93186007,1189,300,0,20260628,S008
93187007,1179,400,1,20260628,S008
93188007,1180,500,2,20260628,S008
93189007,1181,600,0,20260628,S008
93190007,1182,700,1,20260628,S008
93191007,1183,800,2,20260628,S008
93192007,1184,100,0,20260628,S008
93193007,1185,200,1,20260628,S008
93194007,1186,300,2,20260628,S008
93195007,1187,400,0,20260628,S008
93196007,1188,500,1,20260628,S008
93197007,1189,600,2,20260628,S008
93198007,1179,700,0,20260628,S008
93199007,1180,800,1,20260628,S008
93200007,1181,100,2,20260628,S008
93201007,1182,200,0,20260628,S008
93202007,1183,300,1,20260628,S008
93203007,1184,400,2,20260628,S008
93204007,1185,500,0,20260628,S008
93205007,1186,600,1,20260628,S008
93206007,1187,700,2,20260628,S008
93207007,1188,800,0,20260628,S008
93208007,1189,100,1,20260628,S008
93209007,1179,200,2,20260628,S008
93210007,1180,300,0,20260628,S008
93211007,1181,400,1,20260628,S008
93212007,1182,500,2,20260628,S008
93213007,1183,600,0,20260628,S008
93214007,1184,700,1,20260628,S008
93215007,1185,800,2,20260628,S008
93216007,1186,100,0,20260628,S008
93217007,1187,200,1,20260628,S008
93218007,1188,300,2,20260628,S008
93219007,1189,400,0,20260628,S008
93220007,1179,500,1,20260628,S008
93221007,1180,600,2,20260628,S008
93222007,1181,700,0,20260628,S008
93223007,1182,800,1,20260628,S008
93224007,1183,100,2,20260628,S008
93225007,1184,200,0,20260628,S008
93226007,1185,300,1,20260628,S008
93227007,1186,400,2,20260628,S008
93228007,1187,500,0,20260628,S008
93229007,1188,600,1,20260628,S008
93230007,1189,700,2,20260628,S008
93231007,1179,800,0,20260628,S008
93232007,1180,100,1,20260628,S008
93233007,1181,200,2,20260628,S008
93234007,1182,300,0,20260628,S008
93235007,1183,400,1,20260628,S008
93236007,1184,500,2,20260628,S008
93237007,1185,600,0,20260628,S008
93238007,1186,700,1,20260628,S008
93239007,1187,800,2,20260628,S008
93240007,1188,100,0,20260628,S008
93241007,1189,200,1,20260628,S008
93242007,1179,300,2,20260628,S008
93243007,1180,400,0,20260628,S008
93244007,1181,500,1,20260628,S008
93245007,1182,600,2,20260628,S008
93246007,1183,700,0,20260628,S008
93247007,1184,800,1,20260628,S008
93248007,1185,100,2,20260628,S008
93249007,1186,200,0,20260628,S008
93000000,1007,100,0,20260629,S001
93001000,1008,200,1,20260629,S001
93002000,1009,300,2,20260629,S001
93003000,1010,400,0,20260629,S001
93004000,1011,500,1,20260629,S001
93005000,1012,600,2,20260629,S001
93006000,1013,700,0,20260629,S001
93007000,1014,800,1,20260629,S001
93008000,1015,100,2,20260629,S001
93009000,1016,200,0,20260629,S001
93010000,1017,300,1,20260629,S001
93011000,1007,400,2,20260629,S001
93012000,1008,500,0,20260629,S001
93013000,1009,600,1,20260629,S001
93014000,1010,700,2,20260629,S001
93015000,1011,800,0,20260629,S001
93016000,1012,100,1,20260629,S001
93017000,1013,200,2,20260629,S001
93018000,1014,300,0,20260629,S001
93019000,1015,400,1,20260629,S001
93020000,1016,500,2,20260629,S001
93021000,1017,600,0,20260629,S001
93022000,1007,700,1,20260629,S001
93023000,1008,800,2,20260629,S001
93024000,1009,100,0,20260629,S001
93025000,1010,200,1,20260629,S001
93026000,1011,300,2,20260629,S001
93027000,1012,400,0,20260629,S001
93028000,1013,500,1,20260629,S001
93029000,1014,600,2,20260629,S001
93030000,1015,700,0,20260629,S001
93031000,1016,800,1,20260629,S001
93032000,1017,100,2,20260629,S001
93033000,1007,200,0,20260629,S001
93034000,1008,300,1,20260629,S001
93035000,1009,400,2,20260629,S001
93036000,1010,500,0,20260629,S001
93037000,1011,600,1,20260629,S001
93038000,1012,700,2,20260629,S001
93039000,1013,800,0,20260629,S001
93040000,1014,100,1,20260629,S001
93041000,1015,200,2,20260629,S001
93042000,1016,300,0,20260629,S001
93043000,1017,400,1,20260629,S001
93044000,1007,500,2,20260629,S001
93045000,1008,600,0,20260629,S001
93046000,1009,700,1,20260629,S001
93047000,1010,800,2,20260629,S001
93048000,1011,100,0,20260629,S001
93049000,1012,200,1,20260629,S001
93050000,1013,300,2,20260629,S001
93051000,1014,400,0,20260629,S001
93052000,1015,500,1,20260629,S001
93053000,1016,600,2,20260629,S001
93054000,1017,700,0,20260629,S001
93055000,1007,800,1,20260629,S001
93056000,1008,100,2,20260629,S001
93057000,1009,200,0,20260629,S001
93058000,1010,300,1,20260629,S001
93059000,1011,400,2,20260629,S001
93060000,1012,500,0,20260629,S001
93061000,1013,600,1,20260629,S001
93062000,1014,700,2,20260629,S001
93063000,1015,800,0,20260629,S001
93064000,1016,100,1,20260629,S001
93065000,1017,200,2,20260629,S001
93066000,1007,300,0,20260629,S001
93067000,1008,400,1,20260629,S001
93068000,1009,500,2,20260629,S001
93069000,1010,600,0,20260629,S001
93070000,1011,700,1,20260629,S001
93071000,1012,800,2,20260629,S001
93072000,1013,100,0,20260629,S001
93073000,1014,200,1,20260629,S001
93074000,1015,300,2,20260629,S001
93075000,1016,400,0,20260629,S001
93076000,1017,500,1,20260629,S001
93077000,1007,600,2,20260629,S001
93078000,1008,700,0,20260629,S001
93079000,1009,800,1,20260629,S001
93080000,1010,100,2,20260629,S001
93081000,1011,200,0,20260629,S001
93082000,1012,300,1,20260629,S001
93083000,1013,400,2,20260629,S001
93084000,1014,500,0,20260629,S001
93085000,1015,600,1,20260629,S001
93086000,1016,700,2,20260629,S001
93087000,1017,800,0,20260629,S001
93088000,1007,100,1,20260629,S001
93089000,1008,200,2,20260629,S001
93090000,1009,300,0,20260629,S001
93091000,1010,400,1,20260629,S001
93092000,1011,500,2,20260629,S001
93093000,1012,600,0,20260629,S001
93094000,1013,700,1,20260629,S001
93095000,1014,800,2,20260629,S001
93096000,1015,100,0,20260629,S001
93097000,1016,200,1,20260629,S001
93098000,1017,300,2,20260629,S001
93099000,1007,400,0,20260629,S001
93100000,1008,500,1,20260629,S001
93101000,1009,600,2,20260629,S001
93102000,1010,700,0,20260629,S001
93103000,1011,800,1,20260629,S001
93104000,1012,100,2,20260629,S001
93105000,1013,200,0,20260629,S001
93106000,1014,300,1,20260629,S001
93107000,1015,400,2,20260629,S001
93108000,1016,500,0,20260629,S001
93109000,1017,600,1,20260629,S001
93110000,1007,700,2,20260629,S001
93111000,1008,800,0,20260629,S001
93112000,1009,100,1,20260629,S001
93113000,1010,200,2,20260629,S001
93114000,1011,300,0,20260629,S001
93115000,1012,400,1,20260629,S001
93116000,1013,500,2,20260629,S001
93117000,1014,600,0,20260629,S001
93118000,1015,700,1,20260629,S001
93119000,1016,800,2,20260629,S001
93120000,1017,100,0,20260629,S001
93121000,1007,200,1,20260629,S001
93122000,1008,300,2,20260629,S001
93123000,1009,400,0,20260629,S001
93124000,1010,500,1,20260629,S001
93125000,1011,600,2,20260629,S001
93126000,1012,700,0,20260629,S001
93127000,1013,800,1,20260629,S001
93128000,1014,100,2,20260629,S001
93129000,1015,200,0,20260629,S001
93130000,1016,300,1,20260629,S001
93131000,1017,400,2,20260629,S001
93132000,1007,500,0,20260629,S001
93133000,1008,600,1,20260629,S001
93134000,1009,700,2,20260629,S001
93135000,1010,800,0,20260629,S001
93136000,1011,100,1,20260629,S001
93137000,1012,200,2,20260629,S001
93138000,1013,300,0,20260629,S001
93139000,1014,400,1,20260629,S001
93140000,1015,500,2,20260629,S001
93141000,1016,600,0,20260629,S001
93142000,1017,700,1,20260629,S001
93143000,1007,800,2,20260629,S001
93144000,1008,100,0,20260629,S001
93145000,1009,200,1,20260629,S001
93146000,1010,300,2,20260629,S001
93147000,1011,400,0,20260629,S001
93148000,1012,500,1,20260629,S001
93149000,1013,600,2,20260629,S001
93150000,1014,700,0,20260629,S001
93151000,1015,800,1,20260629,S001
93152000,1016,100,2,20260629,S001
93153000,1017,200,0,20260629,S001
93154000,1007,300,1,20260629,S001
93155000,1008,400,2,20260629,S001
93156000,1009,500,0,20260629,S001
93157000,1010,600,1,20260629,S001
93158000,1011,700,2,20260629,S001
93159000,1012,800,0,20260629,S001
93160000,1013,100,1,20260629,S001
93161000,1014,200,2,20260629,S001
93162000,1015,300,0,20260629,S001
93163000,1016,400,1,20260629,S001
93164000,1017,500,2,20260629,S001
93165000,1007,600,0,20260629,S001
93166000,1008,700,1,20260629,S001
93167000,1009,800,2,20260629,S001
93168000,1010,100,0,20260629,S001
93169000,1011,200,1,20260629,S001
93170000,1012,300,2,20260629,S001
93171000,1013,400,0,20260629,S001
93172000,1014,500,1,20260629,S001
93173000,1015,600,2,20260629,S001
93174000,1016,700,0,20260629,S001
93175000,1017,800,1,20260629,S001
93176000,1007,100,2,20260629,S001
93177000,1008,200,0,20260629,S001
93178000,1009,300,1,20260629,S001
93179000,1010,400,2,20260629,S001
93180000,1011,500,0,20260629,S001
93181000,1012,600,1,20260629,S001
93182000,1013,700,2,20260629,S001
93183000,1014,800,0,20260629,S001
93184000,1015,100,1,20260629,S001
93185000,1016,200,2,20260629,S001
93186000,1017,300,0,20260629,S001
93187000,1007,400,1,20260629,S001
93188000,1008,500,2,20260629,S001
93189000,1009,600,0,20260629,S001
93190000,1010,700,1,20260629,S001
93191000,1011,800,2,20260629,S001
93192000,1012,100,0,20260629,S001
93193000,1013,200,1,20260629,S001
93194000,1014,300,2,20260629,S001
93195000,1015,400,0,20260629,S001
93196000,1016,500,1,20260629,S001
93197000,1017,600,2,20260629,S001
93198000,1007,700,0,20260629,S001
93199000,1008,800,1,20260629,S001
93200000,1009,100,2,20260629,S001
93201000,1010,200,0,20260629,S001
93202000,1011,300,1,20260629,S001
93203000,1012,400,2,20260629,S001
93204000,1013,500,0,20260629,S001
93205000,1014,600,1,20260629,S001
93206000,1015,700,2,20260629,S001
93207000,1016,800,0,20260629,S001
93208000,1017,100,1,20260629,S001
93209000,1007,200,2,20260629,S001
93210000,1008,300,0,20260629,S001
93211000,1009,400,1,20260629,S001
93212000,1010,500,2,20260629,S001
93213000,1011,600,0,20260629,S001
93214000,1012,700,1,20260629,S001
93215000,1013,800,2,20260629,S001
93216000,1014,100,0,20260629,S001
93217000,1015,200,1,20260629,S001
93218000,1016,300,2,20260629,S001
93219000,1017,400,0,20260629,S001
93220000,1007,500,1,20260629,S001
93221000,1008,600,2,20260629,S001
93222000,1009,700,0,20260629,S001
93223000,1010,800,1,20260629,S001
93224000,1011,100,2,20260629,S001
93225000,1012,200,0,20260629,S001
93226000,1013,300,1,20260629,S001
93227000,1014,400,2,20260629,S001
93228000,1015,500,0,20260629,S001
93229000,1016,600,1,20260629,S001
93230000,1017,700,2,20260629,S001
93231000,1007,800,0,20260629,S001
93232000,1008,100,1,20260629,S001
93233000,1009,200,2,20260629,S001
93234000,1010,300,0,20260629,S001
93235000,1011,400,1,20260629,S001
93236000,1012,500,2,20260629,S001
93237000,1013,600,0,20260629,S001
93238000,1014,700,1,20260629,S001
93239000,1015,800,2,20260629,S001
93240000,1016,100,0,20260629,S001
93241000,1017,200,1,20260629,S001
93242000,1007,300,2,20260629,S001
93243000,1008,400,0,20260629,S001
93244000,1009,500,1,20260629,S001
93245000,1010,600,2,20260629,S001
93246000,1011,700,0,20260629,S001
93247000,1012,800,1,20260629,S001
93248000,1013,100,2,20260629,S001
93249000,1014,200,0,20260629,S001
93000001,1032,100,0,20260629,S002
93001001,1033,200,1,20260629,S002
93002001,1034,300,2,20260629,S002
93003001,1035,400,0,20260629,S002
93004001,1036,500,1,20260629,S002
93005001,1037,600,2,20260629,S002
93006001,1038,700,0,20260629,S002
93007001,1039,800,1,20260629,S002
93008001,1040,100,2,20260629,S002
93009001,1041,200,0,20260629,S002
93010001,1042,300,1,20260629,S002
93011001,1032,400,2,20260629,S002
93012001,1033,500,0,20260629,S002
93013001,1034,600,1,20260629,S002
93014001,1035,700,2,20260629,S002
93015001,1036,800,0,20260629,S002
93016001,1037,100,1,20260629,S002
93017001,1038,200,2,20260629,S002
93018001,1039,300,0,20260629,S002
93019001,1040,400,1,20260629,S002
93020001,1041,500,2,20260629,S002
93021001,1042,600,0,20260629,S002
93022001,1032,700,1,20260629,S002
93023001,1033,800,2,20260629,S002
93024001,1034,100,0,20260629,S002
93025001,1035,200,1,20260629,S002
93026001,1036,300,2,20260629,S002
93027001,1037,400,0,20260629,S002
93028001,1038,500,1,20260629,S002
93029001,1039,600,2,20260629,S002
93030001,1040,700,0,20260629,S002
93031001,1041,800,1,20260629,S002
93032001,1042,100,2,20260629,S002
93033001,1032,200,0,20260629,S002
93034001,1033,300,1,20260629,S002
93035001,1034,400,2,20260629,S002
93036001,1035,500,0,20260629,S002
93037001,1036,600,1,20260629,S002
93038001,1037,700,2,20260629,S002
93039001,1038,800,0,20260629,S002
93040001,1039,100,1,20260629,S002
93041001,1040,200,2,20260629,S002
93042001,1041,300,0,20260629,S002
93043001,1042,400,1,20260629,S002
93044001,1032,500,2,20260629,S002
93045001,1033,600,0,20260629,S002
93046001,1034,700,1,20260629,S002
93047001,1035,800,2,20260629,S002
93048001,1036,100,0,20260629,S002
93049001,1037,200,1,20260629,S002
93050001,1038,300,2,20260629,S002
93051001,1039,400,0,20260629,S002
93052001,1040,500,1,20260629,S002
93053001,1041,600,2,20260629,S002
93054001,1042,700,0,20260629,S002
93055001,1032,800,1,20260629,S002
93056001,1033,100,2,20260629,S002
93057001,1034,200,0,20260629,S002
93058001,1035,300,1,20260629,S002
93059001,1036,400,2,20260629,S002
93060001,1037,500,0,20260629,S002
93061001,1038,600,1,20260629,S002
93062001,1039,700,2,20260629,S002
93063001,1040,800,0,20260629,S002
93064001,1041,100,1,20260629,S002
93065001,1042,200,2,20260629,S002
93066001,1032,300,0,20260629,S002
93067001,1033,400,1,20260629,S002
93068001,1034,500,2,20260629,S002
93069001,1035,600,0,20260629,S002
93070001,1036,700,1,20260629,S002
93071001,1037,800,2,20260629,S002
93072001,1038,100,0,20260629,S002
93073001,1039,200,1,20260629,S002
93074001,1040,300,2,20260629,S002
93075001,1041,400,0,20260629,S002
93076001,1042,500,1,20260629,S002
93077001,1032,600,2,20260629,S002
93078001,1033,700,0,20260629,S002
93079001,1034,800,1,20260629,S002
93080001,1035,100,2,20260629,S002
93081001,1036,200,0,20260629,S002
93082001,1037,300,1,20260629,S002
93083001,1038,400,2,20260629,S002
93084001,1039,500,0,20260629,S002
93085001,1040,600,1,20260629,S002
93086001,1041,700,2,20260629,S002
93087001,1042,800,0,20260629,S002
93088001,1032,100,1,20260629,S002
93089001,1033,200,2,20260629,S002
93090001,1034,300,0,20260629,S002
93091001,1035,400,1,20260629,S002
93092001,1036,500,2,20260629,S002
93093001,1037,600,0,20260629,S002
93094001,1038,700,1,20260629,S002
93095001,1039,800,2,20260629,S002
93096001,1040,100,0,20260629,S002
93097001,1041,200,1,20260629,S002
93098001,1042,300,2,20260629,S002
93099001,1032,400,0,20260629,S002
93100001,1033,500,1,20260629,S002
93101001,1034,600,2,20260629,S002
93102001,1035,700,0,20260629,S002
93103001,1036,800,1,20260629,S002
93104001,1037,100,2,20260629,S002
93105001,1038,200,0,20260629,S002
93106001,1039,300,1,20260629,S002
93107001,1040,400,2,20260629,S002
93108001,1041,500,0,20260629,S002
93109001,1042,600,1,20260629,S002
93110001,1032,700,2,20260629,S002
93111001,1033,800,0,20260629,S002
93112001,1034,100,1,20260629,S002
93113001,1035,200,2,20260629,S002
93114001,1036,300,0,20260629,S002
93115001,1037,400,1,20260629,S002
93116001,1038,500,2,20260629,S002
93117001,1039,600,0,20260629,S002
93118001,1040,700,1,20260629,S002
93119001,1041,800,2,20260629,S002
93120001,1042,100,0,20260629,S002
93121001,1032,200,1,20260629,S002
93122001,1033,300,2,20260629,S002
93123001,1034,400,0,20260629,S002
93124001,1035,500,1,20260629,S002
93125001,1036,600,2,20260629,S002
93126001,1037,700,0,20260629,S002
93127001,1038,800,1,20260629,S002
93128001,1039,100,2,20260629,S002
93129001,1040,200,0,20260629,S002
93130001,1041,300,1,20260629,S002
93131001,1042,400,2,20260629,S002
93132001,1032,500,0,20260629,S002
93133001,1033,600,1,20260629,S002
93134001,1034,700,2,20260629,S002
93135001,1035,800,0,20260629,S002
93136001,1036,100,1,20260629,S002
93137001,1037,200,2,20260629,S002
93138001,1038,300,0,20260629,S002
93139001,1039,400,1,20260629,S002
93140001,1040,500,2,20260629,S002
93141001,1041,600,0,20260629,S002
93142001,1042,700,1,20260629,S002
93143001,1032,800,2,20260629,S002
93144001,1033,100,0,20260629,S002
93145001,1034,200,1,20260629,S002
93146001,1035,300,2,20260629,S002
93147001,1036,400,0,20260629,S002
93148001,1037,500,1,20260629,S002
93149001,1038,600,2,20260629,S002
93150001,1039,700,0,20260629,S002
93151001,1040,800,1,20260629,S002
93152001,1041,100,2,20260629,S002
93153001,1042,200,0,20260629,S002
93154001,1032,300,1,20260629,S002
93155001,1033,400,2,20260629,S002
93156001,1034,500,0,20260629,S002
93157001,1035,600,1,20260629,S002
93158001,1036,700,2,20260629,S002
93159001,1037,800,0,20260629,S002
93160001,1038,100,1,20260629,S002
93161001,1039,200,2,20260629,S002
93162001,1040,300,0,20260629,S002
93163001,1041,400,1,20260629,S002
93164001,1042,500,2,20260629,S002
93165001,1032,600,0,20260629,S002
93166001,1033,700,1,20260629,S002
93167001,1034,800,2,20260629,S002
93168001,1035,100,0,20260629,S002
93169001,1036,200,1,20260629,S002
93170001,1037,300,2,20260629,S002
93171001,1038,400,0,20260629,S002
93172001,1039,500,1,20260629,S002
93173001,1040,600,2,20260629,S002
93174001,1041,700,0,20260629,S002
93175001,1042,800,1,20260629,S002
93176001,1032,100,2,20260629,S002
93177001,1033,200,0,20260629,S002
93178001,1034,300,1,20260629,S002
93179001,1035,400,2,20260629,S002
93180001,1036,500,0,20260629,S002
93181001,1037,600,1,20260629,S002
93182001,1038,700,2,20260629,S002
93183001,1039,800,0,20260629,S002
93184001,1040,100,1,20260629,S002
93185001,1041,200,2,20260629,S002
93186001,1042,300,0,20260629,S002
93187001,1032,400,1,20260629,S002
93188001,1033,500,2,20260629,S002
93189001,1034,600,0,20260629,S002
93190001,1035,700,1,20260629,S002
93191001,1036,800,2,20260629,S002
93192001,1037,100,0,20260629,S002
93193001,1038,200,1,20260629,S002
93194001,1039,300,2,20260629,S002
93195001,1040,400,0,20260629,S002
93196001,1041,500,1,20260629,S002
93197001,1042,600,2,20260629,S002
93198001,1032,700,0,20260629,S002
93199001,1033,800,1,20260629,S002
93200001,1034,100,2,20260629,S002
93201001,1035,200,0,20260629,S002
93202001,1036,300,1,20260629,S002
93203001,1037,400,2,20260629,S002
93204001,1038,500,0,20260629,S002
93205001,1039,600,1,20260629,S002
93206001,1040,700,2,20260629,S002
93207001,1041,800,0,20260629,S002
93208001,1042,100,1,20260629,S002
93209001,1032,200,2,20260629,S002
93210001,1033,300,0,20260629,S002
93211001,1034,400,1,20260629,S002
93212001,1035,500,2,20260629,S002
93213001,1036,600,0,20260629,S002
93214001,1037,700,1,20260629,S002
93215001,1038,800,2,20260629,S002
93216001,1039,100,0,20260629,S002
93217001,1040,200,1,20260629,S002
93218001,1041,300,2,20260629,S002
93219001,1042,400,0,20260629,S002
93220001,1032,500,1,20260629,S002
93221001,1033,600,2,20260629,S002
93222001,1034,700,0,20260629,S002
93223001,1035,800,1,20260629,S002
93224001,1036,100,2,20260629,S002
93225001,1037,200,0,20260629,S002
93226001,1038,300,1,20260629,S002
93227001,1039,400,2,20260629,S002
93228001,1040,500,0,20260629,S002
93229001,1041,600,1,20260629,S002
93230001,1042,700,2,20260629,S002
93231001,1032,800,0,20260629,S002
93232001,1033,100,1,20260629,S002
93233001,1034,200,2,20260629,S002
93234001,1035,300,0,20260629,S002
93235001,1036,400,1,20260629,S002
93236001,1037,500,2,20260629,S002
93237001,1038,600,0,20260629,S002
93238001,1039,700,1,20260629,S002
93239001,1040,800,2,20260629,S002
93240001,1041,100,0,20260629,S002
93241001,1042,200,1,20260629,S002
93242001,1032,300,2,20260629,S002
93243001,1033,400,0,20260629,S002
93244001,1034,500,1,20260629,S002
93245001,1035,600,2,20260629,S002
93246001,1036,700,0,20260629,S002
93247001,1037,800,1,20260629,S002
93248001,1038,100,2,20260629,S002
93249001,1039,200,0,20260629,S002
93000002,1057,100,0,20260629,S003
93001002,1058,200,1,20260629,S003
93002002,1059,300,2,20260629,S003
93003002,1060,400,0,20260629,S003
93004002,1061,500,1,20260629,S003
93005002,1062,600,2,20260629,S003
93006002,1063,700,0,20260629,S003
93007002,1064,800,1,20260629,S003
93008002,1065,100,2,20260629,S003
93009002,1066,200,0,20260629,S003
93010002,1067,300,1,20260629,S003
93011002,1057,400,2,20260629,S003
93012002,1058,500,0,20260629,S003
93013002,1059,600,1,20260629,S003
93014002,1060,700,2,20260629,S003
93015002,1061,800,0,20260629,S003
93016002,1062,100,1,20260629,S003
93017002,1063,200,2,20260629,S003
93018002,1064,300,0,20260629,S003
93019002,1065,400,1,20260629,S003
93020002,1066,500,2,20260629,S003
93021002,1067,600,0,20260629,S003
93022002,1057,700,1,20260629,S003
93023002,1058,800,2,20260629,S003
93024002,1059,100,0,20260629,S003
93025002,1060,200,1,20260629,S003
93026002,1061,300,2,20260629,S003
93027002,1062,400,0,20260629,S003
93028002,1063,500,1,20260629,S003
93029002,1064,600,2,20260629,S003
93030002,1065,700,0,20260629,S003
93031002,1066,800,1,20260629,S003
93032002,1067,100,2,20260629,S003
93033002,1057,200,0,20260629,S003
93034002,1058,300,1,20260629,S003
93035002,1059,400,2,20260629,S003
93036002,1060,500,0,20260629,S003
93037002,1061,600,1,20260629,S003
93038002,1062,700,2,20260629,S003
93039002,1063,800,0,20260629,S003
93040002,1064,100,1,20260629,S003
93041002,1065,200,2,20260629,S003
93042002,1066,300,0,20260629,S003
93043002,1067,400,1,20260629,S003
93044002,1057,500,2,20260629,S003
93045002,1058,600,0,20260629,S003
93046002,1059,700,1,20260629,S003
93047002,1060,800,2,20260629,S003
93048002,1061,100,0,20260629,S003
93049002,1062,200,1,20260629,S003
93050002,1063,300,2,20260629,S003
93051002,1064,400,0,20260629,S003
93052002,1065,500,1,20260629,S003
93053002,1066,600,2,20260629,S003
93054002,1067,700,0,20260629,S003
93055002,1057,800,1,20260629,S003
93056002,1058,100,2,20260629,S003
93057002,1059,200,0,20260629,S003
93058002,1060,300,1,20260629,S003
93059002,1061,400,2,20260629,S003
93060002,1062,500,0,20260629,S003
93061002,1063,600,1,20260629,S003
93062002,1064,700,2,20260629,S003
93063002,1065,800,0,20260629,S003
93064002,1066,100,1,20260629,S003
93065002,1067,200,2,20260629,S003
93066002,1057,300,0,20260629,S003
93067002,1058,400,1,20260629,S003
93068002,1059,500,2,20260629,S003
93069002,1060,600,0,20260629,S003
93070002,1061,700,1,20260629,S003
93071002,1062,800,2,20260629,S003
93072002,1063,100,0,20260629,S003
93073002,1064,200,1,20260629,S003
93074002,1065,300,2,20260629,S003
93075002,1066,400,0,20260629,S003
93076002,1067,500,1,20260629,S003
93077002,1057,600,2,20260629,S003
93078002,1058,700,0,20260629,S003
93079002,1059,800,1,20260629,S003
93080002,1060,100,2,20260629,S003
93081002,1061,200,0,20260629,S003
93082002,1062,300,1,20260629,S003
93083002,1063,400,2,20260629,S003
93084002,1064,500,0,20260629,S003
93085002,1065,600,1,20260629,S003
93086002,1066,700,2,20260629,S003
93087002,1067,800,0,20260629,S003
93088002,1057,100,1,20260629,S003
93089002,1058,200,2,20260629,S003
93090002,1059,300,0,20260629,S003
93091002,1060,400,1,20260629,S003
93092002,1061,500,2,20260629,S003
93093002,1062,600,0,20260629,S003
93094002,1063,700,1,20260629,S003
93095002,1064,800,2,20260629,S003
93096002,1065,100,0,20260629,S003
93097002,1066,200,1,20260629,S003
93098002,1067,300,2,20260629,S003
93099002,1057,400,0,20260629,S003
93100002,1058,500,1,20260629,S003
93101002,1059,600,2,20260629,S003
93102002,1060,700,0,20260629,S003
93103002,1061,800,1,20260629,S003
93104002,1062,100,2,20260629,S003
93105002,1063,200,0,20260629,S003
93106002,1064,300,1,20260629,S003
93107002,1065,400,2,20260629,S003
93108002,1066,500,0,20260629,S003
93109002,1067,600,1,20260629,S003
93110002,1057,700,2,20260629,S003
93111002,1058,800,0,20260629,S003
93112002,1059,100,1,20260629,S003
93113002,1060,200,2,20260629,S003
93114002,1061,300,0,20260629,S003
93115002,1062,400,1,20260629,S003
93116002,1063,500,2,20260629,S003
93117002,1064,600,0,20260629,S003
93118002,1065,700,1,20260629,S003
93119002,1066,800,2,20260629,S003
93120002,1067,100,0,20260629,S003
93121002,1057,200,1,20260629,S003
93122002,1058,300,2,20260629,S003
93123002,1059,400,0,20260629,S003
93124002,1060,500,1,20260629,S003
93125002,1061,600,2,20260629,S003
93126002,1062,700,0,20260629,S003
93127002,1063,800,1,20260629,S003
93128002,1064,100,2,20260629,S003
93129002,1065,200,0,20260629,S003
93130002,1066,300,1,20260629,S003
93131002,1067,400,2,20260629,S003
93132002,1057,500,0,20260629,S003
93133002,1058,600,1,20260629,S003
93134002,1059,700,2,20260629,S003
93135002,1060,800,0,20260629,S003
93136002,1061,100,1,20260629,S003
93137002,1062,200,2,20260629,S003
93138002,1063,300,0,20260629,S003
93139002,1064,400,1,20260629,S003
93140002,1065,500,2,20260629,S003
93141002,1066,600,0,20260629,S003
93142002,1067,700,1,20260629,S003
93143002,1057,800,2,20260629,S003
93144002,1058,100,0,20260629,S003
93145002,1059,200,1,20260629,S003
93146002,1060,300,2,20260629,S003
93147002,1061,400,0,20260629,S003
93148002,1062,500,1,20260629,S003
93149002,1063,600,2,20260629,S003
93150002,1064,700,0,20260629,S003
93151002,1065,800,1,20260629,S003
93152002,1066,100,2,20260629,S003
93153002,1067,200,0,20260629,S003
93154002,1057,300,1,20260629,S003
93155002,1058,400,2,20260629,S003
93156002,1059,500,0,20260629,S003
93157002,1060,600,1,20260629,S003
93158002,1061,700,2,20260629,S003
93159002,1062,800,0,20260629,S003
93160002,1063,100,1,20260629,S003
93161002,1064,200,2,20260629,S003
93162002,1065,300,0,20260629,S003
93163002,1066,400,1,20260629,S003
93164002,1067,500,2,20260629,S003
93165002,1057,600,0,20260629,S003
93166002,1058,700,1,20260629,S003
93167002,1059,800,2,20260629,S003
93168002,1060,100,0,20260629,S003
93169002,1061,200,1,20260629,S003
93170002,1062,300,2,20260629,S003
93171002,1063,400,0,20260629,S003
93172002,1064,500,1,20260629,S003
93173002,1065,600,2,20260629,S003
93174002,1066,700,0,20260629,S003
93175002,1067,800,1,20260629,S003
93176002,1057,100,2,20260629,S003
93177002,1058,200,0,20260629,S003
93178002,1059,300,1,20260629,S003
93179002,1060,400,2,20260629,S003
93180002,1061,500,0,20260629,S003
93181002,1062,600,1,20260629,S003
93182002,1063,700,2,20260629,S003
93183002,1064,800,0,20260629,S003
93184002,1065,100,1,20260629,S003
93185002,1066,200,2,20260629,S003
93186002,1067,300,0,20260629,S003
93187002,1057,400,1,20260629,S003
93188002,1058,500,2,20260629,S003
93189002,1059,600,0,20260629,S003
93190002,1060,700,1,20260629,S003
93191002,1061,800,2,20260629,S003
93192002,1062,100,0,20260629,S003
93193002,1063,200,1,20260629,S003
93194002,1064,300,2,20260629,S003
93195002,1065,400,0,20260629,S003
93196002,1066,500,1,20260629,S003
93197002,1067,600,2,20260629,S003
93198002,1057,700,0,20260629,S003
93199002,1058,800,1,20260629,S003
93200002,1059,100,2,20260629,S003
93201002,1060,200,0,20260629,S003
93202002,1061,300,1,20260629,S003
93203002,1062,400,2,20260629,S003
93204002,1063,500,0,20260629,S003
93205002,1064,600,1,20260629,S003
93206002,1065,700,2,20260629,S003
93207002,1066,800,0,20260629,S003
93208002,1067,100,1,20260629,S003
93209002,1057,200,2,20260629,S003
93210002,1058,300,0,20260629,S003
93211002,1059,400,1,20260629,S003
93212002,1060,500,2,20260629,S003
93213002,1061,600,0,20260629,S003
93214002,1062,700,1,20260629,S003
93215002,1063,800,2,20260629,S003
93216002,1064,100,0,20260629,S003
93217002,1065,200,1,20260629,S003
93218002,1066,300,2,20260629,S003
93219002,1067,400,0,20260629,S003
93220002,1057,500,1,20260629,S003
93221002,1058,600,2,20260629,S003
93222002,1059,700,0,20260629,S003
93223002,1060,800,1,20260629,S003
93224002,1061,100,2,20260629,S003
93225002,1062,200,0,20260629,S003
93226002,1063,300,1,20260629,S003
93227002,1064,400,2,20260629,S003
93228002,1065,500,0,20260629,S003
93229002,1066,600,1,20260629,S003
93230002,1067,700,2,20260629,S003
93231002,1057,800,0,20260629,S003
93232002,1058,100,1,20260629,S003
93233002,1059,200,2,20260629,S003
93234002,1060,300,0,20260629,S003
93235002,1061,400,1,20260629,S003
93236002,1062,500,2,20260629,S003
93237002,1063,600,0,20260629,S003
93238002,1064,700,1,20260629,S003
93239002,1065,800,2,20260629,S003
93240002,1066,100,0,20260629,S003
93241002,1067,200,1,20260629,S003
93242002,1057,300,2,20260629,S003
93243002,1058,400,0,20260629,S003
93244002,1059,500,1,20260629,S003
93245002,1060,600,2,20260629,S003
93246002,1061,700,0,20260629,S003
93247002,1062,800,1,20260629,S003
93248002,1063,100,2,20260629,S003
93249002,1064,200,0,20260629,S003
93000003,1082,100,0,20260629,S004
93001003,1083,200,1,20260629,S004
93002003,1084,300,2,20260629,S004
93003003,1085,400,0,20260629,S004
93004003,1086,500,1,20260629,S004
93005003,1087,600,2,20260629,S004
93006003,1088,700,0,20260629,S004
93007003,1089,800,1,20260629,S004
93008003,1090,100,2,20260629,S004
93009003,1091,200,0,20260629,S004
93010003,1092,300,1,20260629,S004
93011003,1082,400,2,20260629,S004
93012003,1083,500,0,20260629,S004
93013003,1084,600,1,20260629,S004
93014003,1085,700,2,20260629,S004
93015003,1086,800,0,20260629,S004
93016003,1087,100,1,20260629,S004
93017003,1088,200,2,20260629,S004
93018003,1089,300,0,20260629,S004
93019003,1090,400,1,20260629,S004
93020003,1091,500,2,20260629,S004
93021003,1092,600,0,20260629,S004
93022003,1082,700,1,20260629,S004
93023003,1083,800,2,20260629,S004
93024003,1084,100,0,20260629,S004
93025003,1085,200,1,20260629,S004
93026003,1086,300,2,20260629,S004
93027003,1087,400,0,20260629,S004
93028003,1088,500,1,20260629,S004
93029003,1089,600,2,20260629,S004
93030003,1090,700,0,20260629,S004
93031003,1091,800,1,20260629,S004
93032003,1092,100,2,20260629,S004
93033003,1082,200,0,20260629,S004
93034003,1083,300,1,20260629,S004
93035003,1084,400,2,20260629,S004
93036003,1085,500,0,20260629,S004
93037003,1086,600,1,20260629,S004
93038003,1087,700,2,20260629,S004
93039003,1088,800,0,20260629,S004
93040003,1089,100,1,20260629,S004
93041003,1090,200,2,20260629,S004
93042003,1091,300,0,20260629,S004
93043003,1092,400,1,20260629,S004
93044003,1082,500,2,20260629,S004
93045003,1083,600,0,20260629,S004
93046003,1084,700,1,20260629,S004
93047003,1085,800,2,20260629,S004
93048003,1086,100,0,20260629,S004
93049003,1087,200,1,20260629,S004
93050003,1088,300,2,20260629,S004
93051003,1089,400,0,20260629,S004
93052003,1090,500,1,20260629,S004
93053003,1091,600,2,20260629,S004
93054003,1092,700,0,20260629,S004
93055003,1082,800,1,20260629,S004
93056003,1083,100,2,20260629,S004
93057003,1084,200,0,20260629,S004
93058003,1085,300,1,20260629,S004
93059003,1086,400,2,20260629,S004
93060003,1087,500,0,20260629,S004
93061003,1088,600,1,20260629,S004
93062003,1089,700,2,20260629,S004
93063003,1090,800,0,20260629,S004
93064003,1091,100,1,20260629,S004
93065003,1092,200,2,20260629,S004
93066003,1082,300,0,20260629,S004
93067003,1083,400,1,20260629,S004
93068003,1084,500,2,20260629,S004
93069003,1085,600,0,20260629,S004
93070003,1086,700,1,20260629,S004
93071003,1087,800,2,20260629,S004
93072003,1088,100,0,20260629,S004
93073003,1089,200,1,20260629,S004
93074003,1090,300,2,20260629,S004
93075003,1091,400,0,20260629,S004
93076003,1092,500,1,20260629,S004
93077003,1082,600,2,20260629,S004
93078003,1083,700,0,20260629,S004
93079003,1084,800,1,20260629,S004
93080003,1085,100,2,20260629,S004
93081003,1086,200,0,20260629,S004
93082003,1087,300,1,20260629,S004
93083003,1088,400,2,20260629,S004
93084003,1089,500,0,20260629,S004
93085003,1090,600,1,20260629,S004
93086003,1091,700,2,20260629,S004
93087003,1092,800,0,20260629,S004
93088003,1082,100,1,20260629,S004
93089003,1083,200,2,20260629,S004
93090003,1084,300,0,20260629,S004
93091003,1085,400,1,20260629,S004
93092003,1086,500,2,20260629,S004
93093003,1087,600,0,20260629,S004
93094003,1088,700,1,20260629,S004
93095003,1089,800,2,20260629,S004
93096003,1090,100,0,20260629,S004
93097003,1091,200,1,20260629,S004
93098003,1092,300,2,20260629,S004
93099003,1082,400,0,20260629,S004
93100003,1083,500,1,20260629,S004
93101003,1084,600,2,20260629,S004
93102003,1085,700,0,20260629,S004
93103003,1086,800,1,20260629,S004
93104003,1087,100,2,20260629,S004
93105003,1088,200,0,20260629,S004
93106003,1089,300,1,20260629,S004
93107003,1090,400,2,20260629,S004
93108003,1091,500,0,20260629,S004
93109003,1092,600,1,20260629,S004
93110003,1082,700,2,20260629,S004
93111003,1083,800,0,20260629,S004
93112003,1084,100,1,20260629,S004
93113003,1085,200,2,20260629,S004
93114003,1086,300,0,20260629,S004
93115003,1087,400,1,20260629,S004
93116003,1088,500,2,20260629,S004
93117003,1089,600,0,20260629,S004
93118003,1090,700,1,20260629,S004
93119003,1091,800,2,20260629,S004
93120003,1092,100,0,20260629,S004
93121003,1082,200,1,20260629,S004
93122003,1083,300,2,20260629,S004
93123003,1084,400,0,20260629,S004
93124003,1085,500,1,20260629,S004
93125003,1086,600,2,20260629,S004
93126003,1087,700,0,20260629,S004
93127003,1088,800,1,20260629,S004
93128003,1089,100,2,20260629,S004
93129003,1090,200,0,20260629,S004
93130003,1091,300,1,20260629,S004
93131003,1092,400,2,20260629,S004
93132003,1082,500,0,20260629,S004
93133003,1083,600,1,20260629,S004
93134003,1084,700,2,20260629,S004
93135003,1085,800,0,20260629,S004
93136003,1086,100,1,20260629,S004
93137003,1087,200,2,20260629,S004
93138003,1088,300,0,20260629,S004
93139003,1089,400,1,20260629,S004
93140003,1090,500,2,20260629,S004
93141003,1091,600,0,20260629,S004
93142003,1092,700,1,20260629,S004
93143003,1082,800,2,20260629,S004
93144003,1083,100,0,20260629,S004
93145003,1084,200,1,20260629,S004
93146003,1085,300,2,20260629,S004
93147003,1086,400,0,20260629,S004
93148003,1087,500,1,20260629,S004
93149003,1088,600,2,20260629,S004
93150003,1089,700,0,20260629,S004
93151003,1090,800,1,20260629,S004
93152003,1091,100,2,20260629,S004
93153003,1092,200,0,20260629,S004
93154003,1082,300,1,20260629,S004
93155003,1083,400,2,20260629,S004
93156003,1084,500,0,20260629,S004
93157003,1085,600,1,20260629,S004
93158003,1086,700,2,20260629,S004
93159003,1087,800,0,20260629,S004
93160003,1088,100,1,20260629,S004
93161003,1089,200,2,20260629,S004
93162003,1090,300,0,20260629,S004
93163003,1091,400,1,20260629,S004
93164003,1092,500,2,20260629,S004
93165003,1082,600,0,20260629,S004
93166003,1083,700,1,20260629,S004
93167003,1084,800,2,20260629,S004
93168003,1085,100,0,20260629,S004
93169003,1086,200,1,20260629,S004
93170003,1087,300,2,20260629,S004
93171003,1088,400,0,20260629,S004
93172003,1089,500,1,20260629,S004
93173003,1090,600,2,20260629,S004
93174003,1091,700,0,20260629,S004
93175003,1092,800,1,20260629,S004
93176003,1082,100,2,20260629,S004
93177003,1083,200,0,20260629,S004
93178003,1084,300,1,20260629,S004
93179003,1085,400,2,20260629,S004
93180003,1086,500,0,20260629,S004
93181003,1087,600,1,20260629,S004
93182003,1088,700,2,20260629,S004
93183003,1089,800,0,20260629,S004
93184003,1090,100,1,20260629,S004
93185003,1091,200,2,20260629,S004
93186003,1092,300,0,20260629,S004
93187003,1082,400,1,20260629,S004
93188003,1083,500,2,20260629,S004
93189003,1084,600,0,20260629,S004
93190003,1085,700,1,20260629,S004
93191003,1086,800,2,20260629,S004
93192003,1087,100,0,20260629,S004
93193003,1088,200,1,20260629,S004
93194003,1089,300,2,20260629,S004
93195003,1090,400,0,20260629,S004
93196003,1091,500,1,20260629,S004
93197003,1092,600,2,20260629,S004
93198003,1082,700,0,20260629,S004
93199003,1083,800,1,20260629,S004
93200003,1084,100,2,20260629,S004
93201003,1085,200,0,20260629,S004
93202003,1086,300,1,20260629,S004
93203003,1087,400,2,20260629,S004
93204003,1088,500,0,20260629,S004
93205003,1089,600,1,20260629,S004
93206003,1090,700,2,20260629,S004
93207003,1091,800,0,20260629,S004
93208003,1092,100,1,20260629,S004
93209003,1082,200,2,20260629,S004
93210003,1083,300,0,20260629,S004
93211003,1084,400,1,20260629,S004
93212003,1085,500,2,20260629,S004
93213003,1086,600,0,20260629,S004
93214003,1087,700,1,20260629,S004
93215003,1088,800,2,20260629,S004
93216003,1089,100,0,20260629,S004
93217003,1090,200,1,20260629,S004
93218003,1091,300,2,20260629,S004
93219003,1092,400,0,20260629,S004
93220003,1082,500,1,20260629,S004
93221003,1083,600,2,20260629,S004
93222003,1084,700,0,20260629,S004
93223003,1085,800,1,20260629,S004
93224003,1086,100,2,20260629,S004
93225003,1087,200,0,20260629,S004
93226003,1088,300,1,20260629,S004
93227003,1089,400,2,20260629,S004
93228003,1090,500,0,20260629,S004
93229003,1091,600,1,20260629,S004
93230003,1092,700,2,20260629,S004
93231003,1082,800,0,20260629,S004
93232003,1083,100,1,20260629,S004
93233003,1084,200,2,20260629,S004
93234003,1085,300,0,20260629,S004
93235003,1086,400,1,20260629,S004
93236003,1087,500,2,20260629,S004
93237003,1088,600,0,20260629,S004
93238003,1089,700,1,20260629,S004
93239003,1090,800,2,20260629,S004
93240003,1091,100,0,20260629,S004
93241003,1092,200,1,20260629,S004
93242003,1082,300,2,20260629,S004
93243003,1083,400,0,20260629,S004
93244003,1084,500,1,20260629,S004
93245003,1085,600,2,20260629,S004
93246003,1086,700,0,20260629,S004
93247003,1087,800,1,20260629,S004
93248003,1088,100,2,20260629,S004
93249003,1089,200,0,20260629,S004
93000004,1107,100,0,20260629,S005
93001004,1108,200,1,20260629,S005
93002004,1109,300,2,20260629,S005
93003004,1110,400,0,20260629,S005
93004004,1111,500,1,20260629,S005
93005004,1112,600,2,20260629,S005
93006004,1113,700,0,20260629,S005
93007004,1114,800,1,20260629,S005
93008004,1115,100,2,20260629,S005
93009004,1116,200,0,20260629,S005
93010004,1117,300,1,20260629,S005
93011004,1107,400,2,20260629,S005
93012004,1108,500,0,20260629,S005
93013004,1109,600,1,20260629,S005
93014004,1110,700,2,20260629,S005
93015004,1111,800,0,20260629,S005
93016004,1112,100,1,20260629,S005
93017004,1113,200,2,20260629,S005
93018004,1114,300,0,20260629,S005
93019004,1115,400,1,20260629,S005
93020004,1116,500,2,20260629,S005
93021004,1117,600,0,20260629,S005
93022004,1107,700,1,20260629,S005
93023004,1108,800,2,20260629,S005
93024004,1109,100,0,20260629,S005
93025004,1110,200,1,20260629,S005
93026004,1111,300,2,20260629,S005
93027004,1112,400,0,20260629,S005
93028004,1113,500,1,20260629,S005
93029004,1114,600,2,20260629,S005
93030004,1115,700,0,20260629,S005
93031004,1116,800,1,20260629,S005
93032004,1117,100,2,20260629,S005
93033004,1107,200,0,20260629,S005
93034004,1108,300,1,20260629,S005
93035004,1109,400,2,20260629,S005
93036004,1110,500,0,20260629,S005
93037004,1111,600,1,20260629,S005
93038004,1112,700,2,20260629,S005
93039004,1113,800,0,20260629,S005
93040004,1114,100,1,20260629,S005
93041004,1115,200,2,20260629,S005
93042004,1116,300,0,20260629,S005
93043004,1117,400,1,20260629,S005
93044004,1107,500,2,20260629,S005
93045004,1108,600,0,20260629,S005
93046004,1109,700,1,20260629,S005
93047004,1110,800,2,20260629,S005
93048004,1111,100,0,20260629,S005
93049004,1112,200,1,20260629,S005
93050004,1113,300,2,20260629,S005
93051004,1114,400,0,20260629,S005
93052004,1115,500,1,20260629,S005
93053004,1116,600,2,20260629,S005
93054004,1117,700,0,20260629,S005
93055004,1107,800,1,20260629,S005
93056004,1108,100,2,20260629,S005
93057004,1109,200,0,20260629,S005
93058004,1110,300,1,20260629,S005
93059004,1111,400,2,20260629,S005
93060004,1112,500,0,20260629,S005
93061004,1113,600,1,20260629,S005
93062004,1114,700,2,20260629,S005
93063004,1115,800,0,20260629,S005
93064004,1116,100,1,20260629,S005
93065004,1117,200,2,20260629,S005
93066004,1107,300,0,20260629,S005
93067004,1108,400,1,20260629,S005
93068004,1109,500,2,20260629,S005
93069004,1110,600,0,20260629,S005
93070004,1111,700,1,20260629,S005
93071004,1112,800,2,20260629,S005
93072004,1113,100,0,20260629,S005
93073004,1114,200,1,20260629,S005
93074004,1115,300,2,20260629,S005
93075004,1116,400,0,20260629,S005
93076004,1117,500,1,20260629,S005
93077004,1107,600,2,20260629,S005
93078004,1108,700,0,20260629,S005
93079004,1109,800,1,20260629,S005
93080004,1110,100,2,20260629,S005
93081004,1111,200,0,20260629,S005
93082004,1112,300,1,20260629,S005
93083004,1113,400,2,20260629,S005
93084004,1114,500,0,20260629,S005
93085004,1115,600,1,20260629,S005
93086004,1116,700,2,20260629,S005
93087004,1117,800,0,20260629,S005
93088004,1107,100,1,20260629,S005
93089004,1108,200,2,20260629,S005
93090004,1109,300,0,20260629,S005
93091004,1110,400,1,20260629,S005
93092004,1111,500,2,20260629,S005
93093004,1112,600,0,20260629,S005
93094004,1113,700,1,20260629,S005
93095004,1114,800,2,20260629,S005
93096004,1115,100,0,20260629,S005
93097004,1116,200,1,20260629,S005
93098004,1117,300,2,20260629,S005
93099004,1107,400,0,20260629,S005
93100004,1108,500,1,20260629,S005
93101004,1109,600,2,20260629,S005
93102004,1110,700,0,20260629,S005
93103004,1111,800,1,20260629,S005
93104004,1112,100,2,20260629,S005
93105004,1113,200,0,20260629,S005
93106004,1114,300,1,20260629,S005
93107004,1115,400,2,20260629,S005
93108004,1116,500,0,20260629,S005
93109004,1117,600,1,20260629,S005
93110004,1107,700,2,20260629,S005
93111004,1108,800,0,20260629,S005
93112004,1109,100,1,20260629,S005
93113004,1110,200,2,20260629,S005
93114004,1111,300,0,20260629,S005
93115004,1112,400,1,20260629,S005
93116004,1113,500,2,20260629,S005
93117004,1114,600,0,20260629,S005
93118004,1115,700,1,20260629,S005
93119004,1116,800,2,20260629,S005
93120004,1117,100,0,20260629,S005
93121004,1107,200,1,20260629,S005
93122004,1108,300,2,20260629,S005
93123004,1109,400,0,20260629,S005
93124004,1110,500,1,20260629,S005
93125004,1111,600,2,20260629,S005
93126004,1112,700,0,20260629,S005
93127004,1113,800,1,20260629,S005
93128004,1114,100,2,20260629,S005
93129004,1115,200,0,20260629,S005
93130004,1116,300,1,20260629,S005
93131004,1117,400,2,20260629,S005
93132004,1107,500,0,20260629,S005
93133004,1108,600,1,20260629,S005
93134004,1109,700,2,20260629,S005
93135004,1110,800,0,20260629,S005
93136004,1111,100,1,20260629,S005
93137004,1112,200,2,20260629,S005
93138004,1113,300,0,20260629,S005
93139004,1114,400,1,20260629,S005
93140004,1115,500,2,20260629,S005
93141004,1116,600,0,20260629,S005
93142004,1117,700,1,20260629,S005
93143004,1107,800,2,20260629,S005
93144004,1108,100,0,20260629,S005
93145004,1109,200,1,20260629,S005
93146004,1110,300,2,20260629,S005
93147004,1111,400,0,20260629,S005
93148004,1112,500,1,20260629,S005
93149004,1113,600,2,20260629,S005
93150004,1114,700,0,20260629,S005
93151004,1115,800,1,20260629,S005
93152004,1116,100,2,20260629,S005
93153004,1117,200,0,20260629,S005
93154004,1107,300,1,20260629,S005
93155004,1108,400,2,20260629,S005
93156004,1109,500,0,20260629,S005
93157004,1110,600,1,20260629,S005
93158004,1111,700,2,20260629,S005
93159004,1112,800,0,20260629,S005
93160004,1113,100,1,20260629,S005
93161004,1114,200,2,20260629,S005
93162004,1115,300,0,20260629,S005
93163004,1116,400,1,20260629,S005
93164004,1117,500,2,20260629,S005
93165004,1107,600,0,20260629,S005
93166004,1108,700,1,20260629,S005
93167004,1109,800,2,20260629,S005
93168004,1110,100,0,20260629,S005
93169004,1111,200,1,20260629,S005
93170004,1112,300,2,20260629,S005
93171004,1113,400,0,20260629,S005
93172004,1114,500,1,20260629,S005
93173004,1115,600,2,20260629,S005
93174004,1116,700,0,20260629,S005
93175004,1117,800,1,20260629,S005
93176004,1107,100,2,20260629,S005
93177004,1108,200,0,20260629,S005
93178004,1109,300,1,20260629,S005
93179004,1110,400,2,20260629,S005
93180004,1111,500,0,20260629,S005
93181004,1112,600,1,20260629,S005
93182004,1113,700,2,20260629,S005
93183004,1114,800,0,20260629,S005
93184004,1115,100,1,20260629,S005
93185004,1116,200,2,20260629,S005
93186004,1117,300,0,20260629,S005
93187004,1107,400,1,20260629,S005
93188004,1108,500,2,20260629,S005
93189004,1109,600,0,20260629,S005
93190004,1110,700,1,20260629,S005
93191004,1111,800,2,20260629,S005
93192004,1112,100,0,20260629,S005
93193004,1113,200,1,20260629,S005
93194004,1114,300,2,20260629,S005
93195004,1115,400,0,20260629,S005
93196004,1116,500,1,20260629,S005
93197004,1117,600,2,20260629,S005
93198004,1107,700,0,20260629,S005
93199004,1108,800,1,20260629,S005
93200004,1109,100,2,20260629,S005
93201004,1110,200,0,20260629,S005
93202004,1111,300,1,20260629,S005
93203004,1112,400,2,20260629,S005
93204004,1113,500,0,20260629,S005
93205004,1114,600,1,20260629,S005
93206004,1115,700,2,20260629,S005
93207004,1116,800,0,20260629,S005
93208004,1117,100,1,20260629,S005
93209004,1107,200,2,20260629,S005
93210004,1108,300,0,20260629,S005
93211004,1109,400,1,20260629,S005
93212004,1110,500,2,20260629,S005
93213004,1111,600,0,20260629,S005
93214004,1112,700,1,20260629,S005
93215004,1113,800,2,20260629,S005
93216004,1114,100,0,20260629,S005
93217004,1115,200,1,20260629,S005
93218004,1116,300,2,20260629,S005
93219004,1117,400,0,20260629,S005
93220004,1107,500,1,20260629,S005
93221004,1108,600,2,20260629,S005
93222004,1109,700,0,20260629,S005
93223004,1110,800,1,20260629,S005
93224004,1111,100,2,20260629,S005
93225004,1112,200,0,20260629,S005
93226004,1113,300,1,20260629,S005
93227004,1114,400,2,20260629,S005
93228004,1115,500,0,20260629,S005
93229004,1116,600,1,20260629,S005
93230004,1117,700,2,20260629,S005
93231004,1107,800,0,20260629,S005
93232004,1108,100,1,20260629,S005
93233004,1109,200,2,20260629,S005
93234004,1110,300,0,20260629,S005
93235004,1111,400,1,20260629,S005
93236004,1112,500,2,20260629,S005
93237004,1113,600,0,20260629,S005
93238004,1114,700,1,20260629,S005
93239004,1115,800,2,20260629,S005
93240004,1116,100,0,20260629,S005
93241004,1117,200,1,20260629,S005
93242004,1107,300,2,20260629,S005
93243004,1108,400,0,20260629,S005
93244004,1109,500,1,20260629,S005
93245004,1110,600,2,20260629,S005
93246004,1111,700,0,20260629,S005
93247004,1112,800,1,20260629,S005
93248004,1113,100,2,20260629,S005
93249004,1114,200,0,20260629,S005
93000005,1132,100,0,20260629,S006
93001005,1133,200,1,20260629,S006
93002005,1134,300,2,20260629,S006
93003005,1135,400,0,20260629,S006
93004005,1136,500,1,20260629,S006
93005005,1137,600,2,20260629,S006
93006005,1138,700,0,20260629,S006
93007005,1139,800,1,20260629,S006
93008005,1140,100,2,20260629,S006
93009005,1141,200,0,20260629,S006
93010005,1142,300,1,20260629,S006
93011005,1132,400,2,20260629,S006
93012005,1133,500,0,20260629,S006
93013005,1134,600,1,20260629,S006
93014005,1135,700,2,20260629,S006
93015005,1136,800,0,20260629,S006
93016005,1137,100,1,20260629,S006
93017005,1138,200,2,20260629,S006
93018005,1139,300,0,20260629,S006
93019005,1140,400,1,20260629,S006
93020005,1141,500,2,20260629,S006
93021005,1142,600,0,20260629,S006
93022005,1132,700,1,20260629,S006
93023005,1133,800,2,20260629,S006
93024005,1134,100,0,20260629,S006
93025005,1135,200,1,20260629,S006
93026005,1136,300,2,20260629,S006
93027005,1137,400,0,20260629,S006
93028005,1138,500,1,20260629,S006
93029005,1139,600,2,20260629,S006
93030005,1140,700,0,20260629,S006
93031005,1141,800,1,20260629,S006
93032005,1142,100,2,20260629,S006
93033005,1132,200,0,20260629,S006
93034005,1133,300,1,20260629,S006
93035005,1134,400,2,20260629,S006
93036005,1135,500,0,20260629,S006
93037005,1136,600,1,20260629,S006
93038005,1137,700,2,20260629,S006
93039005,1138,800,0,20260629,S006
93040005,1139,100,1,20260629,S006
93041005,1140,200,2,20260629,S006
93042005,1141,300,0,20260629,S006
93043005,1142,400,1,20260629,S006
93044005,1132,500,2,20260629,S006
93045005,1133,600,0,20260629,S006
93046005,1134,700,1,20260629,S006
93047005,1135,800,2,20260629,S006
93048005,1136,100,0,20260629,S006
93049005,1137,200,1,20260629,S006
93050005,1138,300,2,20260629,S006
93051005,1139,400,0,20260629,S006
93052005,1140,500,1,20260629,S006
93053005,1141,600,2,20260629,S006
93054005,1142,700,0,20260629,S006
93055005,1132,800,1,20260629,S006
93056005,1133,100,2,20260629,S006
93057005,1134,200,0,20260629,S006
93058005,1135,300,1,20260629,S006
93059005,1136,400,2,20260629,S006
93060005,1137,500,0,20260629,S006
93061005,1138,600,1,20260629,S006
93062005,1139,700,2,20260629,S006
93063005,1140,800,0,20260629,S006
93064005,1141,100,1,20260629,S006
93065005,1142,200,2,20260629,S006
93066005,1132,300,0,20260629,S006
93067005,1133,400,1,20260629,S006
93068005,1134,500,2,20260629,S006
93069005,1135,600,0,20260629,S006
93070005,1136,700,1,20260629,S006
93071005,1137,800,2,20260629,S006
93072005,1138,100,0,20260629,S006
93073005,1139,200,1,20260629,S006
93074005,1140,300,2,20260629,S006
93075005,1141,400,0,20260629,S006
93076005,1142,500,1,20260629,S006
93077005,1132,600,2,20260629,S006
93078005,1133,700,0,20260629,S006
93079005,1134,800,1,20260629,S006
93080005,1135,100,2,20260629,S006
93081005,1136,200,0,20260629,S006
93082005,1137,300,1,20260629,S006
93083005,1138,400,2,20260629,S006
93084005,1139,500,0,20260629,S006
93085005,1140,600,1,20260629,S006
93086005,1141,700,2,20260629,S006
93087005,1142,800,0,20260629,S006
93088005,1132,100,1,20260629,S006
93089005,1133,200,2,20260629,S006
93090005,1134,300,0,20260629,S006
93091005,1135,400,1,20260629,S006
93092005,1136,500,2,20260629,S006
93093005,1137,600,0,20260629,S006
93094005,1138,700,1,20260629,S006
93095005,1139,800,2,20260629,S006
93096005,1140,100,0,20260629,S006
93097005,1141,200,1,20260629,S006
93098005,1142,300,2,20260629,S006
93099005,1132,400,0,20260629,S006
93100005,1133,500,1,20260629,S006
93101005,1134,600,2,20260629,S006
93102005,1135,700,0,20260629,S006
93103005,1136,800,1,20260629,S006
93104005,1137,100,2,20260629,S006
93105005,1138,200,0,20260629,S006
93106005,1139,300,1,20260629,S006
93107005,1140,400,2,20260629,S006
93108005,1141,500,0,20260629,S006
93109005,1142,600,1,20260629,S006
93110005,1132,700,2,20260629,S006
93111005,1133,800,0,20260629,S006
93112005,1134,100,1,20260629,S006
93113005,1135,200,2,20260629,S006
93114005,1136,300,0,20260629,S006
93115005,1137,400,1,20260629,S006
93116005,1138,500,2,20260629,S006
93117005,1139,600,0,20260629,S006
93118005,1140,700,1,20260629,S006
93119005,1141,800,2,20260629,S006
93120005,1142,100,0,20260629,S006
93121005,1132,200,1,20260629,S006
93122005,1133,300,2,20260629,S006
93123005,1134,400,0,20260629,S006
93124005,1135,500,1,20260629,S006
93125005,1136,600,2,20260629,S006
93126005,1137,700,0,20260629,S006
93127005,1138,800,1,20260629,S006
93128005,1139,100,2,20260629,S006
93129005,1140,200,0,20260629,S006
93130005,1141,300,1,20260629,S006
93131005,1142,400,2,20260629,S006
93132005,1132,500,0,20260629,S006
93133005,1133,600,1,20260629,S006
93134005,1134,700,2,20260629,S006
93135005,1135,800,0,20260629,S006
93136005,1136,100,1,20260629,S006
93137005,1137,200,2,20260629,S006
93138005,1138,300,0,20260629,S006
93139005,1139,400,1,20260629,S006
93140005,1140,500,2,20260629,S006
93141005,1141,600,0,20260629,S006
93142005,1142,700,1,20260629,S006
93143005,1132,800,2,20260629,S006
93144005,1133,100,0,20260629,S006
93145005,1134,200,1,20260629,S006
93146005,1135,300,2,20260629,S006
93147005,1136,400,0,20260629,S006
93148005,1137,500,1,20260629,S006
93149005,1138,600,2,20260629,S006
93150005,1139,700,0,20260629,S006
93151005,1140,800,1,20260629,S006
93152005,1141,100,2,20260629,S006
93153005,1142,200,0,20260629,S006
93154005,1132,300,1,20260629,S006
93155005,1133,400,2,20260629,S006
93156005,1134,500,0,20260629,S006
93157005,1135,600,1,20260629,S006
93158005,1136,700,2,20260629,S006
93159005,1137,800,0,20260629,S006
93160005,1138,100,1,20260629,S006
93161005,1139,200,2,20260629,S006
93162005,1140,300,0,20260629,S006
93163005,1141,400,1,20260629,S006
93164005,1142,500,2,20260629,S006
93165005,1132,600,0,20260629,S006
93166005,1133,700,1,20260629,S006
93167005,1134,800,2,20260629,S006
93168005,1135,100,0,20260629,S006
93169005,1136,200,1,20260629,S006
93170005,1137,300,2,20260629,S006
93171005,1138,400,0,20260629,S006
93172005,1139,500,1,20260629,S006
93173005,1140,600,2,20260629,S006
93174005,1141,700,0,20260629,S006
93175005,1142,800,1,20260629,S006
93176005,1132,100,2,20260629,S006
93177005,1133,200,0,20260629,S006
93178005,1134,300,1,20260629,S006
93179005,1135,400,2,20260629,S006
93180005,1136,500,0,20260629,S006
93181005,1137,600,1,20260629,S006
93182005,1138,700,2,20260629,S006
93183005,1139,800,0,20260629,S006
93184005,1140,100,1,20260629,S006
93185005,1141,200,2,20260629,S006
93186005,1142,300,0,20260629,S006
93187005,1132,400,1,20260629,S006
93188005,1133,500,2,20260629,S006
93189005,1134,600,0,20260629,S006
93190005,1135,700,1,20260629,S006
93191005,1136,800,2,20260629,S006
93192005,1137,100,0,20260629,S006
93193005,1138,200,1,20260629,S006
93194005,1139,300,2,20260629,S006
93195005,1140,400,0,20260629,S006
93196005,1141,500,1,20260629,S006
93197005,1142,600,2,20260629,S006
93198005,1132,700,0,20260629,S006
93199005,1133,800,1,20260629,S006
93200005,1134,100,2,20260629,S006
93201005,1135,200,0,20260629,S006
93202005,1136,300,1,20260629,S006
93203005,1137,400,2,20260629,S006
93204005,1138,500,0,20260629,S006
93205005,1139,600,1,20260629,S006
93206005,1140,700,2,20260629,S006
93207005,1141,800,0,20260629,S006
93208005,1142,100,1,20260629,S006
93209005,1132,200,2,20260629,S006
93210005,1133,300,0,20260629,S006
93211005,1134,400,1,20260629,S006
93212005,1135,500,2,20260629,S006
93213005,1136,600,0,20260629,S006
93214005,1137,700,1,20260629,S006
93215005,1138,800,2,20260629,S006
93216005,1139,100,0,20260629,S006
93217005,1140,200,1,20260629,S006
93218005,1141,300,2,20260629,S006
93219005,1142,400,0,20260629,S006
93220005,1132,500,1,20260629,S006
93221005,1133,600,2,20260629,S006
93222005,1134,700,0,20260629,S006
93223005,1135,800,1,20260629,S006
93224005,1136,100,2,20260629,S006
93225005,1137,200,0,20260629,S006
93226005,1138,300,1,20260629,S006
93227005,1139,400,2,20260629,S006
93228005,1140,500,0,20260629,S006
93229005,1141,600,1,20260629,S006
93230005,1142,700,2,20260629,S006
93231005,1132,800,0,20260629,S006
93232005,1133,100,1,20260629,S006
93233005,1134,200,2,20260629,S006
93234005,1135,300,0,20260629,S006
93235005,1136,400,1,20260629,S006
93236005,1137,500,2,20260629,S006
93237005,1138,600,0,20260629,S006
93238005,1139,700,1,20260629,S006
93239005,1140,800,2,20260629,S006
93240005,1141,100,0,20260629,S006
93241005,1142,200,1,20260629,S006
93242005,1132,300,2,20260629,S006
93243005,1133,400,0,20260629,S006
93244005,1134,500,1,20260629,S006
93245005,1135,600,2,20260629,S006
93246005,1136,700,0,20260629,S006
93247005,1137,800,1,20260629,S006
93248005,1138,100,2,20260629,S006
93249005,1139,200,0,20260629,S006
93000006,1157,100,0,20260629,S007
93001006,1158,200,1,20260629,S007
93002006,1159,300,2,20260629,S007
93003006,1160,400,0,20260629,S007
93004006,1161,500,1,20260629,S007
93005006,1162,600,2,20260629,S007
93006006,1163,700,0,20260629,S007
93007006,1164,800,1,20260629,S007
93008006,1165,100,2,20260629,S007
93009006,1166,200,0,20260629,S007
93010006,1167,300,1,20260629,S007
93011006,1157,400,2,20260629,S007
93012006,1158,500,0,20260629,S007
93013006,1159,600,1,20260629,S007
93014006,1160,700,2,20260629,S007
93015006,1161,800,0,20260629,S007
93016006,1162,100,1,20260629,S007
93017006,1163,200,2,20260629,S007
93018006,1164,300,0,20260629,S007
93019006,1165,400,1,20260629,S007
93020006,1166,500,2,20260629,S007
93021006,1167,600,0,20260629,S007
93022006,1157,700,1,20260629,S007
93023006,1158,800,2,20260629,S007
93024006,1159,100,0,20260629,S007
93025006,1160,200,1,20260629,S007
93026006,1161,300,2,20260629,S007
93027006,1162,400,0,20260629,S007
93028006,1163,500,1,20260629,S007
93029006,1164,600,2,20260629,S007
93030006,1165,700,0,20260629,S007
93031006,1166,800,1,20260629,S007
93032006,1167,100,2,20260629,S007
93033006,1157,200,0,20260629,S007
93034006,1158,300,1,20260629,S007
93035006,1159,400,2,20260629,S007
93036006,1160,500,0,20260629,S007
93037006,1161,600,1,20260629,S007
93038006,1162,700,2,20260629,S007
93039006,1163,800,0,20260629,S007
93040006,1164,100,1,20260629,S007
93041006,1165,200,2,20260629,S007
93042006,1166,300,0,20260629,S007
93043006,1167,400,1,20260629,S007
93044006,1157,500,2,20260629,S007
93045006,1158,600,0,20260629,S007
93046006,1159,700,1,20260629,S007
93047006,1160,800,2,20260629,S007
93048006,1161,100,0,20260629,S007
93049006,1162,200,1,20260629,S007
93050006,1163,300,2,20260629,S007
93051006,1164,400,0,20260629,S007
93052006,1165,500,1,20260629,S007
93053006,1166,600,2,20260629,S007
93054006,1167,700,0,20260629,S007
93055006,1157,800,1,20260629,S007
93056006,1158,100,2,20260629,S007
93057006,1159,200,0,20260629,S007
93058006,1160,300,1,20260629,S007
93059006,1161,400,2,20260629,S007
93060006,1162,500,0,20260629,S007
93061006,1163,600,1,20260629,S007
93062006,1164,700,2,20260629,S007
93063006,1165,800,0,20260629,S007
93064006,1166,100,1,20260629,S007
93065006,1167,200,2,20260629,S007
93066006,1157,300,0,20260629,S007
93067006,1158,400,1,20260629,S007
93068006,1159,500,2,20260629,S007
93069006,1160,600,0,20260629,S007
93070006,1161,700,1,20260629,S007
93071006,1162,800,2,20260629,S007
93072006,1163,100,0,20260629,S007
93073006,1164,200,1,20260629,S007
93074006,1165,300,2,20260629,S007
93075006,1166,400,0,20260629,S007
93076006,1167,500,1,20260629,S007
93077006,1157,600,2,20260629,S007
93078006,1158,700,0,20260629,S007
93079006,1159,800,1,20260629,S007
93080006,1160,100,2,20260629,S007
93081006,1161,200,0,20260629,S007
93082006,1162,300,1,20260629,S007
93083006,1163,400,2,20260629,S007
93084006,1164,500,0,20260629,S007
93085006,1165,600,1,20260629,S007
93086006,1166,700,2,20260629,S007
93087006,1167,800,0,20260629,S007
93088006,1157,100,1,20260629,S007
93089006,1158,200,2,20260629,S007
93090006,1159,300,0,20260629,S007
93091006,1160,400,1,20260629,S007
93092006,1161,500,2,20260629,S007
93093006,1162,600,0,20260629,S007
93094006,1163,700,1,20260629,S007
93095006,1164,800,2,20260629,S007
93096006,1165,100,0,20260629,S007
93097006,1166,200,1,20260629,S007
93098006,1167,300,2,20260629,S007
93099006,1157,400,0,20260629,S007
93100006,1158,500,1,20260629,S007
93101006,1159,600,2,20260629,S007
93102006,1160,700,0,20260629,S007
93103006,1161,800,1,20260629,S007
93104006,1162,100,2,20260629,S007
93105006,1163,200,0,20260629,S007
93106006,1164,300,1,20260629,S007
93107006,1165,400,2,20260629,S007
93108006,1166,500,0,20260629,S007
93109006,1167,600,1,20260629,S007
93110006,1157,700,2,20260629,S007
93111006,1158,800,0,20260629,S007
93112006,1159,100,1,20260629,S007
93113006,1160,200,2,20260629,S007
93114006,1161,300,0,20260629,S007
93115006,1162,400,1,20260629,S007
93116006,1163,500,2,20260629,S007
93117006,1164,600,0,20260629,S007
93118006,1165,700,1,20260629,S007
93119006,1166,800,2,20260629,S007
93120006,1167,100,0,20260629,S007
93121006,1157,200,1,20260629,S007
93122006,1158,300,2,20260629,S007
93123006,1159,400,0,20260629,S007
93124006,1160,500,1,20260629,S007
93125006,1161,600,2,20260629,S007
93126006,1162,700,0,20260629,S007
93127006,1163,800,1,20260629,S007
93128006,1164,100,2,20260629,S007
93129006,1165,200,0,20260629,S007
93130006,1166,300,1,20260629,S007
93131006,1167,400,2,20260629,S007
93132006,1157,500,0,20260629,S007
93133006,1158,600,1,20260629,S007
93134006,1159,700,2,20260629,S007
93135006,1160,800,0,20260629,S007
93136006,1161,100,1,20260629,S007
93137006,1162,200,2,20260629,S007
93138006,1163,300,0,20260629,S007
93139006,1164,400,1,20260629,S007
93140006,1165,500,2,20260629,S007
93141006,1166,600,0,20260629,S007
93142006,1167,700,1,20260629,S007
93143006,1157,800,2,20260629,S007
93144006,1158,100,0,20260629,S007
93145006,1159,200,1,20260629,S007
93146006,1160,300,2,20260629,S007
93147006,1161,400,0,20260629,S007
93148006,1162,500,1,20260629,S007
93149006,1163,600,2,20260629,S007
93150006,1164,700,0,20260629,S007
93151006,1165,800,1,20260629,S007
93152006,1166,100,2,20260629,S007
93153006,1167,200,0,20260629,S007
93154006,1157,300,1,20260629,S007
93155006,1158,400,2,20260629,S007
93156006,1159,500,0,20260629,S007
93157006,1160,600,1,20260629,S007
93158006,1161,700,2,20260629,S007
93159006,1162,800,0,20260629,S007
93160006,1163,100,1,20260629,S007
93161006,1164,200,2,20260629,S007
93162006,1165,300,0,20260629,S007
93163006,1166,400,1,20260629,S007
93164006,1167,500,2,20260629,S007
93165006,1157,600,0,20260629,S007
93166006,1158,700,1,20260629,S007
93167006,1159,800,2,20260629,S007
93168006,1160,100,0,20260629,S007
93169006,1161,200,1,20260629,S007
93170006,1162,300,2,20260629,S007
93171006,1163,400,0,20260629,S007
93172006,1164,500,1,20260629,S007
93173006,1165,600,2,20260629,S007
93174006,1166,700,0,20260629,S007
93175006,1167,800,1,20260629,S007
93176006,1157,100,2,20260629,S007
93177006,1158,200,0,20260629,S007
93178006,1159,300,1,20260629,S007
93179006,1160,400,2,20260629,S007
93180006,1161,500,0,20260629,S007
93181006,1162,600,1,20260629,S007
93182006,1163,700,2,20260629,S007
93183006,1164,800,0,20260629,S007
93184006,1165,100,1,20260629,S007
93185006,1166,200,2,20260629,S007
93186006,1167,300,0,20260629,S007
93187006,1157,400,1,20260629,S007
93188006,1158,500,2,20260629,S007
93189006,1159,600,0,20260629,S007
93190006,1160,700,1,20260629,S007
93191006,1161,800,2,20260629,S007
93192006,1162,100,0,20260629,S007
93193006,1163,200,1,20260629,S007
93194006,1164,300,2,20260629,S007
93195006,1165,400,0,20260629,S007
93196006,1166,500,1,20260629,S007
93197006,1167,600,2,20260629,S007
93198006,1157,700,0,20260629,S007
93199006,1158,800,1,20260629,S007
93200006,1159,100,2,20260629,S007
93201006,1160,200,0,20260629,S007
93202006,1161,300,1,20260629,S007
93203006,1162,400,2,20260629,S007
93204006,1163,500,0,20260629,S007
93205006,1164,600,1,20260629,S007
93206006,1165,700,2,20260629,S007
93207006,1166,800,0,20260629,S007
93208006,1167,100,1,20260629,S007
93209006,1157,200,2,20260629,S007
93210006,1158,300,0,20260629,S007
93211006,1159,400,1,20260629,S007
93212006,1160,500,2,20260629,S007
93213006,1161,600,0,20260629,S007
93214006,1162,700,1,20260629,S007
93215006,1163,800,2,20260629,S007
93216006,1164,100,0,20260629,S007
93217006,1165,200,1,20260629,S007
93218006,1166,300,2,20260629,S007
93219006,1167,400,0,20260629,S007
93220006,1157,500,1,20260629,S007
93221006,1158,600,2,20260629,S007
93222006,1159,700,0,20260629,S007
93223006,1160,800,1,20260629,S007
93224006,1161,100,2,20260629,S007
93225006,1162,200,0,20260629,S007
93226006,1163,300,1,20260629,S007
93227006,1164,400,2,20260629,S007
93228006,1165,500,0,20260629,S007
93229006,1166,600,1,20260629,S007
93230006,1167,700,2,20260629,S007
93231006,1157,800,0,20260629,S007
93232006,1158,100,1,20260629,S007
93233006,1159,200,2,20260629,S007
93234006,1160,300,0,20260629,S007
93235006,1161,400,1,20260629,S007
93236006,1162,500,2,20260629,S007
93237006,1163,600,0,20260629,S007
93238006,1164,700,1,20260629,S007
93239006,1165,800,2,20260629,S007
93240006,1166,100,0,20260629,S007
93241006,1167,200,1,20260629,S007
93242006,1157,300,2,20260629,S007
93243006,1158,400,0,20260629,S007
93244006,1159,500,1,20260629,S007
93245006,1160,600,2,20260629,S007
93246006,1161,700,0,20260629,S007
93247006,1162,800,1,20260629,S007
93248006,1163,100,2,20260629,S007
93249006,1164,200,0,20260629,S007
93000007,1182,100,0,20260629,S008
93001007,1183,200,1,20260629,S008
93002007,1184,300,2,20260629,S008
93003007,1185,400,0,20260629,S008
93004007,1186,500,1,20260629,S008
93005007,1187,600,2,20260629,S008
93006007,1188,700,0,20260629,S008
93007007,1189,800,1,20260629,S008
93008007,1190,100,2,20260629,S008
93009007,1191,200,0,20260629,S008
93010007,1192,300,1,20260629,S008
93011007,1182,400,2,20260629,S008
93012007,1183,500,0,20260629,S008
93013007,1184,600,1,20260629,S008
93014007,1185,700,2,20260629,S008
93015007,1186,800,0,20260629,S008
93016007,1187,100,1,20260629,S008
93017007,1188,200,2,20260629,S008
93018007,1189,300,0,20260629,S008
93019007,1190,400,1,20260629,S008
93020007,1191,500,2,20260629,S008
93021007,1192,600,0,20260629,S008
93022007,1182,700,1,20260629,S008
93023007,1183,800,2,20260629,S008
93024007,1184,100,0,20260629,S008
93025007,1185,200,1,20260629,S008
93026007,1186,300,2,20260629,S008
93027007,1187,400,0,20260629,S008
93028007,1188,500,1,20260629,S008
93029007,1189,600,2,20260629,S008
93030007,1190,700,0,20260629,S008
93031007,1191,800,1,20260629,S008
93032007,1192,100,2,20260629,S008
93033007,1182,200,0,20260629,S008
93034007,1183,300,1,20260629,S008
93035007,1184,400,2,20260629,S008
93036007,1185,500,0,20260629,S008
93037007,1186,600,1,20260629,S008
93038007,1187,700,2,20260629,S008
93039007,1188,800,0,20260629,S008
93040007,1189,100,1,20260629,S008
93041007,1190,200,2,20260629,S008
93042007,1191,300,0,20260629,S008
93043007,1192,400,1,20260629,S008
93044007,1182,500,2,20260629,S008
93045007,1183,600,0,20260629,S008
93046007,1184,700,1,20260629,S008
93047007,1185,800,2,20260629,S008
93048007,1186,100,0,20260629,S008
93049007,1187,200,1,20260629,S008
93050007,1188,300,2,20260629,S008
93051007,1189,400,0,20260629,S008
93052007,1190,500,1,20260629,S008
93053007,1191,600,2,20260629,S008
93054007,1192,700,0,20260629,S008
93055007,1182,800,1,20260629,S008
93056007,1183,100,2,20260629,S008
93057007,1184,200,0,20260629,S008
93058007,1185,300,1,20260629,S008
93059007,1186,400,2,20260629,S008
93060007,1187,500,0,20260629,S008
93061007,1188,600,1,20260629,S008
93062007,1189,700,2,20260629,S008
93063007,1190,800,0,20260629,S008
93064007,1191,100,1,20260629,S008
93065007,1192,200,2,20260629,S008
93066007,1182,300,0,20260629,S008
93067007,1183,400,1,20260629,S008
93068007,1184,500,2,20260629,S008
93069007,1185,600,0,20260629,S008
93070007,1186,700,1,20260629,S008
93071007,1187,800,2,20260629,S008
93072007,1188,100,0,20260629,S008
93073007,1189,200,1,20260629,S008
93074007,1190,300,2,20260629,S008
93075007,1191,400,0,20260629,S008
93076007,1192,500,1,20260629,S008
93077007,1182,600,2,20260629,S008
93078007,1183,700,0,20260629,S008
93079007,1184,800,1,20260629,S008
93080007,1185,100,2,20260629,S008
93081007,1186,200,0,20260629,S008
93082007,1187,300,1,20260629,S008
93083007,1188,400,2,20260629,S008
93084007,1189,500,0,20260629,S008
93085007,1190,600,1,20260629,S008
93086007,1191,700,2,20260629,S008
93087007,1192,800,0,20260629,S008
93088007,1182,100,1,20260629,S008
93089007,1183,200,2,20260629,S008
93090007,1184,300,0,20260629,S008
93091007,1185,400,1,20260629,S008
93092007,1186,500,2,20260629,S008
93093007,1187,600,0,20260629,S008
93094007,1188,700,1,20260629,S008
93095007,1189,800,2,20260629,S008
93096007,1190,100,0,20260629,S008
93097007,1191,200,1,20260629,S008
93098007,1192,300,2,20260629,S008
93099007,1182,400,0,20260629,S008
93100007,1183,500,1,20260629,S008
93101007,1184,600,2,20260629,S008
93102007,1185,700,0,20260629,S008
93103007,1186,800,1,20260629,S008
93104007,1187,100,2,20260629,S008
93105007,1188,200,0,20260629,S008
93106007,1189,300,1,20260629,S008
93107007,1190,400,2,20260629,S008
93108007,1191,500,0,20260629,S008
93109007,1192,600,1,20260629,S008
93110007,1182,700,2,20260629,S008
93111007,1183,800,0,20260629,S008
93112007,1184,100,1,20260629,S008
93113007,1185,200,2,20260629,S008
93114007,1186,300,0,20260629,S008
93115007,1187,400,1,20260629,S008
93116007,1188,500,2,20260629,S008
93117007,1189,600,0,20260629,S008
93118007,1190,700,1,20260629,S008
93119007,1191,800,2,20260629,S008
93120007,1192,100,0,20260629,S008
93121007,1182,200,1,20260629,S008
93122007,1183,300,2,20260629,S008
93123007,1184,400,0,20260629,S008
93124007,1185,500,1,20260629,S008
93125007,1186,600,2,20260629,S008
93126007,1187,700,0,20260629,S008
93127007,1188,800,1,20260629,S008
93128007,1189,100,2,20260629,S008
93129007,1190,200,0,20260629,S008
93130007,1191,300,1,20260629,S008
93131007,1192,400,2,20260629,S008
93132007,1182,500,0,20260629,S008
93133007,1183,600,1,20260629,S008
93134007,1184,700,2,20260629,S008
93135007,1185,800,0,20260629,S008
93136007,1186,100,1,20260629,S008
93137007,1187,200,2,20260629,S008
93138007,1188,300,0,20260629,S008
93139007,1189,400,1,20260629,S008
93140007,1190,500,2,20260629,S008
93141007,1191,600,0,20260629,S008
93142007,1192,700,1,20260629,S008
93143007,1182,800,2,20260629,S008
93144007,1183,100,0,20260629,S008
93145007,1184,200,1,20260629,S008
93146007,1185,300,2,20260629,S008
93147007,1186,400,0,20260629,S008
93148007,1187,500,1,20260629,S008
93149007,1188,600,2,20260629,S008
93150007,1189,700,0,20260629,S008
93151007,1190,800,1,20260629,S008
93152007,1191,100,2,20260629,S008
93153007,1192,200,0,20260629,S008
93154007,1182,300,1,20260629,S008
93155007,1183,400,2,20260629,S008
93156007,1184,500,0,20260629,S008
93157007,1185,600,1,20260629,S008
93158007,1186,700,2,20260629,S008
93159007,1187,800,0,20260629,S008
93160007,1188,100,1,20260629,S008
93161007,1189,200,2,20260629,S008
93162007,1190,300,0,20260629,S008
93163007,1191,400,1,20260629,S008
93164007,1192,500,2,20260629,S008
93165007,1182,600,0,20260629,S008
93166007,1183,700,1,20260629,S008
93167007,1184,800,2,20260629,S008
93168007,1185,100,0,20260629,S008
93169007,1186,200,1,20260629,S008
93170007,1187,300,2,20260629,S008
93171007,1188,400,0,20260629,S008
93172007,1189,500,1,20260629,S008
93173007,1190,600,2,20260629,S008
93174007,1191,700,0,20260629,S008
93175007,1192,800,1,20260629,S008
93176007,1182,100,2,20260629,S008
93177007,1183,200,0,20260629,S008
93178007,1184,300,1,20260629,S008
93179007,1185,400,2,20260629,S008
93180007,1186,500,0,20260629,S008
93181007,1187,600,1,20260629,S008
93182007,1188,700,2,20260629,S008
93183007,1189,800,0,20260629,S008
93184007,1190,100,1,20260629,S008
93185007,1191,200,2,20260629,S008
93186007,1192,300,0,20260629,S008
93187007,1182,400,1,20260629,S008
93188007,1183,500,2,20260629,S008
93189007,1184,600,0,20260629,S008
93190007,1185,700,1,20260629,S008
93191007,1186,800,2,20260629,S008
93192007,1187,100,0,20260629,S008
93193007,1188,200,1,20260629,S008
93194007,1189,300,2,20260629,S008
93195007,1190,400,0,20260629,S008
93196007,1191,500,1,20260629,S008
93197007,1192,600,2,20260629,S008
93198007,1182,700,0,20260629,S008
93199007,1183,800,1,20260629,S008
93200007,1184,100,2,20260629,S008
93201007,1185,200,0,20260629,S008
93202007,1186,300,1,20260629,S008
93203007,1187,400,2,20260629,S008
93204007,1188,500,0,20260629,S008
93205007,1189,600,1,20260629,S008
93206007,1190,700,2,20260629,S008
93207007,1191,800,0,20260629,S008
93208007,1192,100,1,20260629,S008
93209007,1182,200,2,20260629,S008
93210007,1183,300,0,20260629,S008
93211007,1184,400,1,20260629,S008
93212007,1185,500,2,20260629,S008
93213007,1186,600,0,20260629,S008
93214007,1187,700,1,20260629,S008
93215007,1188,800,2,20260629,S008
93216007,1189,100,0,20260629,S008
93217007,1190,200,1,20260629,S008
93218007,1191,300,2,20260629,S008
93219007,1192,400,0,20260629,S008
93220007,1182,500,1,20260629,S008
93221007,1183,600,2,20260629,S008
93222007,1184,700,0,20260629,S008
93223007,1185,800,1,20260629,S008
93224007,1186,100,2,20260629,S008
93225007,1187,200,0,20260629,S008
93226007,1188,300,1,20260629,S008
93227007,1189,400,2,20260629,S008
93228007,1190,500,0,20260629,S008
93229007,1191,600,1,20260629,S008
93230007,1192,700,2,20260629,S008
93231007,1182,800,0,20260629,S008
93232007,1183,100,1,20260629,S008
93233007,1184,200,2,20260629,S008
93234007,1185,300,0,20260629,S008
93235007,1186,400,1,20260629,S008
93236007,1187,500,2,20260629,S008
93237007,1188,600,0,20260629,S008
93238007,1189,700,1,20260629,S008
93239007,1190,800,2,20260629,S008
93240007,1191,100,0,20260629,S008
93241007,1192,200,1,20260629,S008
93242007,1182,300,2,20260629,S008
93243007,1183,400,0,20260629,S008
93244007,1184,500,1,20260629,S008
93245007,1185,600,2,20260629,S008
93246007,1186,700,0,20260629,S008
93247007,1187,800,1,20260629,S008
93248007,1188,100,2,20260629,S008
93249007,1189,200,0,20260629,S008
93000000,1010,100,0,20260630,S001
93001000,1011,200,1,20260630,S001
93002000,1012,300,2,20260630,S001
93003000,1013,400,0,20260630,S001
93004000,1014,500,1,20260630,S001
93005000,1015,600,2,20260630,S001
93006000,1016,700,0,20260630,S001
93007000,1017,800,1,20260630,S001
93008000,1018,100,2,20260630,S001
93009000,1019,200,0,20260630,S001
93010000,1020,300,1,20260630,S001
93011000,1010,400,2,20260630,S001
93012000,1011,500,0,20260630,S001
93013000,1012,600,1,20260630,S001
93014000,1013,700,2,20260630,S001
93015000,1014,800,0,20260630,S001
93016000,1015,100,1,20260630,S001
93017000,1016,200,2,20260630,S001
93018000,1017,300,0,20260630,S001
93019000,1018,400,1,20260630,S001
93020000,1019,500,2,20260630,S001
93021000,1020,600,0,20260630,S001
93022000,1010,700,1,20260630,S001
93023000,1011,800,2,20260630,S001
93024000,1012,100,0,20260630,S001
93025000,1013,200,1,20260630,S001
93026000,1014,300,2,20260630,S001
93027000,1015,400,0,20260630,S001
93028000,1016,500,1,20260630,S001
93029000,1017,600,2,20260630,S001
93030000,1018,700,0,20260630,S001
93031000,1019,800,1,20260630,S001
93032000,1020,100,2,20260630,S001
93033000,1010,200,0,20260630,S001
93034000,1011,300,1,20260630,S001
93035000,1012,400,2,20260630,S001
93036000,1013,500,0,20260630,S001
93037000,1014,600,1,20260630,S001
93038000,1015,700,2,20260630,S001
93039000,1016,800,0,20260630,S001
93040000,1017,100,1,20260630,S001
93041000,1018,200,2,20260630,S001
93042000,1019,300,0,20260630,S001
93043000,1020,400,1,20260630,S001
93044000,1010,500,2,20260630,S001
93045000,1011,600,0,20260630,S001
93046000,1012,700,1,20260630,S001
93047000,1013,800,2,20260630,S001
93048000,1014,100,0,20260630,S001
93049000,1015,200,1,20260630,S001
93050000,1016,300,2,20260630,S001
93051000,1017,400,0,20260630,S001
93052000,1018,500,1,20260630,S001
93053000,1019,600,2,20260630,S001
93054000,1020,700,0,20260630,S001
93055000,1010,800,1,20260630,S001
93056000,1011,100,2,20260630,S001
93057000,1012,200,0,20260630,S001
93058000,1013,300,1,20260630,S001
93059000,1014,400,2,20260630,S001
93060000,1015,500,0,20260630,S001
93061000,1016,600,1,20260630,S001
93062000,1017,700,2,20260630,S001
93063000,1018,800,0,20260630,S001
93064000,1019,100,1,20260630,S001
93065000,1020,200,2,20260630,S001
93066000,1010,300,0,20260630,S001
93067000,1011,400,1,20260630,S001
93068000,1012,500,2,20260630,S001
93069000,1013,600,0,20260630,S001
93070000,1014,700,1,20260630,S001
93071000,1015,800,2,20260630,S001
93072000,1016,100,0,20260630,S001
93073000,1017,200,1,20260630,S001
93074000,1018,300,2,20260630,S001
93075000,1019,400,0,20260630,S001
93076000,1020,500,1,20260630,S001
93077000,1010,600,2,20260630,S001
93078000,1011,700,0,20260630,S001
93079000,1012,800,1,20260630,S001
93080000,1013,100,2,20260630,S001
93081000,1014,200,0,20260630,S001
93082000,1015,300,1,20260630,S001
93083000,1016,400,2,20260630,S001
93084000,1017,500,0,20260630,S001
93085000,1018,600,1,20260630,S001
93086000,1019,700,2,20260630,S001
93087000,1020,800,0,20260630,S001
93088000,1010,100,1,20260630,S001
93089000,1011,200,2,20260630,S001
93090000,1012,300,0,20260630,S001
93091000,1013,400,1,20260630,S001
93092000,1014,500,2,20260630,S001
93093000,1015,600,0,20260630,S001
93094000,1016,700,1,20260630,S001
93095000,1017,800,2,20260630,S001
93096000,1018,100,0,20260630,S001
93097000,1019,200,1,20260630,S001
93098000,1020,300,2,20260630,S001
93099000,1010,400,0,20260630,S001
93100000,1011,500,1,20260630,S001
93101000,1012,600,2,20260630,S001
93102000,1013,700,0,20260630,S001
93103000,1014,800,1,20260630,S001
93104000,1015,100,2,20260630,S001
93105000,1016,200,0,20260630,S001
93106000,1017,300,1,20260630,S001
93107000,1018,400,2,20260630,S001
93108000,1019,500,0,20260630,S001
93109000,1020,600,1,20260630,S001
93110000,1010,700,2,20260630,S001
93111000,1011,800,0,20260630,S001
93112000,1012,100,1,20260630,S001
93113000,1013,200,2,20260630,S001
93114000,1014,300,0,20260630,S001
93115000,1015,400,1,20260630,S001
93116000,1016,500,2,20260630,S001
93117000,1017,600,0,20260630,S001
93118000,1018,700,1,20260630,S001
93119000,1019,800,2,20260630,S001
93120000,1020,100,0,20260630,S001
93121000,1010,200,1,20260630,S001
93122000,1011,300,2,20260630,S001
93123000,1012,400,0,20260630,S001
93124000,1013,500,1,20260630,S001
93125000,1014,600,2,20260630,S001
93126000,1015,700,0,20260630,S001
93127000,1016,800,1,20260630,S001
93128000,1017,100,2,20260630,S001
93129000,1018,200,0,20260630,S001
93130000,1019,300,1,20260630,S001
93131000,1020,400,2,20260630,S001
93132000,1010,500,0,20260630,S001
93133000,1011,600,1,20260630,S001
93134000,1012,700,2,20260630,S001
93135000,1013,800,0,20260630,S001
93136000,1014,100,1,20260630,S001
93137000,1015,200,2,20260630,S001
93138000,1016,300,0,20260630,S001
93139000,1017,400,1,20260630,S001
93140000,1018,500,2,20260630,S001
93141000,1019,600,0,20260630,S001
93142000,1020,700,1,20260630,S001
93143000,1010,800,2,20260630,S001
93144000,1011,100,0,20260630,S001
93145000,1012,200,1,20260630,S001
93146000,1013,300,2,20260630,S001
93147000,1014,400,0,20260630,S001
93148000,1015,500,1,20260630,S001
93149000,1016,600,2,20260630,S001
93150000,1017,700,0,20260630,S001
93151000,1018,800,1,20260630,S001
93152000,1019,100,2,20260630,S001
93153000,1020,200,0,20260630,S001
93154000,1010,300,1,20260630,S001
93155000,1011,400,2,20260630,S001
93156000,1012,500,0,20260630,S001
93157000,1013,600,1,20260630,S001
93158000,1014,700,2,20260630,S001
93159000,1015,800,0,20260630,S001
93160000,1016,100,1,20260630,S001
93161000,1017,200,2,20260630,S001
93162000,1018,300,0,20260630,S001
93163000,1019,400,1,20260630,S001
93164000,1020,500,2,20260630,S001
93165000,1010,600,0,20260630,S001
93166000,1011,700,1,20260630,S001
93167000,1012,800,2,20260630,S001
93168000,1013,100,0,20260630,S001
93169000,1014,200,1,20260630,S001
93170000,1015,300,2,20260630,S001
93171000,1016,400,0,20260630,S001
93172000,1017,500,1,20260630,S001
93173000,1018,600,2,20260630,S001
93174000,1019,700,0,20260630,S001
93175000,1020,800,1,20260630,S001
93176000,1010,100,2,20260630,S001
93177000,1011,200,0,20260630,S001
93178000,1012,300,1,20260630,S001
93179000,1013,400,2,20260630,S001
93180000,1014,500,0,20260630,S001
93181000,1015,600,1,20260630,S001
93182000,1016,700,2,20260630,S001
93183000,1017,800,0,20260630,S001
93184000,1018,100,1,20260630,S001
93185000,1019,200,2,20260630,S001
93186000,1020,300,0,20260630,S001
93187000,1010,400,1,20260630,S001
93188000,1011,500,2,20260630,S001
93189000,1012,600,0,20260630,S001
93190000,1013,700,1,20260630,S001
93191000,1014,800,2,20260630,S001
93192000,1015,100,0,20260630,S001
93193000,1016,200,1,20260630,S001
93194000,1017,300,2,20260630,S001
93195000,1018,400,0,20260630,S001
93196000,1019,500,1,20260630,S001
93197000,1020,600,2,20260630,S001
93198000,1010,700,0,20260630,S001
93199000,1011,800,1,20260630,S001
93200000,1012,100,2,20260630,S001
93201000,1013,200,0,20260630,S001
93202000,1014,300,1,20260630,S001
93203000,1015,400,2,20260630,S001
93204000,1016,500,0,20260630,S001
93205000,1017,600,1,20260630,S001
93206000,1018,700,2,20260630,S001
93207000,1019,800,0,20260630,S001
93208000,1020,100,1,20260630,S001
93209000,1010,200,2,20260630,S001
93210000,1011,300,0,20260630,S001
93211000,1012,400,1,20260630,S001
93212000,1013,500,2,20260630,S001
93213000,1014,600,0,20260630,S001
93214000,1015,700,1,20260630,S001
93215000,1016,800,2,20260630,S001
93216000,1017,100,0,20260630,S001
93217000,1018,200,1,20260630,S001
93218000,1019,300,2,20260630,S001
93219000,1020,400,0,20260630,S001
93220000,1010,500,1,20260630,S001
93221000,1011,600,2,20260630,S001
93222000,1012,700,0,20260630,S001
93223000,1013,800,1,20260630,S001
93224000,1014,100,2,20260630,S001
93225000,1015,200,0,20260630,S001
93226000,1016,300,1,20260630,S001
93227000,1017,400,2,20260630,S001
93228000,1018,500,0,20260630,S001
93229000,1019,600,1,20260630,S001
93230000,1020,700,2,20260630,S001
93231000,1010,800,0,20260630,S001
93232000,1011,100,1,20260630,S001
93233000,1012,200,2,20260630,S001
93234000,1013,300,0,20260630,S001
93235000,1014,400,1,20260630,S001
93236000,1015,500,2,20260630,S001
93237000,1016,600,0,20260630,S001
93238000,1017,700,1,20260630,S001
93239000,1018,800,2,20260630,S001
93240000,1019,100,0,20260630,S001
93241000,1020,200,1,20260630,S001
93242000,1010,300,2,20260630,S001
93243000,1011,400,0,20260630,S001
93244000,1012,500,1,20260630,S001
93245000,1013,600,2,20260630,S001
93246000,1014,700,0,20260630,S001
93247000,1015,800,1,20260630,S001
93248000,1016,100,2,20260630,S001
93249000,1017,200,0,20260630,S001
93000001,1035,100,0,20260630,S002
93001001,1036,200,1,20260630,S002
93002001,1037,300,2,20260630,S002
93003001,1038,400,0,20260630,S002
93004001,1039,500,1,20260630,S002
93005001,1040,600,2,20260630,S002
93006001,1041,700,0,20260630,S002
93007001,1042,800,1,20260630,S002
93008001,1043,100,2,20260630,S002
93009001,1044,200,0,20260630,S002
93010001,1045,300,1,20260630,S002
93011001,1035,400,2,20260630,S002
93012001,1036,500,0,20260630,S002
93013001,1037,600,1,20260630,S002
93014001,1038,700,2,20260630,S002
93015001,1039,800,0,20260630,S002
93016001,1040,100,1,20260630,S002
93017001,1041,200,2,20260630,S002
93018001,1042,300,0,20260630,S002
93019001,1043,400,1,20260630,S002
93020001,1044,500,2,20260630,S002
93021001,1045,600,0,20260630,S002
93022001,1035,700,1,20260630,S002
93023001,1036,800,2,20260630,S002
93024001,1037,100,0,20260630,S002
93025001,1038,200,1,20260630,S002
93026001,1039,300,2,20260630,S002
93027001,1040,400,0,20260630,S002
93028001,1041,500,1,20260630,S002
93029001,1042,600,2,20260630,S002
93030001,1043,700,0,20260630,S002
93031001,1044,800,1,20260630,S002
93032001,1045,100,2,20260630,S002
93033001,1035,200,0,20260630,S002
93034001,1036,300,1,20260630,S002
93035001,1037,400,2,20260630,S002
93036001,1038,500,0,20260630,S002
93037001,1039,600,1,20260630,S002
93038001,1040,700,2,20260630,S002
93039001,1041,800,0,20260630,S002
93040001,1042,100,1,20260630,S002
93041001,1043,200,2,20260630,S002
93042001,1044,300,0,20260630,S002
93043001,1045,400,1,20260630,S002
93044001,1035,500,2,20260630,S002
93045001,1036,600,0,20260630,S002
93046001,1037,700,1,20260630,S002
93047001,1038,800,2,20260630,S002
93048001,1039,100,0,20260630,S002
93049001,1040,200,1,20260630,S002
93050001,1041,300,2,20260630,S002
93051001,1042,400,0,20260630,S002
93052001,1043,500,1,20260630,S002
93053001,1044,600,2,20260630,S002
93054001,1045,700,0,20260630,S002
93055001,1035,800,1,20260630,S002
93056001,1036,100,2,20260630,S002
93057001,1037,200,0,20260630,S002
93058001,1038,300,1,20260630,S002
93059001,1039,400,2,20260630,S002
93060001,1040,500,0,20260630,S002
93061001,1041,600,1,20260630,S002
93062001,1042,700,2,20260630,S002
93063001,1043,800,0,20260630,S002
93064001,1044,100,1,20260630,S002
93065001,1045,200,2,20260630,S002
93066001,1035,300,0,20260630,S002
93067001,1036,400,1,20260630,S002
93068001,1037,500,2,20260630,S002
93069001,1038,600,0,20260630,S002
93070001,1039,700,1,20260630,S002
93071001,1040,800,2,20260630,S002
93072001,1041,100,0,20260630,S002
93073001,1042,200,1,20260630,S002
93074001,1043,300,2,20260630,S002
93075001,1044,400,0,20260630,S002
93076001,1045,500,1,20260630,S002
93077001,1035,600,2,20260630,S002
93078001,1036,700,0,20260630,S002
93079001,1037,800,1,20260630,S002
93080001,1038,100,2,20260630,S002
93081001,1039,200,0,20260630,S002
93082001,1040,300,1,20260630,S002
93083001,1041,400,2,20260630,S002
93084001,1042,500,0,20260630,S002
93085001,1043,600,1,20260630,S002
93086001,1044,700,2,20260630,S002
93087001,1045,800,0,20260630,S002
93088001,1035,100,1,20260630,S002
93089001,1036,200,2,20260630,S002
93090001,1037,300,0,20260630,S002
93091001,1038,400,1,20260630,S002
93092001,1039,500,2,20260630,S002
93093001,1040,600,0,20260630,S002
93094001,1041,700,1,20260630,S002
93095001,1042,800,2,20260630,S002
93096001,1043,100,0,20260630,S002
93097001,1044,200,1,20260630,S002
93098001,1045,300,2,20260630,S002
93099001,1035,400,0,20260630,S002
93100001,1036,500,1,20260630,S002
93101001,1037,600,2,20260630,S002
93102001,1038,700,0,20260630,S002
93103001,1039,800,1,20260630,S002
93104001,1040,100,2,20260630,S002
93105001,1041,200,0,20260630,S002
93106001,1042,300,1,20260630,S002
93107001,1043,400,2,20260630,S002
93108001,1044,500,0,20260630,S002
93109001,1045,600,1,20260630,S002
93110001,1035,700,2,20260630,S002
93111001,1036,800,0,20260630,S002
93112001,1037,100,1,20260630,S002
93113001,1038,200,2,20260630,S002
93114001,1039,300,0,20260630,S002
93115001,1040,400,1,20260630,S002
93116001,1041,500,2,20260630,S002
93117001,1042,600,0,20260630,S002
93118001,1043,700,1,20260630,S002
93119001,1044,800,2,20260630,S002
93120001,1045,100,0,20260630,S002
93121001,1035,200,1,20260630,S002
93122001,1036,300,2,20260630,S002
93123001,1037,400,0,20260630,S002
93124001,1038,500,1,20260630,S002
93125001,1039,600,2,20260630,S002
93126001,1040,700,0,20260630,S002
93127001,1041,800,1,20260630,S002
93128001,1042,100,2,20260630,S002
93129001,1043,200,0,20260630,S002
93130001,1044,300,1,20260630,S002
93131001,1045,400,2,20260630,S002
93132001,1035,500,0,20260630,S002
93133001,1036,600,1,20260630,S002
93134001,1037,700,2,20260630,S002
93135001,1038,800,0,20260630,S002
93136001,1039,100,1,20260630,S002
93137001,1040,200,2,20260630,S002
93138001,1041,300,0,20260630,S002
93139001,1042,400,1,20260630,S002
93140001,1043,500,2,20260630,S002
93141001,1044,600,0,20260630,S002
93142001,1045,700,1,20260630,S002
93143001,1035,800,2,20260630,S002
93144001,1036,100,0,20260630,S002
93145001,1037,200,1,20260630,S002
93146001,1038,300,2,20260630,S002
93147001,1039,400,0,20260630,S002
93148001,1040,500,1,20260630,S002
93149001,1041,600,2,20260630,S002
93150001,1042,700,0,20260630,S002
93151001,1043,800,1,20260630,S002
93152001,1044,100,2,20260630,S002
93153001,1045,200,0,20260630,S002
93154001,1035,300,1,20260630,S002
93155001,1036,400,2,20260630,S002
93156001,1037,500,0,20260630,S002
93157001,1038,600,1,20260630,S002
93158001,1039,700,2,20260630,S002
93159001,1040,800,0,20260630,S002
93160001,1041,100,1,20260630,S002
93161001,1042,200,2,20260630,S002
93162001,1043,300,0,20260630,S002
93163001,1044,400,1,20260630,S002
93164001,1045,500,2,20260630,S002
93165001,1035,600,0,20260630,S002
93166001,1036,700,1,20260630,S002
93167001,1037,800,2,20260630,S002
93168001,1038,100,0,20260630,S002
93169001,1039,200,1,20260630,S002
93170001,1040,300,2,20260630,S002
93171001,1041,400,0,20260630,S002
93172001,1042,500,1,20260630,S002
93173001,1043,600,2,20260630,S002
93174001,1044,700,0,20260630,S002
93175001,1045,800,1,20260630,S002
93176001,1035,100,2,20260630,S002
93177001,1036,200,0,20260630,S002
93178001,1037,300,1,20260630,S002
93179001,1038,400,2,20260630,S002
93180001,1039,500,0,20260630,S002
93181001,1040,600,1,20260630,S002
93182001,1041,700,2,20260630,S002
93183001,1042,800,0,20260630,S002
93184001,1043,100,1,20260630,S002
93185001,1044,200,2,20260630,S002
93186001,1045,300,0,20260630,S002
93187001,1035,400,1,20260630,S002
93188001,1036,500,2,20260630,S002
93189001,1037,600,0,20260630,S002
93190001,1038,700,1,20260630,S002
93191001,1039,800,2,20260630,S002
93192001,1040,100,0,20260630,S002
93193001,1041,200,1,20260630,S002
93194001,1042,300,2,20260630,S002
93195001,1043,400,0,20260630,S002
93196001,1044,500,1,20260630,S002
93197001,1045,600,2,20260630,S002
93198001,1035,700,0,20260630,S002
93199001,1036,800,1,20260630,S002
93200001,1037,100,2,20260630,S002
93201001,1038,200,0,20260630,S002
93202001,1039,300,1,20260630,S002
93203001,1040,400,2,20260630,S002
93204001,1041,500,0,20260630,S002
93205001,1042,600,1,20260630,S002
93206001,1043,700,2,20260630,S002
93207001,1044,800,0,20260630,S002
93208001,1045,100,1,20260630,S002
93209001,1035,200,2,20260630,S002
93210001,1036,300,0,20260630,S002
93211001,1037,400,1,20260630,S002
93212001,1038,500,2,20260630,S002
93213001,1039,600,0,20260630,S002
93214001,1040,700,1,20260630,S002
93215001,1041,800,2,20260630,S002
93216001,1042,100,0,20260630,S002
93217001,1043,200,1,20260630,S002
93218001,1044,300,2,20260630,S002
93219001,1045,400,0,20260630,S002
93220001,1035,500,1,20260630,S002
93221001,1036,600,2,20260630,S002
93222001,1037,700,0,20260630,S002
93223001,1038,800,1,20260630,S002
93224001,1039,100,2,20260630,S002
93225001,1040,200,0,20260630,S002
93226001,1041,300,1,20260630,S002
93227001,1042,400,2,20260630,S002
93228001,1043,500,0,20260630,S002
93229001,1044,600,1,20260630,S002
93230001,1045,700,2,20260630,S002
93231001,1035,800,0,20260630,S002
93232001,1036,100,1,20260630,S002
93233001,1037,200,2,20260630,S002
93234001,1038,300,0,20260630,S002
93235001,1039,400,1,20260630,S002
93236001,1040,500,2,20260630,S002
93237001,1041,600,0,20260630,S002
93238001,1042,700,1,20260630,S002
93239001,1043,800,2,20260630,S002
93240001,1044,100,0,20260630,S002
93241001,1045,200,1,20260630,S002
93242001,1035,300,2,20260630,S002
93243001,1036,400,0,20260630,S002
93244001,1037,500,1,20260630,S002
93245001,1038,600,2,20260630,S002
93246001,1039,700,0,20260630,S002
93247001,1040,800,1,20260630,S002
93248001,1041,100,2,20260630,S002
93249001,1042,200,0,20260630,S002
93000002,1060,100,0,20260630,S003
93001002,1061,200,1,20260630,S003
93002002,1062,300,2,20260630,S003
93003002,1063,400,0,20260630,S003
93004002,1064,500,1,20260630,S003
93005002,1065,600,2,20260630,S003
93006002,1066,700,0,20260630,S003
93007002,1067,800,1,20260630,S003
93008002,1068,100,2,20260630,S003
93009002,1069,200,0,20260630,S003
93010002,1070,300,1,20260630,S003
93011002,1060,400,2,20260630,S003
93012002,1061,500,0,20260630,S003
93013002,1062,600,1,20260630,S003
93014002,1063,700,2,20260630,S003
93015002,1064,800,0,20260630,S003
93016002,1065,100,1,20260630,S003
93017002,1066,200,2,20260630,S003
93018002,1067,300,0,20260630,S003
93019002,1068,400,1,20260630,S003
93020002,1069,500,2,20260630,S003
93021002,1070,600,0,20260630,S003
93022002,1060,700,1,20260630,S003
93023002,1061,800,2,20260630,S003
93024002,1062,100,0,20260630,S003
93025002,1063,200,1,20260630,S003
93026002,1064,300,2,20260630,S003
93027002,1065,400,0,20260630,S003
93028002,1066,500,1,20260630,S003
93029002,1067,600,2,20260630,S003
93030002,1068,700,0,20260630,S003
93031002,1069,800,1,20260630,S003
93032002,1070,100,2,20260630,S003
93033002,1060,200,0,20260630,S003
93034002,1061,300,1,20260630,S003
93035002,1062,400,2,20260630,S003
93036002,1063,500,0,20260630,S003
93037002,1064,600,1,20260630,S003
93038002,1065,700,2,20260630,S003
93039002,1066,800,0,20260630,S003
93040002,1067,100,1,20260630,S003
93041002,1068,200,2,20260630,S003
93042002,1069,300,0,20260630,S003
93043002,1070,400,1,20260630,S003
93044002,1060,500,2,20260630,S003
93045002,1061,600,0,20260630,S003
93046002,1062,700,1,20260630,S003
93047002,1063,800,2,20260630,S003
93048002,1064,100,0,20260630,S003
93049002,1065,200,1,20260630,S003
93050002,1066,300,2,20260630,S003
93051002,1067,400,0,20260630,S003
93052002,1068,500,1,20260630,S003
93053002,1069,600,2,20260630,S003
93054002,1070,700,0,20260630,S003
93055002,1060,800,1,20260630,S003
93056002,1061,100,2,20260630,S003
93057002,1062,200,0,20260630,S003
93058002,1063,300,1,20260630,S003
93059002,1064,400,2,20260630,S003
93060002,1065,500,0,20260630,S003
93061002,1066,600,1,20260630,S003
93062002,1067,700,2,20260630,S003
93063002,1068,800,0,20260630,S003
93064002,1069,100,1,20260630,S003
93065002,1070,200,2,20260630,S003
93066002,1060,300,0,20260630,S003
93067002,1061,400,1,20260630,S003
93068002,1062,500,2,20260630,S003
93069002,1063,600,0,20260630,S003
93070002,1064,700,1,20260630,S003
93071002,1065,800,2,20260630,S003
93072002,1066,100,0,20260630,S003
93073002,1067,200,1,20260630,S003
93074002,1068,300,2,20260630,S003
93075002,1069,400,0,20260630,S003
93076002,1070,500,1,20260630,S003
93077002,1060,600,2,20260630,S003
93078002,1061,700,0,20260630,S003
93079002,1062,800,1,20260630,S003
93080002,1063,100,2,20260630,S003
93081002,1064,200,0,20260630,S003
93082002,1065,300,1,20260630,S003
93083002,1066,400,2,20260630,S003
93084002,1067,500,0,20260630,S003
93085002,1068,600,1,20260630,S003
93086002,1069,700,2,20260630,S003
93087002,1070,800,0,20260630,S003
93088002,1060,100,1,20260630,S003
93089002,1061,200,2,20260630,S003
93090002,1062,300,0,20260630,S003
93091002,1063,400,1,20260630,S003
93092002,1064,500,2,20260630,S003
93093002,1065,600,0,20260630,S003
93094002,1066,700,1,20260630,S003
93095002,1067,800,2,20260630,S003
93096002,1068,100,0,20260630,S003
93097002,1069,200,1,20260630,S003
93098002,1070,300,2,20260630,S003
93099002,1060,400,0,20260630,S003
93100002,1061,500,1,20260630,S003
93101002,1062,600,2,20260630,S003
93102002,1063,700,0,20260630,S003
93103002,1064,800,1,20260630,S003
93104002,1065,100,2,20260630,S003
93105002,1066,200,0,20260630,S003
93106002,1067,300,1,20260630,S003
93107002,1068,400,2,20260630,S003
93108002,1069,500,0,20260630,S003
93109002,1070,600,1,20260630,S003
93110002,1060,700,2,20260630,S003
93111002,1061,800,0,20260630,S003
93112002,1062,100,1,20260630,S003
93113002,1063,200,2,20260630,S003
93114002,1064,300,0,20260630,S003
93115002,1065,400,1,20260630,S003
93116002,1066,500,2,20260630,S003
93117002,1067,600,0,20260630,S003
93118002,1068,700,1,20260630,S003
93119002,1069,800,2,20260630,S003
93120002,1070,100,0,20260630,S003
93121002,1060,200,1,20260630,S003
93122002,1061,300,2,20260630,S003
93123002,1062,400,0,20260630,S003
93124002,1063,500,1,20260630,S003
93125002,1064,600,2,20260630,S003
93126002,1065,700,0,20260630,S003
93127002,1066,800,1,20260630,S003
93128002,1067,100,2,20260630,S003
93129002,1068,200,0,20260630,S003
93130002,1069,300,1,20260630,S003
93131002,1070,400,2,20260630,S003
93132002,1060,500,0,20260630,S003
93133002,1061,600,1,20260630,S003
93134002,1062,700,2,20260630,S003
93135002,1063,800,0,20260630,S003
93136002,1064,100,1,20260630,S003
93137002,1065,200,2,20260630,S003
93138002,1066,300,0,20260630,S003
93139002,1067,400,1,20260630,S003
93140002,1068,500,2,20260630,S003
93141002,1069,600,0,20260630,S003
93142002,1070,700,1,20260630,S003
93143002,1060,800,2,20260630,S003
93144002,1061,100,0,20260630,S003
93145002,1062,200,1,20260630,S003
93146002,1063,300,2,20260630,S003
93147002,1064,400,0,20260630,S003
93148002,1065,500,1,20260630,S003
93149002,1066,600,2,20260630,S003
93150002,1067,700,0,20260630,S003
93151002,1068,800,1,20260630,S003
93152002,1069,100,2,20260630,S003
93153002,1070,200,0,20260630,S003
93154002,1060,300,1,20260630,S003
93155002,1061,400,2,20260630,S003
93156002,1062,500,0,20260630,S003
93157002,1063,600,1,20260630,S003
93158002,1064,700,2,20260630,S003
93159002,1065,800,0,20260630,S003
93160002,1066,100,1,20260630,S003
93161002,1067,200,2,20260630,S003
93162002,1068,300,0,20260630,S003
93163002,1069,400,1,20260630,S003
93164002,1070,500,2,20260630,S003
93165002,1060,600,0,20260630,S003
93166002,1061,700,1,20260630,S003
93167002,1062,800,2,20260630,S003
93168002,1063,100,0,20260630,S003
93169002,1064,200,1,20260630,S003
93170002,1065,300,2,20260630,S003
93171002,1066,400,0,20260630,S003
93172002,1067,500,1,20260630,S003
93173002,1068,600,2,20260630,S003
93174002,1069,700,0,20260630,S003
93175002,1070,800,1,20260630,S003
93176002,1060,100,2,20260630,S003
93177002,1061,200,0,20260630,S003
93178002,1062,300,1,20260630,S003
93179002,1063,400,2,20260630,S003
93180002,1064,500,0,20260630,S003
93181002,1065,600,1,20260630,S003
93182002,1066,700,2,20260630,S003
93183002,1067,800,0,20260630,S003
93184002,1068,100,1,20260630,S003
93185002,1069,200,2,20260630,S003
93186002,1070,300,0,20260630,S003
93187002,1060,400,1,20260630,S003
93188002,1061,500,2,20260630,S003
93189002,1062,600,0,20260630,S003
93190002,1063,700,1,20260630,S003
93191002,1064,800,2,20260630,S003
93192002,1065,100,0,20260630,S003
93193002,1066,200,1,20260630,S003
93194002,1067,300,2,20260630,S003
93195002,1068,400,0,20260630,S003
93196002,1069,500,1,20260630,S003
93197002,1070,600,2,20260630,S003
93198002,1060,700,0,20260630,S003
93199002,1061,800,1,20260630,S003
93200002,1062,100,2,20260630,S003
93201002,1063,200,0,20260630,S003
93202002,1064,300,1,20260630,S003
93203002,1065,400,2,20260630,S003
93204002,1066,500,0,20260630,S003
93205002,1067,600,1,20260630,S003
93206002,1068,700,2,20260630,S003
93207002,1069,800,0,20260630,S003
93208002,1070,100,1,20260630,S003
93209002,1060,200,2,20260630,S003
93210002,1061,300,0,20260630,S003
93211002,1062,400,1,20260630,S003
93212002,1063,500,2,20260630,S003
93213002,1064,600,0,20260630,S003
93214002,1065,700,1,20260630,S003
93215002,1066,800,2,20260630,S003
93216002,1067,100,0,20260630,S003
93217002,1068,200,1,20260630,S003
93218002,1069,300,2,20260630,S003
93219002,1070,400,0,20260630,S003
93220002,1060,500,1,20260630,S003
93221002,1061,600,2,20260630,S003
93222002,1062,700,0,20260630,S003
93223002,1063,800,1,20260630,S003
93224002,1064,100,2,20260630,S003
93225002,1065,200,0,20260630,S003
93226002,1066,300,1,20260630,S003
93227002,1067,400,2,20260630,S003
93228002,1068,500,0,20260630,S003
93229002,1069,600,1,20260630,S003
93230002,1070,700,2,20260630,S003
93231002,1060,800,0,20260630,S003
93232002,1061,100,1,20260630,S003
93233002,1062,200,2,20260630,S003
93234002,1063,300,0,20260630,S003
93235002,1064,400,1,20260630,S003
93236002,1065,500,2,20260630,S003
93237002,1066,600,0,20260630,S003
93238002,1067,700,1,20260630,S003
93239002,1068,800,2,20260630,S003
93240002,1069,100,0,20260630,S003
93241002,1070,200,1,20260630,S003
93242002,1060,300,2,20260630,S003
93243002,1061,400,0,20260630,S003
93244002,1062,500,1,20260630,S003
93245002,1063,600,2,20260630,S003
93246002,1064,700,0,20260630,S003
93247002,1065,800,1,20260630,S003
93248002,1066,100,2,20260630,S003
93249002,1067,200,0,20260630,S003
93000003,1085,100,0,20260630,S004
93001003,1086,200,1,20260630,S004
93002003,1087,300,2,20260630,S004
93003003,1088,400,0,20260630,S004
93004003,1089,500,1,20260630,S004
93005003,1090,600,2,20260630,S004
93006003,1091,700,0,20260630,S004
93007003,1092,800,1,20260630,S004
93008003,1093,100,2,20260630,S004
93009003,1094,200,0,20260630,S004
93010003,1095,300,1,20260630,S004
93011003,1085,400,2,20260630,S004
93012003,1086,500,0,20260630,S004
93013003,1087,600,1,20260630,S004
93014003,1088,700,2,20260630,S004
93015003,1089,800,0,20260630,S004
93016003,1090,100,1,20260630,S004
93017003,1091,200,2,20260630,S004
93018003,1092,300,0,20260630,S004
93019003,1093,400,1,20260630,S004
93020003,1094,500,2,20260630,S004
93021003,1095,600,0,20260630,S004
93022003,1085,700,1,20260630,S004
93023003,1086,800,2,20260630,S004
93024003,1087,100,0,20260630,S004
93025003,1088,200,1,20260630,S004
93026003,1089,300,2,20260630,S004
93027003,1090,400,0,20260630,S004
93028003,1091,500,1,20260630,S004
93029003,1092,600,2,20260630,S004
93030003,1093,700,0,20260630,S004
93031003,1094,800,1,20260630,S004
93032003,1095,100,2,20260630,S004
93033003,1085,200,0,20260630,S004
93034003,1086,300,1,20260630,S004
93035003,1087,400,2,20260630,S004
93036003,1088,500,0,20260630,S004
93037003,1089,600,1,20260630,S004
93038003,1090,700,2,20260630,S004
93039003,1091,800,0,20260630,S004
93040003,1092,100,1,20260630,S004
93041003,1093,200,2,20260630,S004
93042003,1094,300,0,20260630,S004
93043003,1095,400,1,20260630,S004
93044003,1085,500,2,20260630,S004
93045003,1086,600,0,20260630,S004
93046003,1087,700,1,20260630,S004
93047003,1088,800,2,20260630,S004
93048003,1089,100,0,20260630,S004
93049003,1090,200,1,20260630,S004
93050003,1091,300,2,20260630,S004
93051003,1092,400,0,20260630,S004
93052003,1093,500,1,20260630,S004
93053003,1094,600,2,20260630,S004
93054003,1095,700,0,20260630,S004
93055003,1085,800,1,20260630,S004
93056003,1086,100,2,20260630,S004
93057003,1087,200,0,20260630,S004
93058003,1088,300,1,20260630,S004
93059003,1089,400,2,20260630,S004
93060003,1090,500,0,20260630,S004
93061003,1091,600,1,20260630,S004
93062003,1092,700,2,20260630,S004
93063003,1093,800,0,20260630,S004
93064003,1094,100,1,20260630,S004
93065003,1095,200,2,20260630,S004
93066003,1085,300,0,20260630,S004
93067003,1086,400,1,20260630,S004
93068003,1087,500,2,20260630,S004
93069003,1088,600,0,20260630,S004
93070003,1089,700,1,20260630,S004
93071003,1090,800,2,20260630,S004
93072003,1091,100,0,20260630,S004
93073003,1092,200,1,20260630,S004
93074003,1093,300,2,20260630,S004
93075003,1094,400,0,20260630,S004
93076003,1095,500,1,20260630,S004
93077003,1085,600,2,20260630,S004
93078003,1086,700,0,20260630,S004
93079003,1087,800,1,20260630,S004
93080003,1088,100,2,20260630,S004
93081003,1089,200,0,20260630,S004
93082003,1090,300,1,20260630,S004
93083003,1091,400,2,20260630,S004
93084003,1092,500,0,20260630,S004
93085003,1093,600,1,20260630,S004
93086003,1094,700,2,20260630,S004
93087003,1095,800,0,20260630,S004
93088003,1085,100,1,20260630,S004
93089003,1086,200,2,20260630,S004
93090003,1087,300,0,20260630,S004
93091003,1088,400,1,20260630,S004
93092003,1089,500,2,20260630,S004
93093003,1090,600,0,20260630,S004
93094003,1091,700,1,20260630,S004
93095003,1092,800,2,20260630,S004
93096003,1093,100,0,20260630,S004
93097003,1094,200,1,20260630,S004
93098003,1095,300,2,20260630,S004
93099003,1085,400,0,20260630,S004
93100003,1086,500,1,20260630,S004
93101003,1087,600,2,20260630,S004
93102003,1088,700,0,20260630,S004
93103003,1089,800,1,20260630,S004
93104003,1090,100,2,20260630,S004
93105003,1091,200,0,20260630,S004
93106003,1092,300,1,20260630,S004
93107003,1093,400,2,20260630,S004
93108003,1094,500,0,20260630,S004
93109003,1095,600,1,20260630,S004
93110003,1085,700,2,20260630,S004
93111003,1086,800,0,20260630,S004
93112003,1087,100,1,20260630,S004
93113003,1088,200,2,20260630,S004
93114003,1089,300,0,20260630,S004
93115003,1090,400,1,20260630,S004
93116003,1091,500,2,20260630,S004
93117003,1092,600,0,20260630,S004
93118003,1093,700,1,20260630,S004
93119003,1094,800,2,20260630,S004
93120003,1095,100,0,20260630,S004
93121003,1085,200,1,20260630,S004
93122003,1086,300,2,20260630,S004
93123003,1087,400,0,20260630,S004
93124003,1088,500,1,20260630,S004
93125003,1089,600,2,20260630,S004
93126003,1090,700,0,20260630,S004
93127003,1091,800,1,20260630,S004
93128003,1092,100,2,20260630,S004
93129003,1093,200,0,20260630,S004
93130003,1094,300,1,20260630,S004
93131003,1095,400,2,20260630,S004
93132003,1085,500,0,20260630,S004
93133003,1086,600,1,20260630,S004
93134003,1087,700,2,20260630,S004
93135003,1088,800,0,20260630,S004
93136003,1089,100,1,20260630,S004
93137003,1090,200,2,20260630,S004
93138003,1091,300,0,20260630,S004
93139003,1092,400,1,20260630,S004
93140003,1093,500,2,20260630,S004
93141003,1094,600,0,20260630,S004
93142003,1095,700,1,20260630,S004
93143003,1085,800,2,20260630,S004
93144003,1086,100,0,20260630,S004
93145003,1087,200,1,20260630,S004
93146003,1088,300,2,20260630,S004
93147003,1089,400,0,20260630,S004
93148003,1090,500,1,20260630,S004
93149003,1091,600,2,20260630,S004
93150003,1092,700,0,20260630,S004
93151003,1093,800,1,20260630,S004
93152003,1094,100,2,20260630,S004
93153003,1095,200,0,20260630,S004
93154003,1085,300,1,20260630,S004
93155003,1086,400,2,20260630,S004
93156003,1087,500,0,20260630,S004
93157003,1088,600,1,20260630,S004
93158003,1089,700,2,20260630,S004
93159003,1090,800,0,20260630,S004
93160003,1091,100,1,20260630,S004
93161003,1092,200,2,20260630,S004
93162003,1093,300,0,20260630,S004
93163003,1094,400,1,20260630,S004
93164003,1095,500,2,20260630,S004
93165003,1085,600,0,20260630,S004
93166003,1086,700,1,20260630,S004
93167003,1087,800,2,20260630,S004
93168003,1088,100,0,20260630,S004
93169003,1089,200,1,20260630,S004
93170003,1090,300,2,20260630,S004
93171003,1091,400,0,20260630,S004
93172003,1092,500,1,20260630,S004
93173003,1093,600,2,20260630,S004
93174003,1094,700,0,20260630,S004
93175003,1095,800,1,20260630,S004
93176003,1085,100,2,20260630,S004
93177003,1086,200,0,20260630,S004
93178003,1087,300,1,20260630,S004
93179003,1088,400,2,20260630,S004
93180003,1089,500,0,20260630,S004
93181003,1090,600,1,20260630,S004
93182003,1091,700,2,20260630,S004
93183003,1092,800,0,20260630,S004
93184003,1093,100,1,20260630,S004
93185003,1094,200,2,20260630,S004
93186003,1095,300,0,20260630,S004
93187003,1085,400,1,20260630,S004
93188003,1086,500,2,20260630,S004
93189003,1087,600,0,20260630,S004
93190003,1088,700,1,20260630,S004
93191003,1089,800,2,20260630,S004
93192003,1090,100,0,20260630,S004
93193003,1091,200,1,20260630,S004
93194003,1092,300,2,20260630,S004
93195003,1093,400,0,20260630,S004
93196003,1094,500,1,20260630,S004
93197003,1095,600,2,20260630,S004
93198003,1085,700,0,20260630,S004
93199003,1086,800,1,20260630,S004
93200003,1087,100,2,20260630,S004
93201003,1088,200,0,20260630,S004
93202003,1089,300,1,20260630,S004
93203003,1090,400,2,20260630,S004
93204003,1091,500,0,20260630,S004
93205003,1092,600,1,20260630,S004
93206003,1093,700,2,20260630,S004
93207003,1094,800,0,20260630,S004
93208003,1095,100,1,20260630,S004
93209003,1085,200,2,20260630,S004
93210003,1086,300,0,20260630,S004
93211003,1087,400,1,20260630,S004
93212003,1088,500,2,20260630,S004
93213003,1089,600,0,20260630,S004
93214003,1090,700,1,20260630,S004
93215003,1091,800,2,20260630,S004
93216003,1092,100,0,20260630,S004
93217003,1093,200,1,20260630,S004
93218003,1094,300,2,20260630,S004
93219003,1095,400,0,20260630,S004
93220003,1085,500,1,20260630,S004
93221003,1086,600,2,20260630,S004
93222003,1087,700,0,20260630,S004
93223003,1088,800,1,20260630,S004
93224003,1089,100,2,20260630,S004
93225003,1090,200,0,20260630,S004
93226003,1091,300,1,20260630,S004
93227003,1092,400,2,20260630,S004
93228003,1093,500,0,20260630,S004
93229003,1094,600,1,20260630,S004
93230003,1095,700,2,20260630,S004
93231003,1085,800,0,20260630,S004
93232003,1086,100,1,20260630,S004
93233003,1087,200,2,20260630,S004
93234003,1088,300,0,20260630,S004
93235003,1089,400,1,20260630,S004
93236003,1090,500,2,20260630,S004
93237003,1091,600,0,20260630,S004
93238003,1092,700,1,20260630,S004
93239003,1093,800,2,20260630,S004
93240003,1094,100,0,20260630,S004
93241003,1095,200,1,20260630,S004
93242003,1085,300,2,20260630,S004
93243003,1086,400,0,20260630,S004
93244003,1087,500,1,20260630,S004
93245003,1088,600,2,20260630,S004
93246003,1089,700,0,20260630,S004
93247003,1090,800,1,20260630,S004
93248003,1091,100,2,20260630,S004
93249003,1092,200,0,20260630,S004
93000004,1110,100,0,20260630,S005
93001004,1111,200,1,20260630,S005
93002004,1112,300,2,20260630,S005
93003004,1113,400,0,20260630,S005
93004004,1114,500,1,20260630,S005
93005004,1115,600,2,20260630,S005
93006004,1116,700,0,20260630,S005
93007004,1117,800,1,20260630,S005
93008004,1118,100,2,20260630,S005
93009004,1119,200,0,20260630,S005
93010004,1120,300,1,20260630,S005
93011004,1110,400,2,20260630,S005
93012004,1111,500,0,20260630,S005
93013004,1112,600,1,20260630,S005
93014004,1113,700,2,20260630,S005
93015004,1114,800,0,20260630,S005
93016004,1115,100,1,20260630,S005
93017004,1116,200,2,20260630,S005
93018004,1117,300,0,20260630,S005
93019004,1118,400,1,20260630,S005
93020004,1119,500,2,20260630,S005
93021004,1120,600,0,20260630,S005
93022004,1110,700,1,20260630,S005
93023004,1111,800,2,20260630,S005
93024004,1112,100,0,20260630,S005
93025004,1113,200,1,20260630,S005
93026004,1114,300,2,20260630,S005
93027004,1115,400,0,20260630,S005
93028004,1116,500,1,20260630,S005
93029004,1117,600,2,20260630,S005
93030004,1118,700,0,20260630,S005
93031004,1119,800,1,20260630,S005
93032004,1120,100,2,20260630,S005
93033004,1110,200,0,20260630,S005
93034004,1111,300,1,20260630,S005
93035004,1112,400,2,20260630,S005
93036004,1113,500,0,20260630,S005
93037004,1114,600,1,20260630,S005
93038004,1115,700,2,20260630,S005
93039004,1116,800,0,20260630,S005
93040004,1117,100,1,20260630,S005
93041004,1118,200,2,20260630,S005
93042004,1119,300,0,20260630,S005
93043004,1120,400,1,20260630,S005
93044004,1110,500,2,20260630,S005
93045004,1111,600,0,20260630,S005
93046004,1112,700,1,20260630,S005
93047004,1113,800,2,20260630,S005
93048004,1114,100,0,20260630,S005
93049004,1115,200,1,20260630,S005
93050004,1116,300,2,20260630,S005
93051004,1117,400,0,20260630,S005
93052004,1118,500,1,20260630,S005
93053004,1119,600,2,20260630,S005
93054004,1120,700,0,20260630,S005
93055004,1110,800,1,20260630,S005
93056004,1111,100,2,20260630,S005
93057004,1112,200,0,20260630,S005
93058004,1113,300,1,20260630,S005
93059004,1114,400,2,20260630,S005
93060004,1115,500,0,20260630,S005
93061004,1116,600,1,20260630,S005
93062004,1117,700,2,20260630,S005
93063004,1118,800,0,20260630,S005
93064004,1119,100,1,20260630,S005
93065004,1120,200,2,20260630,S005
93066004,1110,300,0,20260630,S005
93067004,1111,400,1,20260630,S005
93068004,1112,500,2,20260630,S005
93069004,1113,600,0,20260630,S005
93070004,1114,700,1,20260630,S005
93071004,1115,800,2,20260630,S005
93072004,1116,100,0,20260630,S005
93073004,1117,200,1,20260630,S005
93074004,1118,300,2,20260630,S005
93075004,1119,400,0,20260630,S005
93076004,1120,500,1,20260630,S005
93077004,1110,600,2,20260630,S005
93078004,1111,700,0,20260630,S005
93079004,1112,800,1,20260630,S005
93080004,1113,100,2,20260630,S005
93081004,1114,200,0,20260630,S005
93082004,1115,300,1,20260630,S005
93083004,1116,400,2,20260630,S005
93084004,1117,500,0,20260630,S005
93085004,1118,600,1,20260630,S005
93086004,1119,700,2,20260630,S005
93087004,1120,800,0,20260630,S005
93088004,1110,100,1,20260630,S005
93089004,1111,200,2,20260630,S005
93090004,1112,300,0,20260630,S005
93091004,1113,400,1,20260630,S005
93092004,1114,500,2,20260630,S005
93093004,1115,600,0,20260630,S005
93094004,1116,700,1,20260630,S005
93095004,1117,800,2,20260630,S005
93096004,1118,100,0,20260630,S005
93097004,1119,200,1,20260630,S005
93098004,1120,300,2,20260630,S005
93099004,1110,400,0,20260630,S005
93100004,1111,500,1,20260630,S005
93101004,1112,600,2,20260630,S005
93102004,1113,700,0,20260630,S005
93103004,1114,800,1,20260630,S005
93104004,1115,100,2,20260630,S005
93105004,1116,200,0,20260630,S005
93106004,1117,300,1,20260630,S005
93107004,1118,400,2,20260630,S005
93108004,1119,500,0,20260630,S005
93109004,1120,600,1,20260630,S005
93110004,1110,700,2,20260630,S005
93111004,1111,800,0,20260630,S005
93112004,1112,100,1,20260630,S005
93113004,1113,200,2,20260630,S005
93114004,1114,300,0,20260630,S005
93115004,1115,400,1,20260630,S005
93116004,1116,500,2,20260630,S005
93117004,1117,600,0,20260630,S005
93118004,1118,700,1,20260630,S005
93119004,1119,800,2,20260630,S005
93120004,1120,100,0,20260630,S005
93121004,1110,200,1,20260630,S005
93122004,1111,300,2,20260630,S005
93123004,1112,400,0,20260630,S005
93124004,1113,500,1,20260630,S005
93125004,1114,600,2,20260630,S005
93126004,1115,700,0,20260630,S005
93127004,1116,800,1,20260630,S005
93128004,1117,100,2,20260630,S005
93129004,1118,200,0,20260630,S005
93130004,1119,300,1,20260630,S005
93131004,1120,400,2,20260630,S005
93132004,1110,500,0,20260630,S005
93133004,1111,600,1,20260630,S005
93134004,1112,700,2,20260630,S005
93135004,1113,800,0,20260630,S005
93136004,1114,100,1,20260630,S005
93137004,1115,200,2,20260630,S005
93138004,1116,300,0,20260630,S005
93139004,1117,400,1,20260630,S005
93140004,1118,500,2,20260630,S005
93141004,1119,600,0,20260630,S005
93142004,1120,700,1,20260630,S005
93143004,1110,800,2,20260630,S005
93144004,1111,100,0,20260630,S005
93145004,1112,200,1,20260630,S005
93146004,1113,300,2,20260630,S005
93147004,1114,400,0,20260630,S005
93148004,1115,500,1,20260630,S005
93149004,1116,600,2,20260630,S005
93150004,1117,700,0,20260630,S005
93151004,1118,800,1,20260630,S005
93152004,1119,100,2,20260630,S005
93153004,1120,200,0,20260630,S005
93154004,1110,300,1,20260630,S005
93155004,1111,400,2,20260630,S005
93156004,1112,500,0,20260630,S005
93157004,1113,600,1,20260630,S005
93158004,1114,700,2,20260630,S005
93159004,1115,800,0,20260630,S005
93160004,1116,100,1,20260630,S005
93161004,1117,200,2,20260630,S005
93162004,1118,300,0,20260630,S005
93163004,1119,400,1,20260630,S005
93164004,1120,500,2,20260630,S005
93165004,1110,600,0,20260630,S005
93166004,1111,700,1,20260630,S005
93167004,1112,800,2,20260630,S005
93168004,1113,100,0,20260630,S005
93169004,1114,200,1,20260630,S005
93170004,1115,300,2,20260630,S005
93171004,1116,400,0,20260630,S005
93172004,1117,500,1,20260630,S005
93173004,1118,600,2,20260630,S005
93174004,1119,700,0,20260630,S005
93175004,1120,800,1,20260630,S005
93176004,1110,100,2,20260630,S005
93177004,1111,200,0,20260630,S005
93178004,1112,300,1,20260630,S005
93179004,1113,400,2,20260630,S005
93180004,1114,500,0,20260630,S005
93181004,1115,600,1,20260630,S005
93182004,1116,700,2,20260630,S005
93183004,1117,800,0,20260630,S005
93184004,1118,100,1,20260630,S005
93185004,1119,200,2,20260630,S005
93186004,1120,300,0,20260630,S005
93187004,1110,400,1,20260630,S005
93188004,1111,500,2,20260630,S005
93189004,1112,600,0,20260630,S005
93190004,1113,700,1,20260630,S005
93191004,1114,800,2,20260630,S005
93192004,1115,100,0,20260630,S005
93193004,1116,200,1,20260630,S005
93194004,1117,300,2,20260630,S005
93195004,1118,400,0,20260630,S005
93196004,1119,500,1,20260630,S005
93197004,1120,600,2,20260630,S005
93198004,1110,700,0,20260630,S005
93199004,1111,800,1,20260630,S005
93200004,1112,100,2,20260630,S005
93201004,1113,200,0,20260630,S005
93202004,1114,300,1,20260630,S005
93203004,1115,400,2,20260630,S005
93204004,1116,500,0,20260630,S005
93205004,1117,600,1,20260630,S005
93206004,1118,700,2,20260630,S005
93207004,1119,800,0,20260630,S005
93208004,1120,100,1,20260630,S005
93209004,1110,200,2,20260630,S005
93210004,1111,300,0,20260630,S005
93211004,1112,400,1,20260630,S005
93212004,1113,500,2,20260630,S005
93213004,1114,600,0,20260630,S005
93214004,1115,700,1,20260630,S005
93215004,1116,800,2,20260630,S005
93216004,1117,100,0,20260630,S005
93217004,1118,200,1,20260630,S005
93218004,1119,300,2,20260630,S005
93219004,1120,400,0,20260630,S005
93220004,1110,500,1,20260630,S005
93221004,1111,600,2,20260630,S005
93222004,1112,700,0,20260630,S005
93223004,1113,800,1,20260630,S005
93224004,1114,100,2,20260630,S005
93225004,1115,200,0,20260630,S005
93226004,1116,300,1,20260630,S005
93227004,1117,400,2,20260630,S005
93228004,1118,500,0,20260630,S005
93229004,1119,600,1,20260630,S005
93230004,1120,700,2,20260630,S005
93231004,1110,800,0,20260630,S005
93232004,1111,100,1,20260630,S005
93233004,1112,200,2,20260630,S005
93234004,1113,300,0,20260630,S005
93235004,1114,400,1,20260630,S005
93236004,1115,500,2,20260630,S005
93237004,1116,600,0,20260630,S005
93238004,1117,700,1,20260630,S005
93239004,1118,800,2,20260630,S005
93240004,1119,100,0,20260630,S005
93241004,1120,200,1,20260630,S005
93242004,1110,300,2,20260630,S005
93243004,1111,400,0,20260630,S005
93244004,1112,500,1,20260630,S005
93245004,1113,600,2,20260630,S005
93246004,1114,700,0,20260630,S005
93247004,1115,800,1,20260630,S005
93248004,1116,100,2,20260630,S005
93249004,1117,200,0,20260630,S005
93000005,1135,100,0,20260630,S006
93001005,1136,200,1,20260630,S006
93002005,1137,300,2,20260630,S006
93003005,1138,400,0,20260630,S006
93004005,1139,500,1,20260630,S006
93005005,1140,600,2,20260630,S006
93006005,1141,700,0,20260630,S006
93007005,1142,800,1,20260630,S006
93008005,1143,100,2,20260630,S006
93009005,1144,200,0,20260630,S006
93010005,1145,300,1,20260630,S006
93011005,1135,400,2,20260630,S006
93012005,1136,500,0,20260630,S006
93013005,1137,600,1,20260630,S006
93014005,1138,700,2,20260630,S006
93015005,1139,800,0,20260630,S006
93016005,1140,100,1,20260630,S006
93017005,1141,200,2,20260630,S006
93018005,1142,300,0,20260630,S006
93019005,1143,400,1,20260630,S006
93020005,1144,500,2,20260630,S006
93021005,1145,600,0,20260630,S006
93022005,1135,700,1,20260630,S006
93023005,1136,800,2,20260630,S006
93024005,1137,100,0,20260630,S006
93025005,1138,200,1,20260630,S006
93026005,1139,300,2,20260630,S006
93027005,1140,400,0,20260630,S006
93028005,1141,500,1,20260630,S006
93029005,1142,600,2,20260630,S006
93030005,1143,700,0,20260630,S006
93031005,1144,800,1,20260630,S006
93032005,1145,100,2,20260630,S006
93033005,1135,200,0,20260630,S006
93034005,1136,300,1,20260630,S006
93035005,1137,400,2,20260630,S006
93036005,1138,500,0,20260630,S006
93037005,1139,600,1,20260630,S006
93038005,1140,700,2,20260630,S006
93039005,1141,800,0,20260630,S006
93040005,1142,100,1,20260630,S006
93041005,1143,200,2,20260630,S006
93042005,1144,300,0,20260630,S006
93043005,1145,400,1,20260630,S006
93044005,1135,500,2,20260630,S006
93045005,1136,600,0,20260630,S006
93046005,1137,700,1,20260630,S006
93047005,1138,800,2,20260630,S006
93048005,1139,100,0,20260630,S006
93049005,1140,200,1,20260630,S006
93050005,1141,300,2,20260630,S006
93051005,1142,400,0,20260630,S006
93052005,1143,500,1,20260630,S006
93053005,1144,600,2,20260630,S006
93054005,1145,700,0,20260630,S006
93055005,1135,800,1,20260630,S006
93056005,1136,100,2,20260630,S006
93057005,1137,200,0,20260630,S006
93058005,1138,300,1,20260630,S006
93059005,1139,400,2,20260630,S006
93060005,1140,500,0,20260630,S006
93061005,1141,600,1,20260630,S006
93062005,1142,700,2,20260630,S006
93063005,1143,800,0,20260630,S006
93064005,1144,100,1,20260630,S006
93065005,1145,200,2,20260630,S006
93066005,1135,300,0,20260630,S006
93067005,1136,400,1,20260630,S006
93068005,1137,500,2,20260630,S006
93069005,1138,600,0,20260630,S006
93070005,1139,700,1,20260630,S006
93071005,1140,800,2,20260630,S006
93072005,1141,100,0,20260630,S006
93073005,1142,200,1,20260630,S006
93074005,1143,300,2,20260630,S006
93075005,1144,400,0,20260630,S006
93076005,1145,500,1,20260630,S006
93077005,1135,600,2,20260630,S006
93078005,1136,700,0,20260630,S006
93079005,1137,800,1,20260630,S006
93080005,1138,100,2,20260630,S006
93081005,1139,200,0,20260630,S006
93082005,1140,300,1,20260630,S006
93083005,1141,400,2,20260630,S006
93084005,1142,500,0,20260630,S006
93085005,1143,600,1,20260630,S006
93086005,1144,700,2,20260630,S006
93087005,1145,800,0,20260630,S006
93088005,1135,100,1,20260630,S006
93089005,1136,200,2,20260630,S006
93090005,1137,300,0,20260630,S006
93091005,1138,400,1,20260630,S006
93092005,1139,500,2,20260630,S006
93093005,1140,600,0,20260630,S006
93094005,1141,700,1,20260630,S006
93095005,1142,800,2,20260630,S006
93096005,1143,100,0,20260630,S006
93097005,1144,200,1,20260630,S006
93098005,1145,300,2,20260630,S006
93099005,1135,400,0,20260630,S006
93100005,1136,500,1,20260630,S006
93101005,1137,600,2,20260630,S006
93102005,1138,700,0,20260630,S006
93103005,1139,800,1,20260630,S006
93104005,1140,100,2,20260630,S006
93105005,1141,200,0,20260630,S006
93106005,1142,300,1,20260630,S006
93107005,1143,400,2,20260630,S006
93108005,1144,500,0,20260630,S006
93109005,1145,600,1,20260630,S006
93110005,1135,700,2,20260630,S006
93111005,1136,800,0,20260630,S006
93112005,1137,100,1,20260630,S006
93113005,1138,200,2,20260630,S006
93114005,1139,300,0,20260630,S006
93115005,1140,400,1,20260630,S006
93116005,1141,500,2,20260630,S006
93117005,1142,600,0,20260630,S006
93118005,1143,700,1,20260630,S006
93119005,1144,800,2,20260630,S006
93120005,1145,100,0,20260630,S006
93121005,1135,200,1,20260630,S006
93122005,1136,300,2,20260630,S006
93123005,1137,400,0,20260630,S006
93124005,1138,500,1,20260630,S006
93125005,1139,600,2,20260630,S006
93126005,1140,700,0,20260630,S006
93127005,1141,800,1,20260630,S006
93128005,1142,100,2,20260630,S006
93129005,1143,200,0,20260630,S006
93130005,1144,300,1,20260630,S006
93131005,1145,400,2,20260630,S006
93132005,1135,500,0,20260630,S006
93133005,1136,600,1,20260630,S006
93134005,1137,700,2,20260630,S006
93135005,1138,800,0,20260630,S006
93136005,1139,100,1,20260630,S006
93137005,1140,200,2,20260630,S006
93138005,1141,300,0,20260630,S006
93139005,1142,400,1,20260630,S006
93140005,1143,500,2,20260630,S006
93141005,1144,600,0,20260630,S006
93142005,1145,700,1,20260630,S006
93143005,1135,800,2,20260630,S006
93144005,1136,100,0,20260630,S006
93145005,1137,200,1,20260630,S006
93146005,1138,300,2,20260630,S006
93147005,1139,400,0,20260630,S006
93148005,1140,500,1,20260630,S006
93149005,1141,600,2,20260630,S006
93150005,1142,700,0,20260630,S006
93151005,1143,800,1,20260630,S006
93152005,1144,100,2,20260630,S006
93153005,1145,200,0,20260630,S006
93154005,1135,300,1,20260630,S006
93155005,1136,400,2,20260630,S006
93156005,1137,500,0,20260630,S006
93157005,1138,600,1,20260630,S006
93158005,1139,700,2,20260630,S006
93159005,1140,800,0,20260630,S006
93160005,1141,100,1,20260630,S006
93161005,1142,200,2,20260630,S006
93162005,1143,300,0,20260630,S006
93163005,1144,400,1,20260630,S006
93164005,1145,500,2,20260630,S006
93165005,1135,600,0,20260630,S006
93166005,1136,700,1,20260630,S006
93167005,1137,800,2,20260630,S006
93168005,1138,100,0,20260630,S006
93169005,1139,200,1,20260630,S006
93170005,1140,300,2,20260630,S006
93171005,1141,400,0,20260630,S006
93172005,1142,500,1,20260630,S006
93173005,1143,600,2,20260630,S006
93174005,1144,700,0,20260630,S006
93175005,1145,800,1,20260630,S006
93176005,1135,100,2,20260630,S006
93177005,1136,200,0,20260630,S006
93178005,1137,300,1,20260630,S006
93179005,1138,400,2,20260630,S006
93180005,1139,500,0,20260630,S006
93181005,1140,600,1,20260630,S006
93182005,1141,700,2,20260630,S006
93183005,1142,800,0,20260630,S006
93184005,1143,100,1,20260630,S006
93185005,1144,200,2,20260630,S006
93186005,1145,300,0,20260630,S006
93187005,1135,400,1,20260630,S006
93188005,1136,500,2,20260630,S006
93189005,1137,600,0,20260630,S006
93190005,1138,700,1,20260630,S006
93191005,1139,800,2,20260630,S006
93192005,1140,100,0,20260630,S006
93193005,1141,200,1,20260630,S006
93194005,1142,300,2,20260630,S006
93195005,1143,400,0,20260630,S006
93196005,1144,500,1,20260630,S006
93197005,1145,600,2,20260630,S006
93198005,1135,700,0,20260630,S006
93199005,1136,800,1,20260630,S006
93200005,1137,100,2,20260630,S006
93201005,1138,200,0,20260630,S006
93202005,1139,300,1,20260630,S006
93203005,1140,400,2,20260630,S006
93204005,1141,500,0,20260630,S006
93205005,1142,600,1,20260630,S006
93206005,1143,700,2,20260630,S006
93207005,1144,800,0,20260630,S006
93208005,1145,100,1,20260630,S006
93209005,1135,200,2,20260630,S006
93210005,1136,300,0,20260630,S006
93211005,1137,400,1,20260630,S006
93212005,1138,500,2,20260630,S006
93213005,1139,600,0,20260630,S006
93214005,1140,700,1,20260630,S006
93215005,1141,800,2,20260630,S006
93216005,1142,100,0,20260630,S006
93217005,1143,200,1,20260630,S006
93218005,1144,300,2,20260630,S006
93219005,1145,400,0,20260630,S006
93220005,1135,500,1,20260630,S006
93221005,1136,600,2,20260630,S006
93222005,1137,700,0,20260630,S006
93223005,1138,800,1,20260630,S006
93224005,1139,100,2,20260630,S006
93225005,1140,200,0,20260630,S006
93226005,1141,300,1,20260630,S006
93227005,1142,400,2,20260630,S006
93228005,1143,500,0,20260630,S006
93229005,1144,600,1,20260630,S006
93230005,1145,700,2,20260630,S006
93231005,1135,800,0,20260630,S006
93232005,1136,100,1,20260630,S006
93233005,1137,200,2,20260630,S006
93234005,1138,300,0,20260630,S006
93235005,1139,400,1,20260630,S006
93236005,1140,500,2,20260630,S006
93237005,1141,600,0,20260630,S006
93238005,1142,700,1,20260630,S006
93239005,1143,800,2,20260630,S006
93240005,1144,100,0,20260630,S006
93241005,1145,200,1,20260630,S006
93242005,1135,300,2,20260630,S006
93243005,1136,400,0,20260630,S006
93244005,1137,500,1,20260630,S006
93245005,1138,600,2,20260630,S006
93246005,1139,700,0,20260630,S006
93247005,1140,800,1,20260630,S006
93248005,1141,100,2,20260630,S006
93249005,1142,200,0,20260630,S006
93000006,1160,100,0,20260630,S007
93001006,1161,200,1,20260630,S007
93002006,1162,300,2,20260630,S007
93003006,1163,400,0,20260630,S007
93004006,1164,500,1,20260630,S007
93005006,1165,600,2,20260630,S007
93006006,1166,700,0,20260630,S007
93007006,1167,800,1,20260630,S007
93008006,1168,100,2,20260630,S007
93009006,1169,200,0,20260630,S007
93010006,1170,300,1,20260630,S007
93011006,1160,400,2,20260630,S007
93012006,1161,500,0,20260630,S007
93013006,1162,600,1,20260630,S007
93014006,1163,700,2,20260630,S007
93015006,1164,800,0,20260630,S007
93016006,1165,100,1,20260630,S007
93017006,1166,200,2,20260630,S007
93018006,1167,300,0,20260630,S007
93019006,1168,400,1,20260630,S007
93020006,1169,500,2,20260630,S007
93021006,1170,600,0,20260630,S007
93022006,1160,700,1,20260630,S007
93023006,1161,800,2,20260630,S007
93024006,1162,100,0,20260630,S007
93025006,1163,200,1,20260630,S007
93026006,1164,300,2,20260630,S007
93027006,1165,400,0,20260630,S007
93028006,1166,500,1,20260630,S007
93029006,1167,600,2,20260630,S007
93030006,1168,700,0,20260630,S007
93031006,1169,800,1,20260630,S007
93032006,1170,100,2,20260630,S007
93033006,1160,200,0,20260630,S007
93034006,1161,300,1,20260630,S007
93035006,1162,400,2,20260630,S007
93036006,1163,500,0,20260630,S007
93037006,1164,600,1,20260630,S007
93038006,1165,700,2,20260630,S007
93039006,1166,800,0,20260630,S007
93040006,1167,100,1,20260630,S007
93041006,1168,200,2,20260630,S007
93042006,1169,300,0,20260630,S007
93043006,1170,400,1,20260630,S007
93044006,1160,500,2,20260630,S007
93045006,1161,600,0,20260630,S007
93046006,1162,700,1,20260630,S007
93047006,1163,800,2,20260630,S007
93048006,1164,100,0,20260630,S007
93049006,1165,200,1,20260630,S007
93050006,1166,300,2,20260630,S007
93051006,1167,400,0,20260630,S007
93052006,1168,500,1,20260630,S007
93053006,1169,600,2,20260630,S007
93054006,1170,700,0,20260630,S007
93055006,1160,800,1,20260630,S007
93056006,1161,100,2,20260630,S007
93057006,1162,200,0,20260630,S007
93058006,1163,300,1,20260630,S007
93059006,1164,400,2,20260630,S007
93060006,1165,500,0,20260630,S007
93061006,1166,600,1,20260630,S007
93062006,1167,700,2,20260630,S007
93063006,1168,800,0,20260630,S007
93064006,1169,100,1,20260630,S007
93065006,1170,200,2,20260630,S007
93066006,1160,300,0,20260630,S007
93067006,1161,400,1,20260630,S007
93068006,1162,500,2,20260630,S007
93069006,1163,600,0,20260630,S007
93070006,1164,700,1,20260630,S007
93071006,1165,800,2,20260630,S007
93072006,1166,100,0,20260630,S007
93073006,1167,200,1,20260630,S007
93074006,1168,300,2,20260630,S007
93075006,1169,400,0,20260630,S007
93076006,1170,500,1,20260630,S007
93077006,1160,600,2,20260630,S007
93078006,1161,700,0,20260630,S007
93079006,1162,800,1,20260630,S007
93080006,1163,100,2,20260630,S007
93081006,1164,200,0,20260630,S007
93082006,1165,300,1,20260630,S007
93083006,1166,400,2,20260630,S007
93084006,1167,500,0,20260630,S007
93085006,1168,600,1,20260630,S007
93086006,1169,700,2,20260630,S007
93087006,1170,800,0,20260630,S007
93088006,1160,100,1,20260630,S007
93089006,1161,200,2,20260630,S007
93090006,1162,300,0,20260630,S007
93091006,1163,400,1,20260630,S007
93092006,1164,500,2,20260630,S007
93093006,1165,600,0,20260630,S007
93094006,1166,700,1,20260630,S007
93095006,1167,800,2,20260630,S007
93096006,1168,100,0,20260630,S007
93097006,1169,200,1,20260630,S007
93098006,1170,300,2,20260630,S007
93099006,1160,400,0,20260630,S007
93100006,1161,500,1,20260630,S007
93101006,1162,600,2,20260630,S007
93102006,1163,700,0,20260630,S007
93103006,1164,800,1,20260630,S007
93104006,1165,100,2,20260630,S007
93105006,1166,200,0,20260630,S007
93106006,1167,300,1,20260630,S007
93107006,1168,400,2,20260630,S007
93108006,1169,500,0,20260630,S007
93109006,1170,600,1,20260630,S007
93110006,1160,700,2,20260630,S007
93111006,1161,800,0,20260630,S007
93112006,1162,100,1,20260630,S007
93113006,1163,200,2,20260630,S007
93114006,1164,300,0,20260630,S007
93115006,1165,400,1,20260630,S007
93116006,1166,500,2,20260630,S007
93117006,1167,600,0,20260630,S007
93118006,1168,700,1,20260630,S007
93119006,1169,800,2,20260630,S007
93120006,1170,100,0,20260630,S007
93121006,1160,200,1,20260630,S007
93122006,1161,300,2,20260630,S007
93123006,1162,400,0,20260630,S007
93124006,1163,500,1,20260630,S007
93125006,1164,600,2,20260630,S007
93126006,1165,700,0,20260630,S007
93127006,1166,800,1,20260630,S007
93128006,1167,100,2,20260630,S007
93129006,1168,200,0,20260630,S007
93130006,1169,300,1,20260630,S007
93131006,1170,400,2,20260630,S007
93132006,1160,500,0,20260630,S007
93133006,1161,600,1,20260630,S007
93134006,1162,700,2,20260630,S007
93135006,1163,800,0,20260630,S007
93136006,1164,100,1,20260630,S007
93137006,1165,200,2,20260630,S007
93138006,1166,300,0,20260630,S007
93139006,1167,400,1,20260630,S007
93140006,1168,500,2,20260630,S007
93141006,1169,600,0,20260630,S007
93142006,1170,700,1,20260630,S007
93143006,1160,800,2,20260630,S007
93144006,1161,100,0,20260630,S007
93145006,1162,200,1,20260630,S007
93146006,1163,300,2,20260630,S007
93147006,1164,400,0,20260630,S007
93148006,1165,500,1,20260630,S007
93149006,1166,600,2,20260630,S007
93150006,1167,700,0,20260630,S007
93151006,1168,800,1,20260630,S007
93152006,1169,100,2,20260630,S007
93153006,1170,200,0,20260630,S007
93154006,1160,300,1,20260630,S007
93155006,1161,400,2,20260630,S007
93156006,1162,500,0,20260630,S007
93157006,1163,600,1,20260630,S007
93158006,1164,700,2,20260630,S007
93159006,1165,800,0,20260630,S007
93160006,1166,100,1,20260630,S007
93161006,1167,200,2,20260630,S007
93162006,1168,300,0,20260630,S007
93163006,1169,400,1,20260630,S007
93164006,1170,500,2,20260630,S007
93165006,1160,600,0,20260630,S007
93166006,1161,700,1,20260630,S007
93167006,1162,800,2,20260630,S007
93168006,1163,100,0,20260630,S007
93169006,1164,200,1,20260630,S007
93170006,1165,300,2,20260630,S007
93171006,1166,400,0,20260630,S007
93172006,1167,500,1,20260630,S007
93173006,1168,600,2,20260630,S007
93174006,1169,700,0,20260630,S007
93175006,1170,800,1,20260630,S007
93176006,1160,100,2,20260630,S007
93177006,1161,200,0,20260630,S007
93178006,1162,300,1,20260630,S007
93179006,1163,400,2,20260630,S007
93180006,1164,500,0,20260630,S007
93181006,1165,600,1,20260630,S007
93182006,1166,700,2,20260630,S007
93183006,1167,800,0,20260630,S007
93184006,1168,100,1,20260630,S007
93185006,1169,200,2,20260630,S007
93186006,1170,300,0,20260630,S007
93187006,1160,400,1,20260630,S007
93188006,1161,500,2,20260630,S007
93189006,1162,600,0,20260630,S007
93190006,1163,700,1,20260630,S007
93191006,1164,800,2,20260630,S007
93192006,1165,100,0,20260630,S007
93193006,1166,200,1,20260630,S007
93194006,1167,300,2,20260630,S007
93195006,1168,400,0,20260630,S007
93196006,1169,500,1,20260630,S007
93197006,1170,600,2,20260630,S007
93198006,1160,700,0,20260630,S007
93199006,1161,800,1,20260630,S007
93200006,1162,100,2,20260630,S007
93201006,1163,200,0,20260630,S007
93202006,1164,300,1,20260630,S007
93203006,1165,400,2,20260630,S007
93204006,1166,500,0,20260630,S007
93205006,1167,600,1,20260630,S007
93206006,1168,700,2,20260630,S007
93207006,1169,800,0,20260630,S007
93208006,1170,100,1,20260630,S007
93209006,1160,200,2,20260630,S007
93210006,1161,300,0,20260630,S007
93211006,1162,400,1,20260630,S007
93212006,1163,500,2,20260630,S007
93213006,1164,600,0,20260630,S007
93214006,1165,700,1,20260630,S007
93215006,1166,800,2,20260630,S007
93216006,1167,100,0,20260630,S007
93217006,1168,200,1,20260630,S007
93218006,1169,300,2,20260630,S007
93219006,1170,400,0,20260630,S007
93220006,1160,500,1,20260630,S007
93221006,1161,600,2,20260630,S007
93222006,1162,700,0,20260630,S007
93223006,1163,800,1,20260630,S007
93224006,1164,100,2,20260630,S007
93225006,1165,200,0,20260630,S007
93226006,1166,300,1,20260630,S007
93227006,1167,400,2,20260630,S007
93228006,1168,500,0,20260630,S007
93229006,1169,600,1,20260630,S007
93230006,1170,700,2,20260630,S007
93231006,1160,800,0,20260630,S007
93232006,1161,100,1,20260630,S007
93233006,1162,200,2,20260630,S007
93234006,1163,300,0,20260630,S007
93235006,1164,400,1,20260630,S007
93236006,1165,500,2,20260630,S007
93237006,1166,600,0,20260630,S007
93238006,1167,700,1,20260630,S007
93239006,1168,800,2,20260630,S007
93240006,1169,100,0,20260630,S007
93241006,1170,200,1,20260630,S007
93242006,1160,300,2,20260630,S007
93243006,1161,400,0,20260630,S007
93244006,1162,500,1,20260630,S007
93245006,1163,600,2,20260630,S007
93246006,1164,700,0,20260630,S007
93247006,1165,800,1,20260630,S007
93248006,1166,100,2,20260630,S007
93249006,1167,200,0,20260630,S007
93000007,1185,100,0,20260630,S008
93001007,1186,200,1,20260630,S008
93002007,1187,300,2,20260630,S008
93003007,1188,400,0,20260630,S008
93004007,1189,500,1,20260630,S008
93005007,1190,600,2,20260630,S008
93006007,1191,700,0,20260630,S008
93007007,1192,800,1,20260630,S008
93008007,1193,100,2,20260630,S008
93009007,1194,200,0,20260630,S008
93010007,1195,300,1,20260630,S008
93011007,1185,400,2,20260630,S008
93012007,1186,500,0,20260630,S008
93013007,1187,600,1,20260630,S008
93014007,1188,700,2,20260630,S008
93015007,1189,800,0,20260630,S008
93016007,1190,100,1,20260630,S008
93017007,1191,200,2,20260630,S008
93018007,1192,300,0,20260630,S008
93019007,1193,400,1,20260630,S008
93020007,1194,500,2,20260630,S008
93021007,1195,600,0,20260630,S008
93022007,1185,700,1,20260630,S008
93023007,1186,800,2,20260630,S008
93024007,1187,100,0,20260630,S008
93025007,1188,200,1,20260630,S008
93026007,1189,300,2,20260630,S008
93027007,1190,400,0,20260630,S008
93028007,1191,500,1,20260630,S008
93029007,1192,600,2,20260630,S008
93030007,1193,700,0,20260630,S008
93031007,1194,800,1,20260630,S008
93032007,1195,100,2,20260630,S008
93033007,1185,200,0,20260630,S008
93034007,1186,300,1,20260630,S008
93035007,1187,400,2,20260630,S008
93036007,1188,500,0,20260630,S008
93037007,1189,600,1,20260630,S008
93038007,1190,700,2,20260630,S008
93039007,1191,800,0,20260630,S008
93040007,1192,100,1,20260630,S008
93041007,1193,200,2,20260630,S008
93042007,1194,300,0,20260630,S008
93043007,1195,400,1,20260630,S008
93044007,1185,500,2,20260630,S008
93045007,1186,600,0,20260630,S008
93046007,1187,700,1,20260630,S008
93047007,1188,800,2,20260630,S008
93048007,1189,100,0,20260630,S008
93049007,1190,200,1,20260630,S008
93050007,1191,300,2,20260630,S008
93051007,1192,400,0,20260630,S008
93052007,1193,500,1,20260630,S008
93053007,1194,600,2,20260630,S008
93054007,1195,700,0,20260630,S008
93055007,1185,800,1,20260630,S008
93056007,1186,100,2,20260630,S008
93057007,1187,200,0,20260630,S008
93058007,1188,300,1,20260630,S008
93059007,1189,400,2,20260630,S008
93060007,1190,500,0,20260630,S008
93061007,1191,600,1,20260630,S008
93062007,1192,700,2,20260630,S008
93063007,1193,800,0,20260630,S008
93064007,1194,100,1,20260630,S008
93065007,1195,200,2,20260630,S008
93066007,1185,300,0,20260630,S008
93067007,1186,400,1,20260630,S008
93068007,1187,500,2,20260630,S008
93069007,1188,600,0,20260630,S008
93070007,1189,700,1,20260630,S008
93071007,1190,800,2,20260630,S008
93072007,1191,100,0,20260630,S008
93073007,1192,200,1,20260630,S008
93074007,1193,300,2,20260630,S008
93075007,1194,400,0,20260630,S008
93076007,1195,500,1,20260630,S008
93077007,1185,600,2,20260630,S008
93078007,1186,700,0,20260630,S008
93079007,1187,800,1,20260630,S008
93080007,1188,100,2,20260630,S008
93081007,1189,200,0,20260630,S008
93082007,1190,300,1,20260630,S008
93083007,1191,400,2,20260630,S008
93084007,1192,500,0,20260630,S008
93085007,1193,600,1,20260630,S008
93086007,1194,700,2,20260630,S008
93087007,1195,800,0,20260630,S008
93088007,1185,100,1,20260630,S008
93089007,1186,200,2,20260630,S008
93090007,1187,300,0,20260630,S008
93091007,1188,400,1,20260630,S008
93092007,1189,500,2,20260630,S008
93093007,1190,600,0,20260630,S008
93094007,1191,700,1,20260630,S008
93095007,1192,800,2,20260630,S008
93096007,1193,100,0,20260630,S008
93097007,1194,200,1,20260630,S008
93098007,1195,300,2,20260630,S008
93099007,1185,400,0,20260630,S008
93100007,1186,500,1,20260630,S008
93101007,1187,600,2,20260630,S008
93102007,1188,700,0,20260630,S008
93103007,1189,800,1,20260630,S008
93104007,1190,100,2,20260630,S008
93105007,1191,200,0,20260630,S008
93106007,1192,300,1,20260630,S008
93107007,1193,400,2,20260630,S008
93108007,1194,500,0,20260630,S008
93109007,1195,600,1,20260630,S008
93110007,1185,700,2,20260630,S008
93111007,1186,800,0,20260630,S008
93112007,1187,100,1,20260630,S008
93113007,1188,200,2,20260630,S008
93114007,1189,300,0,20260630,S008
93115007,1190,400,1,20260630,S008
93116007,1191,500,2,20260630,S008
93117007,1192,600,0,20260630,S008
93118007,1193,700,1,20260630,S008
93119007,1194,800,2,20260630,S008
93120007,1195,100,0,20260630,S008
93121007,1185,200,1,20260630,S008
93122007,1186,300,2,20260630,S008
93123007,1187,400,0,20260630,S008
93124007,1188,500,1,20260630,S008
93125007,1189,600,2,20260630,S008
93126007,1190,700,0,20260630,S008
93127007,1191,800,1,20260630,S008
93128007,1192,100,2,20260630,S008
93129007,1193,200,0,20260630,S008
93130007,1194,300,1,20260630,S008
93131007,1195,400,2,20260630,S008
93132007,1185,500,0,20260630,S008
93133007,1186,600,1,20260630,S008
93134007,1187,700,2,20260630,S008
93135007,1188,800,0,20260630,S008
93136007,1189,100,1,20260630,S008
93137007,1190,200,2,20260630,S008
93138007,1191,300,0,20260630,S008
93139007,1192,400,1,20260630,S008
93140007,1193,500,2,20260630,S008
93141007,1194,600,0,20260630,S008
93142007,1195,700,1,20260630,S008
93143007,1185,800,2,20260630,S008
93144007,1186,100,0,20260630,S008
93145007,1187,200,1,20260630,S008
93146007,1188,300,2,20260630,S008
93147007,1189,400,0,20260630,S008
93148007,1190,500,1,20260630,S008
93149007,1191,600,2,20260630,S008
93150007,1192,700,0,20260630,S008
93151007,1193,800,1,20260630,S008
93152007,1194,100,2,20260630,S008
93153007,1195,200,0,20260630,S008
93154007,1185,300,1,20260630,S008
93155007,1186,400,2,20260630,S008
93156007,1187,500,0,20260630,S008
93157007,1188,600,1,20260630,S008
93158007,1189,700,2,20260630,S008
93159007,1190,800,0,20260630,S008
93160007,1191,100,1,20260630,S008
93161007,1192,200,2,20260630,S008
93162007,1193,300,0,20260630,S008
93163007,1194,400,1,20260630,S008
93164007,1195,500,2,20260630,S008
93165007,1185,600,0,20260630,S008
93166007,1186,700,1,20260630,S008
93167007,1187,800,2,20260630,S008
93168007,1188,100,0,20260630,S008
93169007,1189,200,1,20260630,S008
93170007,1190,300,2,20260630,S008
93171007,1191,400,0,20260630,S008
93172007,1192,500,1,20260630,S008
93173007,1193,600,2,20260630,S008
93174007,1194,700,0,20260630,S008
93175007,1195,800,1,20260630,S008
93176007,1185,100,2,20260630,S008
93177007,1186,200,0,20260630,S008
93178007,1187,300,1,20260630,S008
93179007,1188,400,2,20260630,S008
93180007,1189,500,0,20260630,S008
93181007,1190,600,1,20260630,S008
93182007,1191,700,2,20260630,S008
93183007,1192,800,0,20260630,S008
93184007,1193,100,1,20260630,S008
93185007,1194,200,2,20260630,S008
93186007,1195,300,0,20260630,S008
93187007,1185,400,1,20260630,S008
93188007,1186,500,2,20260630,S008
93189007,1187,600,0,20260630,S008
93190007,1188,700,1,20260630,S008
93191007,1189,800,2,20260630,S008
93192007,1190,100,0,20260630,S008
93193007,1191,200,1,20260630,S008
93194007,1192,300,2,20260630,S008
93195007,1193,400,0,20260630,S008
93196007,1194,500,1,20260630,S008
93197007,1195,600,2,20260630,S008
93198007,1185,700,0,20260630,S008
93199007,1186,800,1,20260630,S008
93200007,1187,100,2,20260630,S008
93201007,1188,200,0,20260630,S008
93202007,1189,300,1,20260630,S008
93203007,1190,400,2,20260630,S008
93204007,1191,500,0,20260630,S008
93205007,1192,600,1,20260630,S008
93206007,1193,700,2,20260630,S008
93207007,1194,800,0,20260630,S008
93208007,1195,100,1,20260630,S008
93209007,1185,200,2,20260630,S008
93210007,1186,300,0,20260630,S008
93211007,1187,400,1,20260630,S008
93212007,1188,500,2,20260630,S008
93213007,1189,600,0,20260630,S008
93214007,1190,700,1,20260630,S008
93215007,1191,800,2,20260630,S008
93216007,1192,100,0,20260630,S008
93217007,1193,200,1,20260630,S008
93218007,1194,300,2,20260630,S008
93219007,1195,400,0,20260630,S008
93220007,1185,500,1,20260630,S008
93221007,1186,600,2,20260630,S008
93222007,1187,700,0,20260630,S008
93223007,1188,800,1,20260630,S008
93224007,1189,100,2,20260630,S008
93225007,1190,200,0,20260630,S008
93226007,1191,300,1,20260630,S008
93227007,1192,400,2,20260630,S008
93228007,1193,500,0,20260630,S008
93229007,1194,600,1,20260630,S008
93230007,1195,700,2,20260630,S008
93231007,1185,800,0,20260630,S008
93232007,1186,100,1,20260630,S008
93233007,1187,200,2,20260630,S008
93234007,1188,300,0,20260630,S008
93235007,1189,400,1,20260630,S008
93236007,1190,500,2,20260630,S008
93237007,1191,600,0,20260630,S008
93238007,1192,700,1,20260630,S008
93239007,1193,800,2,20260630,S008
93240007,1194,100,0,20260630,S008
93241007,1195,200,1,20260630,S008
93242007,1185,300,2,20260630,S008
93243007,1186,400,0,20260630,S008
93244007,1187,500,1,20260630,S008
93245007,1188,600,2,20260630,S008
93246007,1189,700,0,20260630,S008
93247007,1190,800,1,20260630,S008
93248007,1191,100,2,20260630,S008
93249007,1192,200,0,20260630,S008
